7012
1022
9215
5040
1794
1169
4483
5577
9252
530
3249
1229
2187
4073
833
6223
605
3304
7870
9576
1413
5606
4834
8696
2596
4160
2940
4886
5991
5020
2233
819
7119
3739
7223
6732
6321
299
3526
2522
7896
261
3765
3162
5547
1815
4551
7884
4395
5131
7819
2114
5882
9083
25
5514
5304
3639
376
2169
849
2672
1616
5722
5223
4505
7298
8595
6554
2600
6622
8238
3570
200
4429
397
6836
9907
7781
1673
7593
8381
4422
1751
5260
1907
7165
9133
5803
525
5835
4801
1912
4812
2196
2132
7871
8230
3132
7518
8203
5506
7050
2800
8803
5527
4553
8707
7922
3285
2593
1563
9485
9923
626
6090
5330
9178
9536
5232
2696
777
4840
6408
3457
3210
2639
9439
4138
8943
9637
1386
2382
7836
7629
4610
757
9801
2049
4325
5405
3476
6803
697
5760
2110
7110
270
645
4293
2
6499
133
5512
1621
2472
3993
7935
3063
8843
6187
4417
5171
8568
3125
7904
9873
9259
8301
9460
7192
6105
9769
6832
314
1520
6661
7372
4390
3419
3771
5848
3216
5250
5446
9368
8464
6442
948
2855
6269
7467
7187
9117
9822
1517
7798
8322
5861
8112
1370
2794
4586
2407
3503
6756
1435
8793
6734
9279
4448
6386
2727
3189
583
180
810
4857
8524
1649
5712
7819
1767
761
5779
3262
9560
28
916
453
6232
3612
3448
9424
2417
4876
9265
5417
8094
716
7468
1352
8966
4986
6644
4229
4297
79
6842
702
4682
554
8973
7505
2860
5823
2597
3964
4598
4303
480
2870
6264
4225
7451
8694
3883
9360
5658
6583
2402
1376
645
7918
108
9266
190
8134
4142
8932
8019
3145
6019
7858
5788
8922
9868
4486
1225
7566
9516
7597
1955
7693
8712
756
3330
6382
2371
3263
1221
8173
624
2359
9017
7900
9696
4138
5854
3817
7468
1255
7923
2805
1157
8332
9407
1994
6928
1399
5322
6190
6413
3312
1525
4624
5350
4243
9703
3508
2377
576
1158
3717
5048
6676
7680
136
3240
7351
4166
4912
2222
8525
5291
1588
3742
3910
9043
1409
1668
8974
158
228
6407
2711
2653
7324
9715
3957
117
8589
8393
6656
2216
2189
6519
2631
4301
6619
8675
1083
5437
1926
44
9960
5484
3854
5232
8473
6048
417
4703
8492
2616
2268
1457
4487
3280
6981
3220
8396
3192
3216
5456
8520
8703
9082
5948
3614
8763
7509
8651
6543
9166
7053
795
1679
9031
1259
809
178
3362
6710
421
7797
373
8208
7611
3292
6563
8231
8286
7162
9603
7583
9345
9998
9115
76
6005
903
730
4882
5533
7367
341
5376
6529
6450
2667
2151
4707
9600
9341
5375
803
8518
3998
7612
9450
8054
2626
2100
4475
7906
3020
5156
207
69
2627
4030
4432
6371
4106
9729
2945
1034
5654
8928
3432
6037
651
7460
2836
7211
615
183
6753
1504
1625
6168
7258
8201
360
6193
6561
6808
6526
3444
5843
1759
729
3874
7479
8537
2917
3203
8507
3364
6764
1906
5471
7896
5641
2364
4572
9895
6568
8718
5404
8209
8261
7171
9147
1977
3800
201
6653
783
5940
5482
2108
124
6203
6710
7741
6030
438
1391
4303
7694
3856
6157
3581
804
3097
5753
9281
7147
1690
3868
8674
6215
8391
7175
6291
1682
2297
252
992
9569
881
3631
1758
2970
7972
3531
118
2141
5225
7002
1759
853
5173
7737
4403
1786
8992
2620
2742
9462
8617
7536
1350
5063
3643
7279
7628
100
5803
664
1942
3584
6500
6749
2973
8188
1952
9891
8163
1264
8380
5706
7544
424
9483
1160
81
5738
4107
9489
7157
2556
7345
1464
8283
1719
8325
3921
6564
1048
7610
4854
4571
2813
4189
7152
2124
568
552
5971
563
630
8005
6773
2596
699
7461
4493
9226
5605
7432
6664
2925
5173
1350
5887
3153
4008
3507
4734
9174
9781
92
4672
9518
8702
9115
5569
5990
5864
2968
1240
4153
6510
2841
8393
7851
7415
9306
779
1432
2539
4317
6059
7273
4010
8973
286
8287
1601
3634
5013
3951
8265
3504
8721
439
5713
8129
3537
7299
4971
9181
2587
2929
7186
6683
9070
7153
6303
2355
9049
3736
5589
6416
2752
1673
2169
8132
5508
1237
9951
5395
993
9908
3487
4425
5120
3906
1227
4639
6321
570
5268
9186
9275
1536
2379
4738
4580
5679
8159
9171
2168
692
5145
8435
6968
3431
724
9536
7932
9707
6916
7667
748
2807
3595
8445
2173
3734
340
7855
6800
1393
417
3789
9173
4830
9417
6139
3242
3682
1846
4413
9142
5119
4871
386
8771
230
75
4347
7291
2850
972
9362
6513
8457
3609
8748
6223
2258
8080
7123
3380
2549
2205
5940
5564
3887
6474
7656
6810
6019
4553
5606
3615
6886
8397
2978
7834
6087
6003
6379
9079
5527
8898
6450
6843
1714
1481
6086
7791
8722
8166
7828
330
691
6909
1132
8842
1071
1055
1154
2430
2543
5666
6588
2859
6538
7106
7835
908
6917
9220
3354
9273
7229
3681
7145
2023
3630
5397
1613
8608
4720
9026
4943
2678
9665
7793
8765
993
5542
8678
3995
7784
2675
517
1834
6157
612
4027
6288
2429
5982
2931
2727
553
7435
2431
3926
5935
559
7299
4755
8711
7984
8961
8491
3381
7026
366
6076
9940
3753
4543
5307
3218
206
9067
9183
6640
1272
7728
9786
970
2301
2079
6136
4012
5800
8337
2022
6093
3199
9151
6083
5705
2405
3422
5363
9857
2980
8613
2043
7008
6906
5622
2377
6870
4362
4684
2778
1948
2551
257
2026
338
6136
7759
2420
5935
4025
817
7874
8149
3018
6064
9895
6911
9169
6796
5542
1931
4149
596
1479
333
3829
7281
3631
9107
2807
3096
9167
6085
6341
7453
4865
4693
2430
3735
8527
7141
143
6277
234
1256
1518
5872
2
1099
861
22
6844
3252
483
5099
9239
1348
7811
4253
5363
2814
5045
6795
9423
5760
3547
1309
8476
9574
2348
8147
567
8990
4647
9646
3018
3174
2982
4989
6357
5787
9058
5823
4187
5532
1285
6093
224
4689
7309
9202
502
2446
6524
8924
3272
8609
7322
5980
3079
5898
7539
945
8167
6337
717
5373
8624
6962
2652
7597
7964
7250
5625
8561
9112
6439
6390
6172
158
3691
6117
8973
8632
9684
139
5934
1238
7697
4509
406
8679
5939
3688
9544
2235
2443
6165
1726
2385
2352
9992
373
7317
1887
1856
9281
3159
486
3790
7209
436
354
1245
7625
7166
5637
3353
8457
2637
4820
6815
6013
8578
1153
6659
5222
8546
8827
4585
1565
8479
4156
4150
8607
2168
8531
365
7447
2045
9419
9567
2248
8389
5560
4596
5043
813
907
1986
1122
7092
464
3170
4077
1990
6851
2185
8752
436
9804
8678
119
5030
6994
8034
8429
612
898
5875
8272
577
4743
8074
685
2652
5581
5294
944
8232
7914
9254
2335
5492
5135
4233
7059
131
143
6827
9599
9919
5367
147
9296
4922
8344
8706
6896
6228
996
2053
7854
458
2180
1606
5537
1758
4748
1262
5315
7390
2673
3105
4636
8860
6235
8111
9971
1129
1935
7497
7688
421
3230
9285
9974
3115
8014
614
2652
7825
9497
8995
6152
2468
736
4785
3557
5486
3050
7269
8586
1444
8699
2188
3192
2874
3168
3405
2266
4057
694
1850
291
4573
6120
8812
7908
7419
8766
6493
8566
1954
9124
8306
3218
8333
4125
1918
6701
9863
3347
9535
6857
1019
370
7556
7847
922
6223
7959
6044
4795
8143
6027
9808
1686
786
7348
7249
699
8607
4998
161
226
8484
4831
3812
7372
6378
1330
8276
6972
8664
7109
8276
5151
537
7816
6102
4297
3957
7089
1674
7923
9236
183
2156
8139
9492
1181
2303
1465
9803
517
8863
7432
2741
7823
9570
1985
8924
25
5942
6454
8195
4874
9592
4775
2341
9483
149
2756
976
2726
7283
9608
426
6210
6778
3457
8406
3487
1004
6030
4960
8716
9754
5447
4057
4601
8437
6233
8864
8149
7331
6280
8151
8812
2312
8482
3678
1773
6949
2483
293
2265
6112
4161
3242
9192
4146
1097
734
5165
9794
2887
9114
2459
9410
1787
2933
4431
4682
7426
3183
3140
3655
6072
2467
305
5949
7767
904
6963
4110
6723
8387
6431
2769
2615
4142
4065
6226
4352
4783
885
3006
6653
8127
8050
1515
1043
7939
1478
9892
7127
4642
8624
3426
2813
4648
6079
2125
1100
4547
2326
2131
6568
483
8114
8746
3398
507
647
1640
3091
5712
9948
6011
999
4965
6479
5989
7035
3136
209
3636
5836
5298
2338
9613
1961
1466
7635
758
8349
2503
8131
8153
3290
6474
6559
1106
454
510
9485
454
1929
1220
4281
5247
4822
7641
9289
3348
2283
1263
6231
2953
2387
8770
4697
2567
1186
2845
7785
2857
7449
4355
2368
6092
4039
3609
1994
5145
2598
4951
6930
424
8249
8875
6458
5719
8423
6303
7243
2143
1122
9320
9516
7970
6239
8975
1226
247
3173
6924
6208
6999
871
2674
5414
9218
9591
7906
2017
4340
9011
5149
9475
7400
3508
866
2828
5637
4391
5599
7378
782
9447
3668
6309
7056
5520
7727
6373
4354
8784
2111
7709
366
8571
5459
5829
4400
9359
5184
439
9719
5096
7739
7594
6959
6216
5850
1231
2526
1315
6288
4253
9886
9377
8384
7271
6553
1022
4848
7175
2704
5214
6484
735
1003
2543
7379
1263
2304
9710
5350
2413
5918
7490
1479
2091
4737
1909
9715
9869
5711
9280
468
172
8758
5281
6137
4199
3397
4567
3659
3900
3183
6920
1815
6417
5281
4155
3131
106
7630
8886
496
4655
3291
8437
8317
2691
1920
1105
8548
6864
1515
9879
9270
3928
2382
2360
4269
843
4041
5963
3008
6510
6176
2066
9088
4363
8114
5972
10000
6291
9532
1546
103
3090
7409
7489
5294
6223
8771
1460
6102
3842
4736
5015
7945
1675
1262
8191
8031
6304
6677
1438
8866
9632
6157
6004
9013
5583
9811
1888
1118
1055
9901
9197
263
5247
1578
4253
1541
5760
7285
6177
6642
7113
3906
5561
2146
8029
8630
9124
9247
3266
724
7630
296
5730
961
338
4919
425
9355
8454
7956
5714
915
2503
1011
9210
8350
4447
6694
7000
5188
523
2956
1489
9565
774
8389
2744
4526
8485
3902
8494
4008
3528
6489
6910
7378
2034
4308
9543
8950
8194
7103
8546
6045
5159
2751
877
2410
9093
8054
8312
6590
927
3742
6816
1778
6908
8084
5852
6947
5341
3789
2817
4710
1348
9379
5307
5662
8093
4707
9867
24
8608
7497
8647
9817
378
4748
7332
6023
6393
5750
1450
2102
7078
2862
9751
3076
1196
7680
9466
2817
3454
4955
5785
102
7355
3241
4866
5755
6816
8119
8446
7858
5012
9531
7142
1219
8128
6386
4555
7631
2162
7128
9925
6749
6170
373
9901
838
2980
7104
7859
8123
8765
5515
5230
2712
997
7885
8709
7557
1373
8755
7036
6943
4229
551
5924
4462
7226
1516
7615
5220
5736
4022
8336
8349
4221
5849
1824
6797
7264
3109
2539
409
194
3925
3137
6125
394
8396
584
9396
4492
571
9377
6171
8097
1610
137
235
8749
3481
4873
1660
3690
928
6720
2177
2887
3711
4661
9966
5484
8010
7174
9025
4762
4278
4335
8235
3186
725
9642
2051
9732
6276
1603
6480
5199
767
9214
8292
7568
4296
637
7348
7763
2925
7272
2740
6929
5207
3190
2273
4032
9456
9417
9861
9489
8227
5900
9534
9352
1698
1376
1628
3520
108
8035
5281
5610
2374
9257
5262
1839
7570
4863
4189
2032
4025
624
2571
3390
6375
1387
9733
7491
7023
1588
8901
33
941
9844
8829
6955
4998
2662
3539
3606
2313
4410
3740
4244
1490
2965
6838
5069
3349
2348
5669
4521
7709
2662
1367
1438
1803
1701
5387
9651
5208
9902
5667
7381
5277
7669
3213
6729
9036
8646
6934
9536
9724
5600
2082
4688
3019
7439
9906
6080
6550
5014
1581
2278
962
2269
9177
9182
5868
7490
4339
9747
150
4913
1804
6314
3768
9095
6999
5838
4123
5434
6527
6469
5769
1565
56
1354
9733
8065
6896
4175
9717
7387
4649
7658
4994
157
8568
1437
1763
8493
412
6586
1177
8809
8195
2826
7069
1910
7689
3845
8796
7499
7446
3005
9793
9190
2651
3762
4635
7862
7159
5898
5949
8243
5993
5279
5505
8140
8340
1276
3608
8185
6194
3624
365
5505
8038
5589
3287
2420
6497
913
9207
7502
666
9252
4096
6955
9321
7356
7035
1525
2441
4057
9883
137
2650
9630
1023
6746
8730
2834
781
7809
3429
7902
3282
9014
5278
628
6506
9225
3729
5934
7756
7919
6230
6937
161
2934
4669
4642
693
5176
516
8784
5239
6378
6821
3835
1270
8159
7027
9310
864
4574
5100
7361
7119
9695
3467
253
9270
5087
9087
4626
2184
4651
9458
6467
8239
5357
2666
9818
3997
6726
5198
9668
3546
4301
4647
2777
1709
5336
922
5388
1871
4159
2799
6541
8933
7095
9078
6592
7972
5767
5698
2270
5127
5247
6117
8029
237
1337
6409
7178
6797
5602
4463
6381
7715
8560
3481
824
5319
1360
3290
4451
2636
173
9486
2743
6166
8246
1477
2849
8746
438
1874
6932
1301
5501
6018
533
2096
6914
9229
7654
5979
9952
6459
1803
2292
4034
635
7069
6946
7799
8212
6575
7257
2898
1345
2103
2041
3675
8978
4020
937
7318
108
7495
3980
5519
1353
6999
9095
5394
9250
9932
7117
6315
9008
8821
6410
4214
3717
6018
9220
2192
7426
1634
7923
3621
6452
2430
215
7545
2161
3791
7939
9712
7821
8423
1701
9011
3535
9378
7057
8946
8178
9752
9461
6076
8055
10000
7220
9942
1747
6535
1400
3571
1286
1438
4419
4151
773
924
5841
3455
3023
4900
4789
6234
8882
7923
9535
723
9849
294
8320
2018
3279
9046
8652
8200
6627
7572
2672
9714
2601
8629
960
9663
3701
3528
6210
5396
4868
6939
5012
6614
9252
8101
8632
6448
2841
7685
2655
3898
3224
4382
5683
7213
6594
7711
4281
7088
1784
8228
3626
3519
309
1298
7848
8695
2253
9758
1866
5136
7063
3833
7088
9688
1687
1498
1836
6358
8743
5919
9353
7486
5666
5317
4086
9628
3825
2078
7570
5233
4922
3337
4412
1077
2803
727
7177
2364
4992
6341
9791
5300
5673
9279
7180
1249
2227
1224
8536
3406
8193
5412
977
4854
8995
2402
1584
1084
4177
7778
380
250
1994
8218
1230
2146
3212
9938
6349
1037
8655
2184
9923
7544
9511
2926
9521
4801
3483
9646
6826
4476
5234
8497
6236
9355
8735
2605
9915
7500
6209
1267
3446
31
4992
109
2236
6322
783
8411
5933
2535
6252
8025
6288
9820
1772
3410
2003
1512
6344
5598
5157
2463
9545
8037
8923
386
1691
9316
2391
4082
8726
6715
2091
7095
1453
3972
1259
3069
4680
8137
9213
6220
9041
4146
4350
9896
7327
2640
3702
6284
3181
3973
3788
1641
9217
6588
5516
6929
3115
4772
1210
9395
1787
2418
2074
2931
3267
9363
8747
8101
301
4595
7148
5566
8894
5016
8611
5169
992
3241
606
2626
3886
2792
8007
625
3754
7208
4150
4573
1016
1157
6257
3439
3191
9562
9849
1689
7640
3386
9424
7616
2106
1400
4559
4431
9456
5137
8843
3684
5325
6110
709
872
4642
2078
7429
9330
1288
1762
1929
3277
8279
6965
355
5905
3664
2301
5501
2176
9514
9142
7158
3984
1975
266
4124
3647
3886
3400
4697
1436
7606
9801
9458
5417
1399
8444
3510
1946
7653
9123
6028
3493
3028
6075
7405
4873
6581
1387
8124
3254
9551
9492
3243
4553
6926
8994
5574
9249
372
796
721
3677
5154
2462
9403
757
540
5679
7805
9291
6126
3998
976
8262
849
8793
6461
2097
1445
9070
20
8909
4914
6179
1899
2905
9543
3789
5334
4554
8625
9440
8911
9561
9466
1254
571
4800
9477
9897
954
5610
8808
1315
7796
7855
1681
6283
5145
1943
9398
3468
1145
9937
7277
7090
4646
9565
1440
9685
163
2472
9468
1324
334
7125
5500
2677
7208
7911
2427
2591
727
7152
4257
477
776
115
2771
1635
4790
3507
4719
1146
7384
5416
3432
633
4906
1078
5105
3446
7502
3268
1820
3560
2281
6930
7125
5675
367
8310
8119
1311
2824
3643
6198
6876
3954
2094
4682
4610
1279
1705
5235
6108
5084
9583
610
6034
380
9268
7663
7148
5645
7810
5939
8935
4685
4876
8113
4566
7781
288
1000
4231
4190
2140
221
6016
7814
2733
5402
4595
7372
906
520
4136
6620
1750
4513
3714
4500
3814
9567
2824
2706
3565
5852
9318
2440
3073
352
8518
9798
182
4420
3716
6310
6027
3776
1551
3971
2771
6987
209
5499
5412
8019
9410
4388
8964
9820
8990
3990
2611
1263
4039
7887
7011
6490
7709
5253
427
1695
5520
7073
7257
1854
3643
4975
8964
4663
6072
4952
1768
7532
2413
7688
4278
5100
3473
9331
6741
8885
9629
6809
8194
6641
1679
6390
7778
6823
5867
6064
1417
3671
6793
1520
46
105
7805
9859
1547
8334
2682
5498
4721
9494
5110
3633
8110
5615
1432
2887
2382
7682
7516
2481
2599
4526
628
4770
1936
5660
1835
8527
7445
9289
8897
1371
7630
2573
3290
753
7983
366
6018
8249
6061
4871
9375
2990
7505
3746
7266
617
3049
3726
9857
4155
549
7476
3622
9646
2469
3635
356
9366
7965
7066
1859
7659
2233
1430
2406
340
1233
7977
8449
8757
7629
481
9852
2301
2948
2223
8152
4210
688
3480
9294
4200
4666
9035
1052
6430
7665
4415
5278
1560
1681
3545
2515
526
8889
4959
8785
1324
4792
1116
2708
1285
5263
848
6829
5710
9462
6471
8613
8959
6879
6515
559
191
7012
5971
8231
3725
7760
338
8212
1526
5424
461
8587
2304
6654
2117
2935
6418
5643
3176
9529
7359
1031
2282
3568
7363
2143
7307
5271
8296
3928
2231
7810
5056
6661
2049
4754
6561
1758
7632
4451
9395
3982
8680
7436
3997
3664
7680
3839
4152
4503
4181
9840
7817
486
7582
2308
1876
8105
1739
5363
6644
2391
8310
1198
4099
337
3738
5800
1554
3733
5328
2016
4240
229
6661
5722
2477
7282
6219
6373
6115
4267
711
8740
9670
4860
3354
600
6163
6128
3750
7338
629
7854
5829
5881
7926
1668
6007
4253
3777
6465
2963
9805
2677
3173
1263
3820
7624
2367
1397
879
3114
6982
8505
4855
8825
9904
8182
6596
4453
2249
2735
1842
6914
3802
820
1118
6641
8579
8450
1963
189
5321
8868
2459
9755
9145
3851
4260
9597
4825
5936
4650
1175
2858
205
8550
7336
7192
8354
4932
7044
3543
5
2543
1893
9398
4653
9165
3539
3542
7521
5219
6238
7301
1291
5759
6933
8225
8541
9315
6068
4011
3657
1637
3610
2208
7714
9865
6963
2109
5662
7941
6883
771
8447
2140
3829
5129
1687
7470
6112
9166
5068
445
3641
3451
1601
4485
5033
8053
1898
3566
7728
9837
4215
6807
1332
9206
6782
1701
8227
5042
7835
2550
6224
5200
7655
9872
1435
9620
8081
9481
8377
475
6012
8765
1957
94
5494
3313
8102
4145
1893
3959
3147
753
4579
1422
1312
2651
42
4030
780
8665
6587
8299
1720
6514
6307
3338
662
6042
6792
8442
9826
9440
6186
3910
5931
1691
4116
3805
519
4151
1618
6114
8785
4472
1346
29
7254
4629
8800
7787
8699
8564
6221
8685
8580
827
6381
6633
6654
7142
5688
9553
6763
3383
2017
4768
6200
5035
1765
1207
8394
9767
2028
4570
2353
3601
195
952
3026
2930
1646
6840
4182
1991
9965
8320
5933
1023
462
1638
6642
8153
504
6714
1785
3246
8960
7506
2
7468
5112
358
1512
6244
3073
7067
542
2555
2561
824
4089
8746
2276
2612
4274
6515
9786
1856
7764
1565
9021
4033
2799
9872
8039
2207
5954
5140
4082
8133
3038
7255
1436
9697
2866
1573
8402
8541
9155
3806
4856
2605
3336
1204
9684
562
8725
5604
8222
5350
9373
6417
9902
5179
8631
3184
179
6343
22
6153
4615
3798
989
5040
2227
774
3106
5059
1992
6175
3387
9815
889
4521
7043
7589
7214
8081
7768
1259
7170
1745
3634
7383
5823
2630
5376
5416
4995
5064
5952
4117
9072
2726
1220
9750
6395
486
8077
275
8841
243
63
1528
8695
1405
2459
1485
7316
981
6265
6458
6146
4200
8702
3052
8581
5265
1798
6688
976
3244
7529
2683
9728
9584
6975
5844
6259
844
3994
9983
9521
3062
500
2102
7429
5403
8357
1916
6497
8960
3599
7205
7486
2081
8263
9519
5534
6821
2600
2731
937
4919
506
9700
1767
6549
7415
408
4753
2501
3127
3808
353
2697
6187
439
1840
4781
1133
7528
1415
6808
8590
3500
6412
8212
764
7217
9378
3346
5016
5078
1643
2931
1405
2767
9974
9637
1094
8053
2540
1071
582
8379
320
5475
3297
8546
472
4113
8503
9493
8606
1341
6482
2721
6579
8041
6691
7039
884
9995
3173
541
9997
4480
8308
1490
8620
327
1495
5169
5156
6943
3100
142
8346
2772
7266
1231
1650
2328
5926
2102
4186
2902
3058
1089
6791
3692
4591
4349
5037
9347
8006
3075
470
6609
1272
5449
6990
137
7576
4097
8206
7337
1386
3014
7559
6760
9920
8595
8779
5590
8726
8432
4267
39
7010
6346
9101
8519
6275
6778
6567
6324
838
970
5770
4286
2990
5232
9043
2981
3624
2898
6469
3499
9193
4315
9095
1866
5726
8890
2046
7513
1255
1569
7316
1748
5491
9060
1374
5328
6021
9576
6617
9308
7761
4425
6797
8307
6524
229
3660
5231
6396
2666
9272
5232
8453
7136
3445
2922
9405
6537
7670
8649
9260
6712
1869
5332
8992
470
6521
7019
8519
1641
5079
6910
93
3735
8527
5966
5835
6539
5789
2177
7334
3111
6572
4857
945
5271
8159
8717
355
5130
7037
6190
3619
8259
8209
3050
1764
4915
8628
4118
9975
3848
8279
5722
6308
376
6413
4884
5255
4196
5155
1749
5876
1097
2018
1379
3143
1309
9009
3344
7500
8912
5076
1893
7684
775
5229
5355
9405
3206
4981
4784
2222
4111
1178
7987
4179
2889
1655
4792
7194
7796
7487
6725
3236
492
1955
8454
7917
5436
4505
4776
1241
8433
6479
9904
1348
9066
5609
5687
8030
3838
4297
6366
7981
3799
7357
6167
3518
8061
9443
9228
8163
8270
7336
140
8384
7397
6285
7566
3492
983
4542
5173
2516
8638
917
9001
8806
5655
5785
9707
6628
143
1559
7080
6177
3271
7287
3873
1690
9850
3666
1870
2372
5408
3037
5303
3265
9151
5483
1913
189
9874
7112
3049
5529
6304
6855
6467
1115
792
3706
6978
6972
704
7674
7376
8336
1756
8976
8940
1814
2041
5301
5519
5333
6367
3884
1047
4584
9485
8099
6475
2906
9819
2863
6331
9677
9472
3162
7418
4765
3547
7598
1368
1354
8992
7483
5184
6072
6282
9924
4784
4364
4378
5852
627
2201
7159
1660
3492
682
1680
9054
6001
1140
1755
8872
2821
2550
2187
3119
3043
754
5301
9552
7228
495
3620
8960
7198
2670
2246
7158
742
7835
6392
1313
427
327
106
4107
2290
3388
528
1076
4622
4608
5503
4136
3163
6312
1827
989
6536
1015
2753
1235
6318
8369
6482
5717
3934
678
3243
6526
1399
733
8987
3916
4755
8065
6123
7329
6217
2937
6753
4361
4492
6143
3597
41
9074
5289
9514
3389
9587
3034
3508
232
490
6254
9654
5849
9253
8505
154
2106
7842
7686
4866
1924
366
7338
7033
6050
1539
7662
3390
4902
9118
9280
318
6804
2920
8775
591
6116
8429
3472
3919
4331
6859
7180
3116
222
8099
3699
8992
7121
1778
7286
2025
9367
5916
5015
8715
3723
834
1020
4557
2250
5827
5318
5103
5760
9909
7119
2334
2303
7537
8260
9501
92
8444
3157
1607
3619
3270
2425
2351
7298
3919
555
8111
5669
291
470
1696
37
7596
5930
3595
7371
4841
2094
9629
8866
1860
5678
7671
1191
8899
5348
1684
6669
2325
6133
8125
1151
2927
8704
4906
8664
8698
3189
1344
7346
607
6728
1171
2731
4327
2621
4734
4629
8105
869
1706
3582
3520
9407
2268
1941
1860
7902
6487
2126
6937
1470
9216
5863
2704
4361
8178
6148
3802
243
7598
4327
148
8418
9585
905
866
6532
8506
4060
4781
5751
2041
1981
3516
9934
5488
4293
793
2741
7599
7884
1303
74
9311
7685
229
596
590
5950
3536
4620
9076
672
9389
4415
9666
6326
4202
8802
8471
936
2421
7703
7441
7934
4010
6182
4960
2885
4314
7271
1822
7057
3991
4942
7375
9484
7230
2972
1300
6853
5667
5043
9708
9006
9414
2284
4013
381
5324
6108
2378
4862
8320
3667
9582
3708
7285
396
7656
7637
5823
6331
5145
2926
3106
9398
7740
2031
5981
4461
4809
7645
4101
9016
4949
1983
6938
3134
1883
357
2377
5211
8684
6703
783
7795
3483
5497
761
4063
6688
6561
5226
4182
8286
9529
76
8512
4701
6216
2167
3895
1479
7266
2522
6943
7314
3684
7126
254
8593
826
7841
9221
2315
5821
84
5465
5447
6135
7983
5385
3934
2177
9620
659
7596
2188
2151
9496
1034
1604
2420
8254
8017
8818
4425
2120
6307
3040
1217
7088
489
4704
3463
9546
1985
1720
4545
1351
669
6922
7006
109
3129
57
6126
7396
2714
1558
9788
9944
5427
6539
7835
7426
1529
8269
4049
8925
9235
3553
828
6174
9091
9305
5432
8315
6312
178
8973
9238
7024
1470
4877
8621
7216
7491
8194
7693
7031
6339
5542
3429
1817
7757
5944
1869
7281
2859
4204
5979
7907
911
7922
2075
7442
7567
1293
7082
8325
6678
8740
4588
499
8550
5489
4656
8743
8281
7920
6451
3905
3181
2305
5423
9300
857
2543
2286
4469
7398
3758
5398
1147
5768
1280
6174
5589
9814
3559
1801
894
1882
9025
1868
2786
9534
7085
7986
2343
570
2169
1291
8576
5742
7043
8337
1205
9088
6769
8307
6126
1186
3986
7297
9059
7517
8812
9972
1815
2093
3010
6738
9934
5093
7252
53
5825
5565
4123
6180
6676
4105
5871
9688
7512
9500
2180
2406
3984
7299
4436
9501
8988
5621
6164
5044
7812
5021
9825
4650
8803
9579
3752
1858
2770
5911
8458
2705
4548
3463
3746
6417
2916
2190
40
4491
2103
2358
680
611
3737
7119
1870
4164
2944
1727
8383
1457
290
8115
5811
6754
2856
7997
541
9553
4005
4533
3683
3324
4035
1680
3666
8446
2811
5150
4086
5013
2082
8839
8708
8307
2365
6356
2657
9275
1284
4887
5705
6307
7939
7183
5554
9820
1956
7783
5666
9350
8911
3816
8997
4720
7373
5868
7541
3861
6265
2089
1487
3081
3678
807
224
8022
4374
1482
4891
6625
4204
7025
3939
8926
1654
1841
5714
298
3067
4153
3741
4006
6613
5717
6499
7331
7228
5371
7015
3956
7768
9896
4282
4953
2774
8486
4562
7991
7421
7805
801
247
5923
4034
7518
7396
8978
5476
2207
8484
7659
4397
5424
1753
6585
2791
2579
4920
9117
6840
1509
3878
2822
2760
7187
9610
9101
1487
5883
4183
2870
9751
2120
7585
8095
7146
8755
7583
3371
3105
8354
1576
281
498
9290
8089
8989
6920
2883
2420
7367
436
4355
8979
2385
7183
3623
2062
1644
2368
567
617
4790
5141
8215
7505
7292
4536
9317
3448
7288
2178
7169
882
8881
1061
8362
1613
3906
9841
8405
1200
6728
8107
7767
550
2744
2687
5518
6936
2190
4274
3303
4599
8865
1622
8428
1879
5998
5387
3676
7162
5288
5149
8228
2072
6552
5869
2351
8136
3029
350
3633
1267
4249
302
8411
1489
5273
15
2408
4351
9364
7938
2799
9714
135
357
1567
5521
7500
7415
4236
2955
393
2833
6300
7382
3114
6670
1260
9604
175
4525
2244
9393
5285
2975
885
4155
7138
2442
1033
9224
5634
9440
6349
7889
7114
6370
4925
2557
4959
2828
4044
1669
9778
3773
3515
8379
5351
5233
9583
8608
8703
5799
8104
9265
1102
5583
154
1158
7110
6370
3457
6039
5206
7153
3471
2959
1880
7544
9092
8162
3930
5709
508
9531
765
315
2731
1529
7453
6103
3755
4657
153
6163
1941
1597
2581
9546
9911
7163
5133
399
1802
1647
3038
6313
8800
8383
1054
6815
2035
5862
9950
3892
2777
2131
4949
7512
9661
347
946
1913
3342
3281
5784
6738
1083
8722
8195
2270
5257
1824
5224
2763
8529
6617
4740
8464
2938
8608
1334
6981
1159
8411
9310
937
6244
7252
3015
5842
6567
6144
349
8310
3042
8225
4600
9608
8704
4228
7405
4591
1375
8527
768
5292
8234
5990
4897
6499
3911
2137
2235
1159
1523
3175
6915
5090
3573
1503
3591
2129
2925
1192
1181
9917
1065
1766
5157
7163
5680
2634
8478
4268
3696
9851
5025
949
9899
5828
1506
6104
7507
2036
6519
9191
4994
8888
9302
3794
5581
9772
1047
3390
9700
1970
4359
6871
6262
1192
61
2308
6461
5986
4120
8494
4068
8437
6616
3777
5892
2704
6389
5385
8368
1226
7697
6330
2373
3682
2039
867
7219
6904
2848
6090
4427
5619
9965
993
9525
3359
2826
2377
1447
9285
1443
8941
1927
7737
2056
7574
4383
4694
817
6858
880
4176
1846
2950
391
4053
7323
1393
1319
2028
1905
1144
6246
9748
9815
8511
9330
96
1471
8160
1261
879
1616
5674
1900
368
8882
3012
3915
8102
2193
6192
878
8669
3750
5217
7670
2871
5444
2105
3068
1178
1085
352
2666
7270
5170
2188
6441
7106
5879
8290
7994
7196
9156
1221
7284
3093
4761
765
1857
9719
8072
3447
5361
5685
3198
815
2233
893
366
4725
3058
4988
7723
5654
6711
8773
5092
761
2053
6435
1550
9159
2196
1179
3851
1852
873
5948
2703
4689
1158
1443
9756
4616
8494
2839
2581
514
814
8210
4553
8718
3694
4310
98
4031
4893
4792
2091
981
7313
2719
2689
2847
9891
4433
8138
7338
3924
6893
9189
394
8834
9978
7044
3079
1167
6095
9156
1680
8085
1596
6260
8243
8621
6742
29
5792
3725
9693
7170
6540
3967
4255
7408
5215
2734
469
8999
3317
9809
8673
2337
9820
3006
1514
271
3559
7069
9931
4935
5400
6787
4953
8919
9672
736
113
7629
5633
983
7518
7682
6795
3383
687
652
8413
2662
893
6175
8994
868
2726
5236
6101
1342
9423
1565
5291
9882
1037
8487
6154
9637
1133
628
9973
2946
544
8122
2212
4411
9787
2529
8119
5932
8077
4934
5232
7176
6582
3164
8673
9171
1280
4730
5120
363
2450
4715
4442
6295
7259
3178
8154
2840
5965
1116
2350
4064
2325
779
9644
7924
5134
2807
9365
2169
1839
1855
4986
2974
4148
4049
390
9392
8730
7155
8741
9223
691
1162
5398
1781
312
1661
6123
4428
3033
8769
8995
6226
2206
6709
5707
5037
8030
5099
2511
8059
9456
2505
5340
8401
6748
2690
938
7651
5611
786
8180
2755
8987
2461
9446
2390
4960
1318
7315
560
5305
5023
2104
9371
4232
1858
1711
463
4481
2008
6754
4832
7732
5195
4825
4890
6154
2013
9347
2453
7158
967
2307
3483
4885
76
7275
2300
7435
3919
8472
5710
8565
7926
301
8742
1198
3795
6002
80
4853
3345
1699
4623
5987
7199
1639
2822
5803
3567
5422
191
1787
3209
953
9136
9708
4036
6886
4067
6856
76
1637
4410
6495
4082
4144
5100
8319
7741
4251
4231
8555
9287
174
4460
3848
3804
7741
6851
24
3013
1650
5469
8694
9420
6311
1722
48
6883
4007
7638
7238
7942
3075
7526
3740
7264
7024
8184
2300
432
5736
9319
4777
6156
670
611
7228
2146
5898
393
8404
8117
5881
2961
8596
5746
2121
3509
4173
4384
2192
1377
9422
2604
7892
3300
8484
2199
8115
3103
2048
7189
8048
6671
1031
2228
4873
5324
8752
2921
695
2649
7660
9381
5565
6555
1268
7771
7232
8378
7786
2129
4119
4104
827
3730
7364
7264
122
5253
4523
7477
3069
1891
3094
4495
4228
3611
534
4072
5089
3118
661
5784
1745
4592
7877
1759
5083
4239
6128
6062
323
8274
2694
6269
8809
5574
556
7205
8318
7132
6660
8041
6100
5993
9593
6727
7414
4189
9847
8300
8274
6579
4098
3308
3397
7151
7533
317
6934
6714
9270
5838
5946
3788
1221
8312
1524
1870
1372
7281
1867
1225
4056
584
3971
6722
4573
7018
6411
2241
1186
6249
4175
5966
6876
6908
4575
7826
4312
1459
7912
89
8884
8610
3115
7910
9832
5681
6681
5006
161
7908
1084
1571
8365
3413
6167
6540
553
3382
6195
7186
2535
9983
6999
4828
1290
2378
806
5893
3023
1422
9387
842
8106
7085
7220
303
1101
5416
6834
3855
9340
9279
8978
8387
1198
2784
7007
9024
859
7348
980
4028
2097
8071
7405
780
5606
2546
641
7433
8504
7540
1272
2043
2729
6092
1416
39
7582
6236
5710
5536
6784
5461
7311
840
893
6892
2409
4446
5406
523
9959
8733
9569
6200
6858
299
9923
3246
7782
8142
9537
4133
5217
5208
7777
8502
1183
4786
8290
3049
1694
9997
1486
8798
4769
1075
4908
3110
3707
4156
4682
5616
2382
691
9840
9978
4596
1682
2624
5535
5257
8315
4911
8039
7229
6807
5581
9988
6741
5585
5145
707
5427
3908
9096
2596
6276
7229
5272
5939
9697
290
4140
3102
5969
2472
3441
6628
3839
868
3741
4493
5626
3337
6938
6279
6448
2746
4870
2013
1431
7736
2777
9785
4751
576
955
867
645
5944
131
9439
2628
6845
3625
8043
1925
7255
3885
8342
8561
5939
2868
6287
7441
9911
4483
4940
5803
2556
5735
312
8761
8886
2343
9565
5596
4583
5910
5651
2040
1400
5053
1526
7934
2745
8476
8751
9923
7349
3258
191
249
5330
7437
7606
6695
3341
2811
1796
6018
9644
672
9007
3621
270
3574
5490
6273
1058
9384
9846
2950
1804
9668
554
9289
4142
1757
8415
7744
3081
2257
6411
9979
113
8035
1840
1015
8764
2843
3103
6232
5210
7355
3127
8309
9038
7591
6357
7760
3327
6711
9053
7996
8437
7374
3779
5833
8622
470
8878
384
7418
9968
9480
2678
3255
612
5555
6403
8250
8840
7882
659
1192
4201
2578
2424
3464
3957
8746
8301
8213
7377
590
5893
6333
8579
7773
9231
346
4310
3456
7369
1510
8734
1621
4523
2171
6871
1781
1093
1085
6186
1994
6185
9782
3166
9094
2182
3164
5727
8424
1895
1480
348
640
8689
9193
6366
4880
2538
4150
995
9798
5583
5161
6626
8274
1272
8930
6417
7100
8589
854
9504
5586
1374
4603
1857
7610
9159
1206
3332
7957
4367
1888
2230
5550
4567
679
2716
6045
3152
3555
7347
8928
3853
5029
1915
4804
4150
5866
2041
871
9027
9008
7282
6475
7362
4834
1168
9609
9965
5049
559
2671
307
3766
6289
8385
4800
2115
7913
9170
5610
7590
9416
1412
4052
6124
8076
317
1411
948
9807
791
2810
6213
6622
2668
7959
7620
3070
2401
5459
2307
9502
9778
3202
6466
3339
6766
4285
2012
2900
3510
8082
3337
1836
1399
260
4864
9396
4014
3952
1894
8142
7298
5289
3423
4516
6621
2968
9515
5188
4506
4650
4583
8810
7516
3007
5566
479
3979
3288
4041
1468
3720
4869
3081
4041
1576
7458
6336
4924
3601
5010
4550
659
2492
4429
2309
9673
1770
4274
796
6332
7268
1957
9564
8795
7408
8938
5324
7988
6985
6267
5028
584
8824
1182
4923
5506
6754
6594
7554
2181
9678
5158
5514
934
4884
5167
488
552
983
1785
6066
3259
5625
8544
8425
8346
7679
9577
5527
6137
9183
6061
4177
4980
2063
7539
3992
6706
7789
5927
3402
3350
7648
1007
1384
1069
7686
5800
2994
7098
8568
9129
6979
5230
371
905
1550
9171
4508
2837
3139
7708
8690
6512
2349
2213
7605
8681
4718
4330
832
7293
7338
557
7858
5574
4517
9644
4338
3753
4668
4975
5986
7338
6626
3102
3475
3383
961
6704
7763
1955
3462
5146
9147
8735
6006
9752
2710
2734
8209
2116
4939
6711
4784
5846
7472
8245
386
6106
3377
2082
4524
841
9858
4510
4707
7819
9755
4022
6110
3607
9906
4468
9938
254
7541
4825
2992
913
2467
8321
5137
7321
9850
6016
957
379
560
5398
1684
1796
2127
9986
8345
5590
9144
8883
7883
2584
8186
5062
1361
7895
8289
8721
8344
8186
5496
1808
7709
2959
8791
5519
7910
5599
6367
3552
6576
2197
3453
5751
31
5030
4249
4620
799
2820
5903
456
2995
5597
9256
1394
3209
581
151
6723
295
5983
9889
1284
8225
8250
9941
506
9688
188
8732
6516
6428
4638
5845
2642
8552
1876
2214
3120
146
8395
7670
293
2119
1076
4593
3918
2057
8225
9993
6343
7573
6368
9536
7935
7348
2581
3185
4349
1213
2124
2020
2863
9287
5911
2223
2211
586
7140
62
9726
2997
7466
7367
3081
8328
4231
3663
5543
1482
1143
2064
6903
2217
4866
2357
4766
599
2103
8973
815
6369
3501
3914
7183
3017
9559
376
7770
1349
7886
8208
5929
6123
686
7273
8240
1243
2102
9808
5703
5392
1113
6573
8813
1877
4179
5273
8671
9327
1400
4722
5828
1758
7573
9370
842
565
6980
6213
5976
6256
2581
4366
23
6924
4034
6859
8916
1993
4842
3750
773
1725
7021
8258
8394
6975
9484
8576
2555
9892
8330
761
359
5005
5001
6245
7954
8411
1059
5787
9619
8167
2172
2530
7581
7938
6494
2602
6994
7050
6833
7167
2915
9111
9300
1792
6318
4736
3653
6422
4397
4883
6545
520
3653
6038
7370
7465
6083
900
2867
4159
55
2859
7882
2793
8291
8584
885
9241
9923
3578
2528
5295
8229
5943
3306
1490
3721
1470
4883
8570
4590
6297
5148
263
3739
5833
7375
8525
4776
1159
6944
6678
9080
7646
3466
7002
5234
8621
7212
3745
6345
8498
5281
3342
1828
6629
8569
1774
3827
9946
4086
65
685
6242
7315
7532
4558
5812
6152
4369
637
5618
5148
1663
2316
3824
3283
2604
1489
2107
7408
4032
1873
2869
4287
2970
4174
9051
1464
1905
6220
6270
7912
2386
7280
312
7348
8128
2781
166
688
1129
2606
9532
7288
9638
2375
6019
3451
5025
752
1901
9533
9034
8678
28
9043
2335
6434
7823
5356
6320
5317
3839
3489
8770
2275
5790
6867
2497
1103
7998
2461
431
9832
2870
1614
77
6843
8442
8807
4638
5684
5361
8091
9574
4443
5819
7548
6589
853
3991
3502
6286
3226
8161
1676
2131
4881
8946
8841
3568
9836
6506
4425
7139
3620
3298
9111
4827
7377
4154
3957
8570
9112
601
7073
452
2506
6883
9647
3098
1116
7302
4806
4003
2418
1739
7942
3601
2825
1234
468
5952
3830
1337
9235
7233
8876
6614
7439
2986
4964
7386
3266
3631
8
674
4141
2925
3660
3432
7057
7938
6274
437
4466
56
3211
4201
7209
8750
7241
517
4
159
3158
5206
8338
8023
3408
9913
1610
8377
257
9597
6771
3814
4563
4835
1793
1473
726
4483
6682
4219
5743
7112
9651
8419
6783
5822
529
3376
7715
4412
3204
270
4103
5423
6709
4876
1770
1869
6747
8310
4529
3037
6638
1168
800
5053
448
9262
4684
7751
7486
5290
8640
1423
1939
7269
3822
1696
4652
1022
7747
6425
391
9568
3484
8950
13
1904
3816
7142
2252
9388
9387
6460
8869
33
6088
5295
6733
6901
6945
8595
8272
1600
3254
4151
8546
7185
3649
6783
9261
2463
9450
6379
2070
4170
1107
9581
6248
2754
2861
1862
189
4465
204
9484
4581
5764
5939
6120
9763
4648
9137
909
7504
7008
8098
9941
7775
4960
21
7818
3948
5232
6688
8366
1734
6658
8924
6121
3884
5730
9376
5772
259
3696
5391
9734
5583
4961
7901
6024
6257
1016
6628
998
7398
9165
3094
2661
6602
3309
580
8627
6707
6441
9568
3804
9499
883
674
9089
8126
6971
5409
4708
3855
4361
5617
8063
9975
8526
6944
1612
5785
6422
8039
9030
5989
9697
8762
3258
5045
4340
6742
7269
8294
3711
1214
5833
5187
2989
3873
6043
9458
1
3256
7343
5171
1238
1341
2625
8912
6625
1763
9017
4076
654
7692
8579
2305
9638
3608
3651
3514
945
518
6998
7486
2792
435
7162
7542
8574
4729
817
9764
8919
3224
816
2838
5697
8905
3828
7454
5137
1058
8461
3561
3405
3232
7073
4882
2798
2339
2639
5725
3877
4433
8155
2769
3313
9401
4992
7440
4391
2327
4330
6647
6327
6317
3375
103
7754
3650
7632
7526
891
5577
4623
1984
2199
9596
6809
628
1738
8655
6708
6795
6534
3017
418
275
4679
3072
6879
2892
2152
5922
2952
1655
8618
9403
3826
7958
3445
6190
9538
9704
6037
2683
1813
7270
9421
4941
1330
3868
8005
9279
927
6344
4126
2479
5165
1379
664
2033
2704
5635
3007
6214
4416
9356
4029
8686
4668
9664
7528
1203
2084
9308
5894
9818
9093
7507
4476
9971
8736
6708
1650
2724
337
7539
6755
6509
6404
966
3183
5740
8481
4923
1707
192
9079
9730
5820
9039
7949
3731
354
6039
7179
1525
1099
9428
7196
184
1226
6770
1435
5278
6285
8830
1183
1464
1391
3560
8578
8333
3052
9301
1116
3333
6718
220
7353
7054
9187
1997
7434
3023
4638
227
7486
4007
4676
2191
7661
1977
6702
5703
2842
3637
5674
9631
8689
4028
3097
6094
4822
435
620
4953
3476
2528
1025
8723
8019
3412
3239
4589
1365
691
8356
9519
3271
7602
5014
5372
6812
5087
3416
3722
8683
8808
630
4338
6197
4287
7005
1869
73
1270
1902
8673
4839
6983
9683
8926
6120
8034
6962
9101
3059
5515
6449
8734
6635
5713
8030
9019
3128
4308
3826
5216
9216
3021
1439
8096
7120
7801
4781
4649
850
7275
2144
3265
8124
3389
1982
3367
7930
9554
5905
9462
7647
9042
5484
1779
8099
8509
7589
8032
9160
2801
5180
2426
4488
2150
8964
3894
9504
5183
8998
6526
7746
3119
7359
4253
9529
496
9719
3492
2957
2025
5374
3399
7500
9244
2131
1181
1100
2792
5788
1234
7600
2103
4672
1838
1288
8648
6498
6727
6706
9470
1388
8324
3798
7509
3173
8000
3011
3876
3470
2436
3389
9344
7713
2635
246
6570
912
8313
4057
9799
7873
2515
1681
1670
6372
4138
960
8866
7835
3683
4419
9867
5742
7489
7708
2443
9907
4313
1055
3366
9929
70
7302
2295
7778
4412
4137
1758
7049
9041
3944
21
4084
6572
3477
9594
7010
5189
7724
9312
4470
9223
3309
7494
8612
4122
3861
3512
1429
4735
6838
3228
631
8333
7312
6798
3875
1411
6037
1907
7690
7456
7217
7936
9303
7025
1973
1358
4919
3295
441
7605
7377
434
4658
2708
9840
3520
8378
7316
1291
331
9227
2502
4886
912
6165
8841
4423
8276
5476
3045
333
1840
6984
7253
7657
2460
6252
2824
7629
3728
9219
4046
4862
3590
5256
9242
5116
39
6691
1012
374
3674
4614
308
8155
9464
3056
4872
8504
2619
362
6737
4266
4582
6678
3603
5943
3641
5356
6059
3924
8999
8767
6312
5822
881
2901
6372
4975
6031
3749
4233
1083
8255
8346
2687
313
314
162
5381
8431
521
7187
2377
7080
9834
2984
9729
5310
3848
9176
1597
4232
4130
8460
1162
2385
8511
573
5859
8594
2304
4806
9830
764
5614
208
364
3600
4590
9915
1098
3354
3094
7146
1051
9055
4393
7922
5606
5474
6468
2983
1233
3259
7158
8378
3319
8429
7839
3408
8479
1851
9549
8790
8404
6341
2498
5639
9512
7446
1055
7760
3846
7062
352
9878
6419
8184
1112
9623
8058
9447
4455
8831
9509
5227
1872
4865
2032
323
8067
9782
9464
8739
5335
9281
2682
5878
5236
3241
2453
9197
6782
5830
298
39
1795
6966
5448
553
7831
8777
4804
2730
611
4963
6459
6600
4704
6817
1658
8761
5500
5436
2252
1862
6300
533
6762
5293
2152
8071
1080
3627
899
1267
3148
4783
8208
4765
2328
664
3261
5323
3254
4871
2417
3623
4442
6019
9490
5729
8582
6311
3367
2375
5146
770
5532
8482
4979
6361
5975
4444
6355
4368
7431
679
1874
7738
6740
492
9603
3833
4157
3225
3331
4739
6756
644
8127
4235
5598
7003
6461
6785
8530
9176
2690
5070
3821
3941
873
4146
5870
8186
769
3808
2609
525
9301
4169
6582
6629
2233
5189
2495
9043
3263
2804
1048
9396
2992
8808
2569
5273
7587
1320
1442
2237
5559
5064
8757
94
8607
8928
516
5452
584
8373
1010
6233
1138
7645
2529
8686
1372
7401
6252
7009
2643
6435
9007
9920
6824
5177
5934
21
9814
9784
2401
6282
1247
1789
8603
7176
7732
7250
7642
2781
6463
3272
2936
7134
8085
8069
5851
9915
1370
2292
5984
4180
6213
4535
5167
2914
657
4770
2408
9666
4397
4133
8550
5499
5436
1660
7257
9592
2207
6979
3419
6733
4571
6207
9787
4718
4792
9299
1493
207
1544
4
7853
3151
1530
6782
1103
2571
9039
4366
3600
3913
8859
1791
4947
9608
2624
2289
138
6856
733
9381
943
1192
8511
8806
8609
4110
6480
2539
2489
1406
3173
8944
4951
7102
2322
1639
1637
1000
4100
3467
2574
5367
718
7159
6221
2567
7928
2429
604
9708
6232
1146
6387
9134
8642
828
3580
652
7731
739
5563
3417
1261
6428
4232
6212
4228
7291
3542
38
5744
4179
2190
2245
2854
7562
3625
4771
4272
6835
8144
2254
1847
4465
9711
9001
9126
3368
3984
9878
9815
3112
7919
2312
1712
5677
9917
438
1745
5755
3665
3341
550
994
9855
6503
885
1348
1897
6009
7503
8448
2579
4755
5820
3851
1764
8387
2953
7796
6715
7598
8554
9581
9322
9285
2638
1737
7607
3661
601
8786
1853
5644
7351
3105
8712
9733
3529
4667
3776
2848
5660
5307
2539
1017
8098
2811
1768
3440
2341
4768
7092
652
1529
5631
4247
5018
6886
2059
5447
387
4477
7183
3672
9254
9838
1648
2986
535
1059
3652
6990
2525
3472
4774
1319
4271
7116
4772
3569
6530
7034
581
1590
6796
5541
5106
4687
8250
8609
1301
3553
4703
1921
500
6517
164
6393
839
5948
3959
7931
9090
7120
1808
8105
2823
7383
6147
898
2529
3472
7330
9395
2092
6416
3300
1361
9418
9303
1939
9053
5257
3734
6409
9266
5571
2701
7712
1502
1651
9540
6573
724
9480
6490
9881
8647
6515
6111
6528
5960
7189
3835
5076
7256
4429
277
8876
3152
7627
2280
7128
2475
2197
2199
2120
7184
8123
3824
710
8585
6807
5842
8252
560
291
8934
2454
2826
1412
7866
1733
7588
797
1306
2932
5687
9662
927
5785
2725
2966
2182
1547
4724
7493
356
5387
9749
1622
7334
3258
4163
4941
508
6924
1995
6176
6034
1975
9595
3789
5128
107
3270
2597
4299
456
5833
5813
5770
7292
2863
3545
6573
7540
8620
4708
5076
3975
2744
3703
6283
1551
6531
7668
7784
1922
6619
4972
808
8439
7151
859
4403
4681
2834
7039
1137
2440
5464
1624
3436
6171
577
8691
1483
8340
3758
4673
9475
9930
5723
646
57
6626
2268
3365
4344
7213
9268
2660
4226
723
2683
9731
4274
9732
2378
6950
8789
2417
5006
6728
4781
239
3423
2426
111
8947
2097
9962
9879
2329
5496
1256
3430
8870
1743
2814
6617
5436
5838
5480
678
9232
8355
3076
6851
822
625
6134
1697
5617
1070
3584
104
3385
105
7967
5249
1538
109
9839
2100
214
9715
3898
3457
5737
861
2420
2091
1653
8019
591
8998
7619
3187
9412
8425
4221
9527
7951
1156
783
6023
5204
8639
418
2146
9841
4811
4170
9692
7605
6580
9721
804
7959
2829
2425
7513
1678
4964
4629
860
4252
3588
6826
2098
3174
7446
2237
8575
6515
3095
5275
8356
6150
7870
2811
2352
59
2374
8940
6458
3207
3991
5122
7259
287
7645
2136
6364
6298
2168
847
6010
177
9798
6984
3105
9549
4049
3437
8769
1085
3880
2396
7660
3323
6486
7935
4269
6820
8611
8771
9989
4633
5053
9457
2481
5868
8713
9413
4151
2559
9572
1950
2259
1279
1376
8655
1995
2031
720
7578
9701
7888
4881
8187
8038
8
2058
143
4017
1341
9638
3704
1463
716
6879
4022
972
2058
4904
2602
5408
9180
2182
9247
9762
9838
5115
3796
8966
9804
4536
3468
5468
6174
3946
9643
7048
9146
3661
448
8456
8179
1455
748
389
6489
9936
5407
6392
6341
9250
6136
7495
5667
8914
3483
3294
1896
487
7448
78
600
4933
9213
7609
526
7160
4588
5075
7368
3501
9464
4175
6047
8988
5078
7521
7225
777
5873
9638
3168
8050
4852
5292
6989
200
9012
9775
5890
9414
5832
4319
3291
302
5864
3692
8041
7211
824
1664
2573
1502
7707
9154
8926
573
89
6556
7916
2436
9909
2388
4372
8607
9772
9943
7086
8252
6608
9475
5937
4084
137
3373
6551
5395
4122
5414
7920
6088
9410
4460
5301
3509
6747
6265
4442
8768
6532
8251
9531
194
2784
4397
2410
6870
9135
6900
2668
3192
9359
3926
9743
5850
3418
1065
1611
385
404
344
3037
6617
570
9384
8459
4037
6862
2994
1755
4485
1999
644
162
5692
5407
1202
3927
6048
3472
2506
6387
3748
2036
8261
2560
1149
1740
4508
2488
9772
5736
9727
6345
4090
57
265
8021
8310
8499
5446
2005
1751
2253
632
1828
866
9500
739
7195
3302
2392
7476
7150
1681
1975
8111
2624
7513
4301
2018
6383
3041
5697
281
2818
3840
9540
2236
9842
5855
9328
4200
5538
8824
5333
9642
355
2532
5896
2709
1963
7228
7994
3941
6824
8091
6397
9837
9046
1860
4748
7180
6342
3137
2750
9550
8673
4193
1183
5634
5300
3807
8753
2427
3975
2089
9740
160
1766
8892
7257
716
5425
6531
3778
4514
1149
2788
9820
773
8839
7398
5642
5422
2079
4047
6914
2141
4011
5603
8187
8192
5691
6821
2235
2330
325
3155
9820
521
3131
8351
4927
7063
3146
7334
1615
4681
2515
248
403
5216
6506
8224
776
5719
8362
9089
8320
6438
2125
7205
9789
9154
6021
7988
5481
7658
530
3610
5993
959
5986
2306
9688
2298
9105
1108
871
7191
6039
5144
8262
3367
3493
7313
5669
887
3398
7853
9898
8775
4704
9470
7473
5406
6346
549
31
2991
1782
2434
6517
5644
4618
5873
4636
697
730
1626
7066
7654
6505
2820
716
2021
3962
3719
4281
4424
3623
2241
1731
2560
5008
8605
6785
6368
815
7677
1265
3847
3619
7534
7448
5121
3546
6652
9258
7845
3062
9093
3965
3879
409
3462
3664
5045
5601
2901
5873
7845
3459
1416
2466
5737
6678
2477
4042
2784
9745
9151
1450
2178
7104
4599
289
9763
4687
9747
5083
5532
1175
5929
6417
8051
348
6720
5318
5258
2732
9532
7317
1176
7183
7137
9602
3875
1439
5804
4572
8308
6861
3323
7079
3059
389
5974
8074
2522
3676
5860
859
3337
4783
7515
7244
6644
436
2762
5642
35
5680
2129
7816
9655
7116
925
9025
7470
4402
9111
4012
2253
1291
2611
2935
2959
9029
5418
201
7888
6062
6368
4719
4320
4703
704
5567
2399
8065
25
8040
3030
2321
9293
1833
8493
7893
951
2277
8787
582
7141
4643
9363
1124
1869
642
5490
3483
1349
613
1557
6967
6389
2626
9823
9735
485
7934
5897
6204
2075
1804
7796
6678
9518
4444
1372
1592
8607
4371
8411
8317
3232
3020
204
6750
7571
883
7895
7907
1014
1985
8832
4806
5653
7209
6383
6910
4238
9488
6579
5837
6730
3659
2028
6027
4926
8017
1538
994
2129
8843
9194
5820
3540
7344
6421
2973
5054
8736
5760
6356
5830
2851
7353
6286
4657
3032
1983
2777
314
8630
4626
8406
2626
7712
1304
9758
7651
6328
9520
4266
8504
7566
8246
7636
1212
1566
3080
7122
6216
4823
474
8336
4064
4662
4933
7621
9907
4296
1997
5405
4764
9166
6153
8234
703
7817
2994
8725
9951
8489
2944
3100
3296
6175
7486
3107
4157
3432
5660
4516
5452
4567
3835
2496
4160
2959
132
9300
4355
6571
3017
2148
9002
2930
2971
1708
9501
8688
2690
5856
5221
9880
7001
1170
163
6998
3878
1617
3170
4671
6905
3246
5236
6613
3998
5041
8841
4907
1932
3300
1327
7435
1462
7226
3833
8755
2078
4400
3189
5120
464
6606
9645
6900
4636
2038
6398
5213
2157
363
8091
5497
204
3081
6983
3301
1765
4248
4638
1687
140
9063
5539
4810
9302
1657
965
4605
9993
6576
6889
7664
7053
5026
9819
2400
8634
1518
2037
5224
679
674
8421
1595
1746
5647
8536
1210
4653
8246
2114
5759
2585
416
2764
4318
6465
7787
2897
921
670
1464
5367
9910
9775
5793
4132
4212
6915
1576
1928
6500
1081
1195
6630
456
4064
332
1614
8830
5770
9034
5240
915
3129
6726
8219
9595
2823
2294
4798
1270
5547
8742
5121
5018
6960
3627
5203
3851
9645
7003
3625
7474
8198
8555
5034
7238
9166
7413
1428
3807
327
2488
2198
5285
4809
5623
9419
9666
5039
1908
5102
5759
3715
7594
1156
8170
1208
6273
2807
2809
2048
5898
695
2962
6113
6336
4648
5237
2477
1011
9441
4758
420
6695
5569
3097
4670
2850
5655
9531
319
2491
5671
4977
2181
2233
1598
8081
4733
9711
4344
6307
6647
6597
4373
1174
7271
5563
2556
5373
8947
5273
637
9211
4756
9256
8873
9268
1545
3764
2492
457
3853
8679
1769
2815
2069
8136
3803
9954
4208
3865
377
1599
7066
2422
4647
399
7358
9470
595
4275
5184
1193
8961
545
3895
2905
7744
936
8764
5111
1353
1227
8966
7966
2983
2022
581
1548
7941
9817
9725
4587
9483
1432
1734
9466
3720
6274
1972
7737
1024
9550
3550
3464
5590
8930
8773
9820
2160
2712
6764
408
1288
1786
1435
7094
2957
8066
9152
2462
336
8206
8892
9771
4881
9941
8481
8672
9915
9623
3426
7484
9439
3104
6316
7223
4394
2405
4864
1646
9178
6241
1295
5682
7557
9292
6424
6647
9149
6262
3283
2420
1327
744
4994
9756
9975
3509
2193
5741
5808
3270
9278
7405
6837
9431
9410
3932
9048
7560
5929
8841
2679
5826
4509
7280
40
8762
8329
6144
174
3523
5696
8069
4689
8744
7027
3871
9482
2153
5142
1985
8170
2386
7538
489
8923
6277
7517
4209
3331
2643
8902
5959
7663
1366
8747
60
2995
506
5907
7781
3553
435
5490
4366
1129
3473
4445
5333
286
4513
8194
7288
3666
1646
6284
2804
6098
4891
8262
7502
6114
1325
3970
8915
3724
3478
6646
6684
3391
6598
3894
4362
1788
9224
1976
9176
5492
8394
4483
7720
9028
2268
7142
381
1124
8615
4578
1421
862
7188
5629
4962
1306
9552
6414
2129
6100
7942
3723
9991
9380
261
4019
6902
2711
5942
8994
4835
8636
7419
6262
6583
1863
9575
2255
1201
6010
5173
8237
7393
600
5101
3482
7127
9690
5186
5077
3407
5925
8303
8386
6156
2023
5571
3553
1181
2542
7716
4603
7284
1259
2379
8775
5968
6582
6249
1763
8246
3099
5400
1088
449
2938
2255
4027
7989
3184
5193
7755
4307
7650
2127
7051
7906
8605
1674
1845
4876
7726
8539
1545
2821
7940
5917
3448
6706
7549
8855
879
5562
408
5507
1651
7619
6680
7043
4261
6624
9620
6035
8923
9925
7403
5860
1280
9714
7852
6737
5763
5181
1504
678
9717
1240
8224
3955
1867
5335
7773
4807
4522
9042
6958
6556
1317
8025
1833
2880
2622
3577
160
55
6505
5916
2036
1846
7822
8861
2043
3606
474
8863
4708
3397
8758
3455
2935
8438
7782
1964
9036
7979
6036
8097
9363
9769
4244
8722
2804
30
1000
5691
6557
8011
1006
340
1525
2900
4405
5903
8895
3566
3713
635
9869
9750
8426
5353
4539
8435
6772
694
3112
2816
5236
5623
5659
3457
6083
9718
3493
9140
6410
8054
2467
4462
9634
9082
5282
1833
7876
3354
7787
8785
3822
6886
5204
811
644
7512
6545
2555
9314
8151
686
4518
156
7899
9973
3863
1730
2165
2966
7149
2852
2551
2309
1082
3797
5722
6670
1570
3981
9918
5203
1138
948
5463
4233
5271
2156
6941
7246
1465
850
3756
6457
7884
1132
2112
1395
9071
6966
7935
9081
8904
3253
2397
7652
2791
1934
8381
714
9158
2867
4413
8579
739
6081
6395
5132
1443
2903
4421
7886
6702
5571
1938
68
8022
6053
5099
8892
8505
8549
838
7754
9422
6384
5112
4072
6559
5799
7154
5546
5586
7674
2828
1639
9905
333
7715
1687
7018
9228
6509
670
225
8670
5243
5029
6246
439
8562
81
5997
7358
5437
6532
3934
5326
6920
5460
1248
7989
6267
5127
6482
4180
9693
1234
4083
1855
9661
8953
6950
7282
9828
8059
5100
9188
4165
2897
470
9208
3526
6052
9896
5154
8011
648
7882
7658
7374
2060
2110
2547
5711
737
1797
4168
7433
1856
9045
70
7518
7770
1447
8794
7738
444
5334
1757
2013
7240
8716
1635
3798
3132
6311
1258
2076
7488
7466
3338
3328
3973
5615
8347
9230
4353
5134
8844
4760
8865
85
9542
1907
9068
5081
8805
9121
8280
6539
7503
5301
8654
1191
5263
8466
1305
6119
375
9694
5206
7351
6924
9294
9719
3656
5212
5108
3706
9152
5455
7064
9077
9405
8613
6633
4653
5024
6277
6074
5650
6532
7789
183
7435
4345
7070
9219
8397
5586
6534
2259
7104
8633
8978
2561
4905
8160
5270
9069
6381
2094
8965
4396
1779
4947
4891
7484
8845
5559
9699
4333
5413
6877
7573
8664
6456
3358
5753
7735
2002
8231
5358
9711
9161
6919
9445
465
4777
2539
5615
9740
8820
7778
6794
3464
1506
576
1249
2089
7649
236
6485
1117
1602
3779
8460
8394
2218
1909
6458
9707
7888
2258
6199
182
778
1427
8872
4574
7308
5265
1008
9407
2093
9174
8667
365
1978
8288
2409
5290
4254
3886
9472
4125
2960
5984
8956
7326
1862
1624
8966
4885
9413
5973
1595
6739
2748
1623
8535
8813
2329
9358
1823
4221
8795
6381
3673
6937
9608
8939
340
9580
2212
9957
7921
9956
2322
2229
5189
1935
9823
8926
5996
2114
373
2288
3051
8944
1245
9366
7033
6977
3509
6208
7046
3018
362
5352
616
4942
9182
2138
77
4347
8904
4259
7946
3924
6377
2220
9134
3730
6752
3166
6351
3420
6917
2978
888
7886
6239
4573
6899
8811
5944
8592
7466
1466
6716
3403
7872
7576
563
7589
69
561
4866
2038
4682
9698
1519
6998
6022
4756
8052
4417
4198
7961
4545
9198
8759
6377
3606
7309
9693
4373
2842
1527
7512
9836
3785
7725
7973
6602
1955
5839
7868
8495
7923
9244
1949
1643
8630
4505
4364
8588
6337
3751
6614
3852
18
5897
6794
3605
224
7224
7689
7208
2248
777
2487
4832
5378
7798
1822
7704
953
7444
1185
3134
8186
8684
255
7050
5671
9985
9671
3068
6861
3094
3768
6548
8735
9653
9987
232
1817
1341
3981
1133
4140
8730
1227
9088
5389
2852
2988
8302
6527
8621
5538
7735
4075
6409
3185
3284
3263
7488
6080
4914
1487
3430
3092
6851
3372
3183
7567
7793
3496
5574
2418
1179
5848
508
9953
8735
515
4406
8666
1352
4394
5713
8825
1380
8665
9123
8636
7434
8673
477
5028
8593
7518
8333
9489
4071
2447
4312
2798
5281
6680
6303
9025
7329
8302
6115
1582
4100
2964
3174
9232
9453
3638
8676
1583
2499
3393
595
1887
9966
2898
5208
6339
5860
9806
7554
7303
6041
9858
5540
810
4467
4314
8698
3942
4631
4319
8956
7768
5133
4326
8758
7472
7152
3312
5581
262
5898
2294
5211
7063
8215
7375
9146
3871
9068
5524
5243
1081
5805
8412
4300
7117
7143
9868
4663
119
638
390
5705
994
5832
3814
6889
7274
5621
3898
2225
4913
8146
865
3459
4280
8129
5804
7760
5139
4616
6318
8246
983
3950
5206
9273
5949
9879
3322
2325
5986
6806
6836
9003
1068
1495
8792
4229
2492
7574
8135
1195
5034
6539
255
7801
513
8869
7883
2066
6515
5943
2451
7384
9842
1017
2560
9157
6953
7185
1533
6535
7147
6145
1510
9318
10000
2779
6273
4584
2162
6061
34
2029
7084
1130
7652
6553
2145
1283
9861
6545
1545
2090
612
5154
6327
7073
4292
2121
816
3303
4835
9495
794
9354
2335
2518
3271
7711
9099
6743
6951
6522
3812
5112
1547
7705
1708
5051
2641
4715
5035
2675
1928
9009
677
9569
7774
4381
8533
8454
5744
4555
7007
5128
744
1392
3646
7452
6916
1374
8862
5146
2222
8209
1940
1618
4844
3794
5145
3765
4305
3322
3882
6099
3414
4130
9090
2482
2447
7626
729
3498
5165
4024
9460
1387
8334
2600
1669
8095
9356
6346
4972
4215
8212
1256
3889
4708
1808
8145
8580
3233
6837
5002
1160
6170
4697
1519
4901
7908
4368
527
9887
9908
9281
415
5762
6320
3322
9808
1356
3678
8006
944
4612
3709
3261
9636
8356
5211
4101
6594
1741
1641
520
5709
6671
1486
3544
3475
1249
6307
3078
6322
1296
6379
6194
2706
1214
2528
3930
4440
5335
1964
3812
5006
9921
4911
8620
9900
2280
6399
8936
4296
2730
1883
6462
2989
1855
5164
3955
1731
9137
4326
5702
5857
6349
6183
5688
256
5015
3601
5169
8383
8801
1147
855
5224
2324
3414
7899
4085
198
9126
5845
8048
4860
5471
3967
5541
3538
5782
7700
4050
5726
2298
8214
8517
1160
7915
3481
9124
5267
9160
2223
6382
9835
3360
2750
8777
4797
1559
5985
23
1912
3709
3276
7716
8678
97
6053
944
4574
8368
5573
9096
1378
2177
7233
4200
9851
946
2188
9130
4871
8406
7498
7221
1735
8827
5296
2181
9545
6308
5669
8583
9834
689
6398
6346
5503
5014
3928
7075
519
8569
8393
5891
7624
4340
1019
6687
7150
3463
6431
321
7810
6999
469
2282
730
5692
7837
7254
5376
8288
318
1639
769
9688
888
9522
4861
8435
7674
7640
7561
1912
4260
9627
8325
6529
4933
4920
9911
4275
9419
1114
1832
771
8465
750
9601
7334
6619
6163
4648
1490
4814
289
4218
9727
9226
7967
2581
3153
3855
2539
8229
8439
8490
8368
1134
1453
4689
379
2558
7406
1158
2860
3782
1912
1354
3425
9554
7416
6944
123
1143
4909
4528
8800
428
9728
79
9388
7935
4080
9630
3184
6098
6082
451
473
568
98
9483
351
7921
6600
7239
453
7898
4957
2652
1246
3044
7875
3748
794
5012
8447
7814
5323
3893
4861
6606
8754
4300
9865
4618
4622
7379
3408
2937
8674
3500
5651
7007
2958
9245
5708
2681
5756
6921
9945
8817
7180
1909
1117
9262
2415
5946
1676
9619
9456
2883
4245
7155
2388
7478
2331
9815
147
9609
1567
8996
556
8329
2411
1362
5339
7853
7141
8555
1368
7197
8502
2830
5520
294
7942
4608
6861
8894
7717
2658
7051
8170
6512
3035
4616
6207
676
6027
6592
9671
3358
6360
1196
9101
6567
6557
1221
7285
3525
1811
7698
8629
8677
4331
2452
1270
3117
7537
6967
5916
7521
7862
6641
2478
5702
5467
5791
1039
8194
4581
7900
1904
8839
84
8643
1604
8850
6475
2742
9093
822
3041
7446
3249
9076
9531
3286
3596
4585
6837
2673
4516
6811
1610
7121
713
1130
2707
5989
7767
4017
9522
6770
2400
7256
3637
4788
9514
6023
845
330
2599
7596
6153
3764
4161
3342
4641
3708
1935
2492
3770
1201
4191
9651
7475
6790
3792
614
170
9763
2205
3029
6271
8997
9753
1373
780
6163
3904
3412
1843
2990
2123
9106
3976
3761
7106
8053
4042
1950
1331
791
8170
5974
6448
126
4585
5565
4533
2891
3956
4193
9915
3344
8876
5065
6528
4653
4937
2283
7237
105
6753
6799
8282
5468
7177
8199
323
8440
3068
9799
930
9203
8275
3204
1501
1896
7874
2405
7891
6448
5811
4877
3056
2985
5992
1220
2558
4600
7159
8806
9742
7709
2119
9574
4239
8398
6371
7179
1215
3667
3322
8090
5804
8563
9204
3015
1345
279
2591
3003
6248
5319
8214
268
5003
2621
452
1957
847
6962
7947
697
5281
4306
5408
2747
3326
7767
3336
3256
7892
2004
9324
3275
9782
8835
7659
8518
1004
656
3121
1485
8173
5946
9777
5099
2081
7420
4553
8246
9408
6551
6347
4494
9695
9835
2997
8828
6573
9539
3623
6167
9456
4845
192
6202
5117
9146
5679
7643
3416
5240
5181
1941
4593
1960
2142
8469
8366
4996
2836
2875
3774
8784
144
989
1729
8235
8611
2519
5438
5149
2066
9090
8630
2830
602
9489
2744
5129
2845
476
3346
5266
7421
3063
3569
6089
390
7615
2689
7787
549
4695
2846
4720
6041
5760
5962
4807
450
9631
8377
893
8903
9685
1982
2849
7225
7211
3341
6664
6489
1775
2719
4823
3085
3710
9842
3186
4114
9797
7368
8961
4034
1735
6122
8279
5283
1377
8039
3578
5201
8916
719
9637
8349
8994
4060
7240
6266
8343
731
3109
1459
6172
2828
6499
2554
2117
2568
3579
9698
8344
3766
2121
7344
5048
6992
4777
8542
3751
550
3843
1648
6925
4740
9868
3101
2152
3411
4317
6124
4157
8769
6869
3847
7254
5266
331
2802
4612
5438
514
5061
1605
4837
2030
3747
8906
9890
7743
9065
1925
4819
2879
2273
1415
4233
8346
4893
3611
9100
8875
7257
2699
9188
412
9586
1058
2100
8111
5373
5713
7021
4423
1403
2519
5218
8735
1301
3565
1169
406
6993
3407
4474
89
3742
3381
5374
5777
2798
8644
2259
4644
4194
6050
6864
6521
1378
8018
4038
1710
9372
3952
6156
5870
8044
5822
2071
3333
7511
9526
3048
8144
6313
6966
1206
1389
2298
7246
9494
8683
6365
5679
2117
915
6728
4576
1835
4554
6924
8354
2211
3881
502
1438
9312
2446
2813
4220
3814
6870
116
9441
3021
572
1664
6446
9576
753
2324
1065
1632
9770
5403
1283
3950
153
176
5564
207
9216
218
9007
646
7164
4678
4678
4041
7494
8976
8682
4539
3456
9768
4741
2737
7425
4910
7180
1853
8027
3706
498
1442
4193
3690
1714
7242
6012
5875
8467
5668
7165
9372
8694
6480
9277
8625
6396
4015
988
5446
231
9039
4687
6439
5125
8372
3464
953
6028
8661
8999
8242
6307
5131
1136
4277
3152
710
3851
3809
3089
2863
3370
5426
6726
5691
7344
3972
4800
6204
8211
824
3594
2760
7344
1371
8253
7221
278
8953
2963
2961
746
1436
1029
4852
8744
1762
7962
8621
5383
9936
9404
5619
1487
7461
5347
1581
6789
1666
4244
2507
4104
665
6964
1196
7392
3081
7662
8061
2034
9555
5070
9999
7112
8563
1583
1470
2470
5977
9256
346
8038
230
7299
545
4715
763
7990
3945
4490
7224
6241
4773
6282
8497
8726
7824
5481
3309
8144
6898
708
5866
6372
5722
7627
5718
8105
7500
203
440
4898
7893
9335
8935
3027
6220
7167
5667
2046
2909
3105
1888
5046
921
4512
7491
8557
4189
5442
8289
1118
1823
2471
2112
9176
5944
5909
139
5666
4580
9852
3847
9868
1717
4708
8653
7531
7123
7510
8867
5458
6282
3390
3189
684
3481
7154
8760
2159
4256
598
1092
6219
2539
4652
3447
2479
9436
6514
1876
5871
3865
3351
8383
4306
9241
5727
3395
2032
4752
136
2257
2054
8953
1787
6940
6629
6869
9698
295
9487
8301
3661
3558
3879
4429
8471
652
1065
6356
5796
1787
61
6986
4500
4399
2495
7150
4506
9848
7290
5800
3983
506
3766
2405
9500
1299
8386
9336
4590
1041
3133
5212
1431
4984
279
3109
6972
9376
6957
2248
8398
4017
8766
2115
1230
8562
6578
374
7352
2898
3118
8664
4288
6483
9717
3262
1551
4221
970
413
3089
7421
6161
8078
4080
6625
2534
7865
8697
2970
3444
3354
2465
1349
2669
428
9639
4444
5315
1787
6932
9375
5045
9250
5360
9432
4100
6685
2602
2935
3614
9087
4825
6745
9394
2139
6032
1580
3830
6773
2582
7474
2341
9192
7964
3913
6609
1755
5644
8183
5454
3426
3690
3565
5009
3129
7127
6398
269
637
5268
6643
8489
374
9840
255
3300
98
3996
5415
867
9152
6580
3623
840
9284
3725
7754
9788
7722
4112
2085
2847
2746
1324
1985
1916
4067
6878
3709
3462
1584
7184
4744
9273
8641
2209
1740
13
2120
5612
8216
1295
9116
6520
8171
1841
7040
3004
7758
3792
2052
2647
4864
367
5404
2760
3093
7288
2606
8954
3489
5261
1481
6249
8063
7023
7835
3449
7734
3307
2949
4126
6678
6411
1229
4446
7918
7247
7075
2399
5229
5289
9691
9569
5879
8714
4987
1386
8141
3852
6240
3730
2028
2068
2963
1396
4856
2225
2136
1056
5029
6655
3890
5417
3925
6064
5104
2210
9653
2160
8257
4456
1767
7512
326
3752
7937
6927
3652
8043
1699
5988
2606
397
9970
5816
6081
2929
7562
6936
6845
180
5128
3502
5016
9329
8297
1351
3615
1337
8268
9323
8515
789
3919
9343
9104
8072
9067
2209
6385
4023
4211
6370
4161
6243
3766
7633
3818
5396
4598
7588
8363
8372
6119
8458
9353
1083
7744
9098
2030
1206
5259
3784
4081
7163
836
7841
780
8296
2594
551
2445
8243
7278
2261
7780
2666
9691
8971
4086
4958
3708
6212
7608
7790
3980
9759
9282
6668
4205
3421
2396
6978
4324
3026
6937
8483
9561
2160
7543
3403
158
239
4508
2303
7292
2958
463
2961
8563
6289
4195
7052
3244
999
1715
5259
1281
4179
2905
5132
2481
1370
3698
3370
6409
3412
5390
6791
1536
4746
3614
9128
9584
7858
6911
8918
8057
4685
4691
1110
5062
2392
1608
6567
5503
178
3850
7248
9635
3715
5223
1306
364
3888
8638
8396
5698
2176
2122
4025
2506
5721
3912
7233
3115
7699
6389
1609
9412
7518
5973
925
214
6359
4846
1696
18
4117
1577
2171
2841
6875
3698
927
915
9174
6026
2992
262
241
4877
4451
2310
2311
5466
4863
8160
8840
6210
3324
5392
3471
2145
123
3814
5140
530
9359
6603
7645
2915
8152
9165
5231
4886
180
4409
3732
3031
9628
1618
616
9842
6042
4477
4427
3195
6921
5044
5153
2273
8722
9592
4714
9684
1417
9962
5495
2821
7500
8113
8108
4055
5889
40
8032
8130
7263
6203
8350
4989
6642
5542
7211
6521
3357
1289
6362
9929
6129
5100
6288
8045
9809
956
1317
1230
9712
2758
9229
5358
2456
2418
988
2137
3759
8316
3542
2686
8825
4335
6326
1570
5475
9954
8813
2523
8556
8910
6688
6919
668
6772
1523
5806
7350
7368
2127
7008
8010
9335
5451
5819
7904
6223
9319
1963
6998
5972
8075
3997
1258
9730
4002
1598
9860
4838
5300
8955
1692
4527
3488
9827
1317
2645
6585
9643
3073
7716
8769
2424
1253
9620
9346
4976
2713
8580
5668
6558
2677
7768
6930
5438
3496
4986
704
7910
1151
9912
5489
4876
1498
9958
4473
8708
306
8261
9678
5105
389
9723
6568
4024
8787
7245
303
6510
1862
6745
312
7846
8917
6430
5658
5526
2667
4265
4344
1777
6829
5196
7796
330
2253
4624
2272
1101
7101
2284
1999
9458
2816
6050
7498
5732
1890
1663
9394
7771
2573
8594
750
2526
1944
4455
8781
6713
7697
8352
3742
8129
5659
5439
5467
3041
2639
2317
6690
8581
5815
8794
4846
9354
1221
7713
7361
3089
3898
6404
1379
2587
1828
353
2489
6732
1547
4354
5702
1981
1557
7841
4346
8765
4876
997
3769
4458
8322
5623
3742
9020
7168
4843
7498
2199
7257
7949
9012
3353
3674
675
5163
346
4972
8198
5191
7100
8271
9169
9331
9760
1261
4565
5048
562
8249
1870
6422
8133
255
8248
8862
8857
4951
9835
4094
7526
4192
6894
3683
7094
6594
3263
982
7386
1921
9474
4021
6883
9068
7483
7542
8443
7976
3587
1871
6379
8067
5008
9844
4328
905
2259
6175
3582
3220
2671
5709
6706
793
5860
4828
2350
5112
8965
2091
3059
7329
201
8438
5826
6958
9112
2405
3689
5731
3532
4123
5203
1084
6866
4221
1214
7568
6265
2705
3468
2583
4696
5571
659
6895
6040
6838
7153
8571
413
1179
6479
8048
7627
962
5753
9803
2900
5490
5636
8946
6898
5207
1263
2389
4859
4985
4937
7315
6001
9862
4177
5546
2301
2050
3158
503
9943
2634
7487
10000
157
3766
513
2996
5502
3927
4672
5780
6859
3586
1480
8222
3399
9909
528
7347
3394
7850
6897
3471
4944
2270
7072
6056
7464
2185
5849
6331
3569
7452
9837
4196
5671
1435
1284
3813
7627
7612
5372
3464
5403
8746
5145
7073
7772
301
1165
4923
9666
4801
1957
3946
3095
9574
6077
5434
3060
2962
4006
494
6596
6623
6968
6602
2953
7942
3226
2559
3676
4669
6403
8611
1731
1169
9921
4346
3493
7503
6480
8132
695
4132
6117
4689
6204
3440
5771
398
3838
2333
8044
6068
6192
7516
7674
5578
7878
6742
7299
199
9382
6147
8721
2221
8687
2569
1508
2731
8554
2376
7995
5046
7292
9722
3798
7619
2219
6270
7257
685
3314
7407
5413
458
4486
36
6393
9026
8483
7037
7294
1320
760
5776
8460
6726
5332
4738
4452
6406
7625
7681
939
4324
2528
9236
5765
2558
9586
1818
8297
177
6786
8099
4198
6917
228
2527
9736
2536
7517
6376
7943
4393
221
3741
992
9732
5454
8770
4401
6242
3338
8818
4558
7866
7867
1305
6019
4717
6744
248
5244
6724
5026
4622
5267
2295
6565
4770
3192
8434
3942
6394
5294
4876
9402
2789
1031
9549
8990
3977
7927
1469
168
2376
718
2423
7041
5690
3327
3136
9306
7222
677
1924
2897
8370
6191
4123
2195
4111
8687
5055
1392
1297
5073
5955
8147
9592
2266
5801
5282
8518
1267
1728
7392
2393
2976
428
4066
3359
1967
4707
7457
1907
8340
6888
7071
2371
4123
5667
5151
5401
4253
5094
1113
3829
4564
4806
861
6648
4738
9025
9391
9519
4992
4935
3581
4401
5396
4625
3123
5986
4186
9603
8374
6851
3545
8066
7399
4981
8453
2517
8160
499
4003
1235
7232
2003
4096
9482
5490
737
4820
5634
159
5011
8988
6061
3919
3896
3114
1852
5809
5454
495
3497
9314
3421
1794
9029
4509
389
2406
249
4198
9152
9958
8278
4829
3758
8434
6101
7956
1152
8279
9832
2468
6950
1313
3220
2956
9417
9117
3625
8054
9925
1381
180
7517
7504
8737
7224
6970
9953
7221
3409
562
4088
9402
3474
7737
3681
2086
3081
8769
7659
2844
204
6459
9461
5662
6326
3441
4123
4602
1890
864
2154
7936
4972
6023
6370
2392
6587
5080
9580
4403
7811
5279
1063
3642
319
6066
6671
7810
4557
1005
595
4014
6409
5249
1350
3544
4974
3420
555
8042
1513
1636
2660
717
2485
2195
2496
2296
9352
1246
19
6381
2118
6201
1790
9375
8804
7286
5193
8864
9045
4777
8602
4676
8331
4519
347
4576
5970
4189
4876
5773
6142
7548
6507
971
3174
3831
3979
8738
5595
6615
3721
5398
8853
9555
333
3053
7332
6289
5343
7470
5019
3348
7832
4784
6921
9381
9365
1798
8457
3664
2068
623
2303
6979
3766
3995
161
72
79
938
8798
4137
5171
7832
8233
2726
7447
4979
7805
6598
5879
5224
3343
2329
9170
4426
7341
6852
3960
6499
5344
1553
7908
5337
7549
8088
1635
8593
4829
9732
7772
4941
3473
3155
2118
9392
5046
354
9618
397
4127
2858
7182
2357
1948
5430
6052
7785
9979
9717
2452
1534
700
7968
1122
2365
5481
7717
148
9435
187
8400
2797
528
9779
8388
5898
2692
7979
2268
5343
1963
9257
3802
8414
5713
9417
5350
315
8627
6085
2429
929
973
2340
870
1327
2799
7730
5506
6665
7011
4547
9981
3053
7883
1173
5273
2437
227
5093
6539
2938
6628
2684
9737
152
6360
8378
6669
9399
8045
6915
2344
3845
4379
7331
5200
5307
1287
8697
321
4180
7748
6578
2286
9509
6706
9739
2551
753
7880
6672
6823
3247
6365
8222
3129
4794
362
7416
4383
7710
7613
5728
5325
2355
1408
1260
7989
6897
9217
6413
5175
8704
4964
7921
748
5766
5741
9291
1354
4201
8904
6186
7086
8424
825
6503
2398
1528
6195
3770
1220
7844
7304
8893
1810
9569
1222
8827
775
8099
5660
8556
8620
5595
7389
8858
873
9439
7028
4714
5060
1250
3227
2585
6821
2221
7339
603
2780
6207
8424
4992
4849
227
8351
1075
685
8390
1863
9974
4695
523
8230
266
7360
6441
3848
3116
1738
8069
1792
9036
1111
5108
84
7213
7377
1520
2596
2340
6589
7362
6682
2122
2097
5058
6809
4862
6623
1233
2545
6356
9597
5851
1415
8506
9802
5629
4679
7676
1394
4497
3006
498
9388
3862
7622
4111
6473
4983
8131
9195
9652
7968
1355
2420
7319
5600
935
3316
8996
2614
4920
1314
2954
8315
6734
2517
2832
968
5230
3976
6999
5334
7814
7564
1791
4457
4011
501
4392
4750
9778
6515
8799
4140
1875
9640
9525
1865
6796
7823
6179
4421
3515
1957
9346
551
1696
7960
2474
2533
9461
6128
3998
5192
8148
9641
8771
1932
7390
610
9005
5877
1714
5025
8590
4353
2574
7624
1350
8696
147
6194
2128
6517
6303
5151
1338
188
9471
4208
6177
7816
1195
6763
1300
2412
511
4735
8601
8149
1618
2055
880
1971
1655
1159
515
9177
178
786
9613
7504
6007
6416
1077
2961
9085
6135
7066
9756
1266
784
720
8980
2981
1449
7723
3739
5376
443
8077
6481
8171
3309
1002
210
6279
893
2658
7979
543
4890
3844
166
3330
606
6392
9311
1702
4603
9523
8902
1320
604
5130
3607
3132
7832
5586
6253
2816
2548
3825
4486
9181
2094
61
7972
2880
2652
5884
8287
2075
2262
7515
8927
3565
1113
6184
8251
2478
8588
4355
2431
5718
3172
7015
8596
4211
9313
8648
2732
6533
6084
9931
2376
29
3360
5842
1281
6658
106
7830
5726
6870
5933
6480
4506
7492
8249
8474
7277
7567
948
5228
8327
5675
7207
8345
4802
7927
1989
8694
7573
3331
5456
710
9615
5350
2004
1610
1717
3681
6065
5210
9351
3085
7870
9680
704
7898
3168
865
9557
2470
8751
7030
9259
2892
499
979
372
775
1060
891
8050
9872
2220
5983
2281
6050
3788
7880
8571
1465
4998
780
1631
8010
2108
5065
5838
7698
2871
6089
3024
8129
3063
8186
5668
4461
4903
7012
578
7673
1697
64
4424
5464
9744
6339
9074
4825
4451
6747
2249
5250
4552
3967
4124
9073
1099
668
9464
3698
733
462
3647
3888
7432
3338
6775
7539
4882
7496
4808
1212
6075
820
4802
5733
2943
4925
2414
7284
1715
4054
9674
3650
1976
6989
559
4261
7242
6178
6021
9380
3655
9380
9202
573
9346
4410
1643
1527
2689
1339
197
154
276
5069
60
1152
9448
5864
8369
4776
8935
8525
9810
5202
5760
7026
8558
2922
5159
3877
2254
705
6672
3278
1732
1604
9896
9769
3668
9775
5670
6734
2645
7504
6571
6032
8123
7601
6012
1628
1398
5977
2918
6678
9599
5530
2357
290
1270
7435
7483
362
4933
9574
7591
8946
7288
7243
286
1995
6810
4455
4952
1491
115
8853
1746
7958
1079
8876
8151
5184
8826
3350
9316
9820
9659
5687
6349
2667
2797
983
6334
667
8613
3259
4180
9888
2527
7482
8757
6773
3576
69
1167
8142
9574
5402
1182
715
1237
9559
3858
3992
8330
4247
1527
413
1642
9943
2551
3637
3543
2677
8071
1507
3027
1210
3624
9854
1453
7972
8685
2596
4854
8712
1
7131
9691
9335
5980
4588
29
5419
2685
4704
6196
956
8264
9483
8038
3358
7612
8920
5111
8802
8514
2829
4785
1866
9262
1116
920
915
4171
1463
3236
3512
9187
5306
3917
6864
7266
8924
6931
9134
2126
1254
3022
4768
9905
6771
5571
1905
6476
2542
1235
3222
1061
1600
5316
244
3233
7877
4725
1484
4113
743
4718
101
3679
800
3658
6989
9028
726
3726
4441
2076
5378
3555
2530
1452
9726
1056
2303
4220
351
6644
7841
5950
4106
3382
1609
6940
7576
8583
6350
8008
5404
4256
9162
508
9241
8881
2942
4636
1535
4899
9098
5782
5122
7673
310
2400
296
9223
2765
2425
1643
6506
9795
2373
1924
881
7629
9344
5944
8060
9708
6051
7736
6007
827
522
8093
566
4252
5443
9489
4279
8967
5618
3731
6550
228
1445
270
9697
3661
6360
420
4530
4260
318
4669
9447
3950
7587
6918
5509
8565
9048
5721
1389
2411
8006
1838
2436
7100
1909
7291
7913
8424
479
434
3438
628
522
5115
5800
6116
2990
7337
9703
1082
3561
7794
1550
7275
6372
2689
1131
4864
2576
3743
2443
8394
1110
3795
9465
8864
3325
6391
9504
8536
3258
1283
2900
8336
9945
4377
8272
9676
296
6639
780
1908
2468
7748
2878
7501
522
9003
5705
4225
7401
7734
1797
1509
9751
7023
6942
421
2282
4722
9487
9353
4553
6697
4471
3603
3873
672
3907
9418
9067
6665
5130
7599
9611
2329
8348
4214
71
2983
3416
1005
297
4909
2795
9075
1985
4065
9169
7751
4471
1556
7074
7452
5223
2099
8551
7765
2454
8399
8061
1321
1907
5800
6729
2118
1842
5789
8892
2881
8600
5309
4294
549
5267
3257
8505
8555
8040
4563
7132
8835
3954
4411
5906
6065
831
7192
1419
6446
4429
9614
4943
519
2324
802
7821
8360
7168
8694
1295
1600
5605
8606
5341
3987
4252
7196
3668
8721
1724
5443
7427
4200
5872
3280
8506
4441
3108
8331
4939
3668
3982
7103
8774
1885
7434
3165
7537
6313
9021
2501
5116
6367
3764
4723
7133
6369
9999
4993
5445
3207
7507
5067
9599
2102
9634
3227
2499
535
1453
6535
3677
3690
2484
6402
4877
8255
8525
5543
5053
4074
469
7585
2357
5847
9016
6966
7558
1625
4582
1110
1539
7274
2483
7637
5621
6991
1393
7647
5575
5498
6300
4235
7840
2452
5651
3805
2656
2401
1472
9562
6139
1446
4645
8434
4651
7160
2951
1330
7095
7218
7304
9163
23
7076
2243
1922
1891
6254
7165
9837
10000
4714
8555
4491
7030
3899
7057
5505
1965
8124
9683
4901
8465
4326
3071
8033
7130
7602
4175
8698
8664
6628
8720
1089
7127
686
3493
4563
373
3989
7273
2739
9034
3250
6662
2044
1532
6806
9610
9119
4470
2075
2303
7951
9578
6332
8059
4941
2037
8947
9752
4138
5289
3644
4133
2013
4845
2617
2712
9724
4119
1151
5339
8059
2529
7220
4837
7248
2389
8178
6381
6295
9828
5235
2969
6730
9954
4139
9466
1027
4239
212
5011
3020
7724
2948
1725
9487
8580
6853
5789
31
5842
4287
8808
8339
6394
6518
1633
2808
1928
1374
4118
8061
9518
1612
2513
4828
8252
4271
6523
6046
6402
9978
6200
7492
3310
5871
3157
1659
2611
7812
6500
1638
3534
5676
2867
9732
8042
7972
8278
8463
2316
6868
2591
2445
872
4365
9611
2336
8727
8988
564
8
8246
261
8254
2315
8340
6670
9444
5780
9096
2299
9644
3808
1256
5461
8597
7349
6999
9186
61
6817
5475
2416
6377
9701
7259
8080
224
1756
1019
2100
642
3485
8678
7252
6777
3504
1386
3670
2607
869
4624
1837
9830
9002
2048
1130
1044
9803
4548
2667
7205
5263
7761
6103
778
7161
9926
558
5489
9680
3086
2068
2737
5216
2782
5930
3715
3366
5528
690
3372
8873
2688
7238
8486
4337
4433
957
4341
116
4140
946
6594
9269
5318
3659
1301
5187
4723
3999
2662
1390
4377
9354
5533
3976
4620
4938
7709
4029
9009
4451
2153
4797
2305
3464
8899
3413
9362
8465
7711
2172
981
9531
2009
3366
8635
4708
9204
6791
8359
8673
8346
2288
5487
7855
5894
319
1980
92
4988
3319
1995
8457
7160
392
8714
4377
4984
4228
7247
8604
2342
9808
5279
777
8007
4838
8998
7924
2246
7328
2702
8670
3620
5888
2359
8035
288
1893
2420
8866
7417
4115
8238
2660
6478
8766
8900
4473
3614
1820
8626
5763
5037
2831
6235
2265
8461
2517
1713
9522
6989
5596
7310
9310
1766
2909
8931
5935
8133
3166
1332
8761
4388
4913
5111
7998
5742
5044
5779
1480
6231
2646
5611
9942
5390
8021
4899
956
3124
6671
2540
2672
6861
4696
1206
7866
9237
9214
7651
8534
9508
9855
7749
3595
9992
6543
2783
3653
3730
979
489
9722
9308
2211
9666
3669
3742
538
6234
6900
7211
5598
4170
9447
8279
436
257
9223
5059
9021
4204
853
8890
356
8154
4719
6441
2781
5082
8568
8911
9786
5748
1371
2675
4770
8275
2774
6110
9482
2407
7070
6546
7361
4695
7532
4496
3318
5835
5963
9782
3593
7933
8018
6913
8642
2991
9296
9384
6915
2309
7309
6679
6735
718
3018
7477
6250
9852
1810
5040
5569
879
7678
9849
7897
9156
8443
1217
2546
592
973
3989
6218
1649
9602
6012
5238
2865
8107
3657
5467
6122
4027
7592
6601
7558
471
8160
4451
8950
5693
8748
7012
9234
2976
3850
8471
636
9866
3738
5072
7192
7976
8198
8541
2929
8359
5164
2884
5142
6061
2932
5627
7038
355
5004
5027
6772
4352
4175
5020
7315
8295
6876
5557
2784
3701
809
5618
1872
7678
2811
5254
499
4982
8864
634
5
2503
7963
8373
8675
4611
362
2820
1330
2697
8357
9796
7685
6754
3602
8477
1228
4643
4752
2655
8865
2246
1618
9674
5041
9580
6234
355
9492
3635
9975
4923
7848
4823
3104
9599
8070
5778
2974
8545
9252
9685
2673
1137
4172
9087
8579
1272
2026
3712
1623
1855
9757
5964
5562
120
3745
3811
2022
8516
4201
6131
8919
1949
951
886
1683
6216
2746
570
4753
6755
2935
7818
4632
1704
6925
856
4664
9438
2124
7941
341
4656
1282
4714
7310
2032
6708
2489
4347
1961
9615
7380
5477
5343
6271
911
9399
5009
6473
1863
5378
8857
6635
3926
8224
889
7572
4843
9106
4907
4184
1840
819
6620
5289
9344
7146
958
3936
6275
8808
8714
1176
9140
8789
9523
5534
571
1295
2898
5603
4901
325
1989
3727
5684
5157
7927
4907
1388
3004
918
698
4390
4369
4202
2806
1066
5434
8207
1316
2275
187
8569
8176
9384
2350
2424
5346
8465
4967
3623
5267
5722
992
590
8385
7245
4783
1044
8804
3892
1823
5886
5125
4202
2631
6269
9077
5096
7037
3213
8188
800
7061
3106
49
7300
296
2966
9381
96
4545
1451
2813
111
1357
8463
1728
7111
2505
3339
3720
4004
9811
2787
6415
1302
3101
7338
4743
7894
9416
2203
9589
2366
2542
7752
1856
805
8343
6977
3429
2565
2158
8019
7618
4932
621
9101
6892
706
6064
509
1671
6248
4044
608
2155
1263
8371
5027
7143
7391
461
3569
4888
9025
6069
5386
9383
4641
9448
9625
9752
190
5119
1937
3235
9515
7040
29
6873
4018
8723
150
429
3853
1531
1103
7652
7891
529
8439
2916
6713
7602
1830
5275
5274
3145
8080
8262
8324
6467
2734
4464
7732
5426
4012
9821
8611
3905
6076
693
4202
9456
8133
8743
7874
4133
7375
3721
9554
7658
2644
6138
9506
3116
4226
7403
7624
68
4201
1289
4181
6082
8357
3452
2154
8514
1188
1506
7821
2304
4123
8265
3036
4259
7978
464
7601
3734
146
1961
6234
7869
8165
9242
8523
1006
7717
8963
4453
9643
8160
9699
7837
9080
8253
6453
6657
6226
443
4035
7651
3284
6589
347
7506
7841
9566
4128
9535
4509
3639
7104
1468
6721
7266
9539
2079
8815
6892
9828
4281
4234
437
2939
8630
1050
677
3320
7052
3915
1779
9111
3125
2471
2525
192
1529
2393
6963
9293
1659
7127
1134
3842
7293
6750
499
461
9740
2471
7549
5448
2154
7
9069
3026
4137
8108
7195
7202
457
9301
3394
1909
7832
7849
1781
4368
7600
8732
9315
2836
1879
960
2067
8955
3895
8480
9060
8212
7188
9460
373
9492
4134
39
8095
5221
6184
6457
2040
8694
2500
1674
5348
5746
3199
9376
8016
2197
523
772
6127
3190
5569
4649
686
7128
1029
1724
5925
8055
4269
3847
6940
6440
2664
5423
6274
7846
7076
7360
4643
725
7389
7058
5851
247
2635
1726
5232
4549
3208
8375
5908
7611
6361
6903
5503
3172
3859
585
3376
7684
8369
1158
6297
9059
2497
1237
4062
1808
4050
2161
5659
9580
2351
9884
6708
7217
1300
2386
2880
289
2088
1699
7886
3773
4355
2246
6697
1883
6569
2928
3370
2128
7166
1599
2520
805
7797
8948
5328
7438
5149
3556
7104
9541
3986
673
1806
2219
5213
9205
3652
733
4257
9174
1991
7256
5625
4439
7755
6756
3690
5962
223
1942
322
4457
8108
4719
6224
6551
2805
3511
7133
5882
8297
7336
9889
16
8711
1982
8080
1951
3664
8812
6860
854
8894
5638
5368
4976
501
2124
2517
6428
5495
3003
594
1810
9174
2407
4988
2297
4548
1962
6414
98
4742
671
2935
4901
5859
2934
3612
1226
5773
9101
686
4624
3521
5054
7869
6521
4863
4902
9312
1940
6117
1177
9947
1474
8927
1970
2550
8412
1751
7515
4636
9855
3392
3670
5187
4886
9657
6011
4409
8238
155
7960
6725
309
555
2992
4584
6277
6415
8212
7138
835
9048
7099
4497
8005
1778
7628
722
1316
4785
5583
2460
8379
8607
9649
6201
3110
1926
1220
6709
6000
8247
4946
5988
5208
2784
3000
5135
4196
970
654
5859
6343
9287
1934
1045
2030
9715
4806
1014
9368
8270
7015
3500
7501
6904
9032
7503
7499
7222
6451
27
8946
8740
864
7999
9386
349
6343
6044
9546
4973
216
6103
5572
9966
9519
5729
9261
9142
3320
7508
1121
3752
327
6146
6797
3636
2937
4419
1291
7830
1304
2878
3406
8084
9024
5316
6819
3143
180
5389
5789
5411
9417
8050
2112
6523
9833
5648
9886
9692
8539
2726
6717
9610
5559
7117
1056
8745
2612
5791
4777
2656
5998
7499
6446
5511
7019
7386
186
3313
4905
4180
6185
7602
5731
5038
6343
2288
7893
9795
461
7474
362
7011
7465
2370
7818
8559
9713
5118
5322
1825
5640
8205
4874
4653
7435
7388
177
8356
7226
909
9857
4768
9283
7654
4300
4264
6472
3225
4434
2107
9091
1664
1197
8953
3882
6264
199
583
3131
1405
6926
4514
6541
7
3108
5145
6292
7792
9901
8872
145
979
4975
6406
7234
8149
9539
2511
9488
3113
449
3852
7821
5670
7697
940
9587
6462
9806
1168
7868
2382
5927
2754
9200
4093
3030
8716
1119
1746
578
6188
2787
7305
5294
7531
6686
8103
5437
1827
5863
9259
1818
376
8323
4686
1188
5345
9086
3228
4020
392
5072
9271
6614
7768
9846
9589
6957
6104
3081
5272
9891
6549
7657
7984
5972
2025
5007
8081
1309
6279
2418
7945
2730
5285
6589
8025
6362
676
2115
2711
3216
4114
3044
8047
1755
5137
4673
5556
3016
6710
5128
1922
5517
3802
4086
5836
6908
2794
3302
847
6429
9811
8465
9210
47
8318
542
492
482
3861
1775
574
6849
8909
5073
9349
8980
8969
5432
8688
9605
7206
4260
7009
9044
3366
5993
3844
5926
2691
2947
919
2607
2979
8218
6431
1959
9968
1622
1490
9894
6267
934
2667
2251
6327
4846
3015
9732
625
1098
855
614
7640
9810
6357
1847
9453
4013
4918
2985
3834
2115
4164
5354
3774
824
2178
3690
9251
8081
1455
9928
7350
7329
5081
7739
2236
5570
7809
8602
7861
8145
7258
199
2845
7603
8853
181
6487
1591
1223
2693
3047
4370
1139
3070
6884
3801
1442
8900
5592
8132
1272
2835
4829
6580
1464
3602
2476
2950
2342
8517
3239
599
4794
6880
8251
4840
1884
7001
8499
9062
1171
3049
5162
8849
4966
5593
2559
3626
9419
4723
1555
672
7668
410
1757
8967
2702
3191
6843
478
5422
657
8776
9571
7041
7545
4709
5219
9644
610
126
3891
3858
5687
2895
6656
5432
8671
6386
739
4295
8614
4293
9842
9714
1928
5276
6810
9879
5492
7072
6740
1607
7603
1929
3480
6927
8742
2991
6066
9762
2791
782
331
2113
3440
6721
4212
6033
3454
4632
7894
5334
3546
354
8234
5925
6252
841
2236
6941
597
562
8860
4075
657
3077
8867
7464
6570
845
8931
4901
1401
6452
6700
40
32
7527
1621
9739
5325
6606
2
4425
4128
9722
2185
1460
449
6012
499
5715
645
4777
8539
2836
3642
9236
4887
1827
1544
6405
6110
6885
3571
7739
6884
6342
5046
393
8601
6055
8866
6888
8165
477
8626
5449
4645
2743
2644
6590
1620
1772
6255
5120
7413
5587
6170
4989
3809
3429
7556
1268
2183
7877
9422
5741
2939
6617
8346
3257
4130
9846
9410
2439
2430
2368
3146
8899
1277
1720
3708
9793
617
2910
8430
5901
9810
8525
1342
596
2372
1968
7463
6878
4878
731
5410
9340
215
6229
8723
9193
3473
9554
6925
999
8256
344
9034
6981
2289
3479
3018
3863
3798
8869
2624
2764
3657
3606
9656
3319
9380
9686
6319
1861
8564
8313
2134
1645
4715
257
237
5644
8938
1368
8805
629
7082
5271
1224
3902
9059
1348
6581
4362
8241
6480
3249
4570
3483
4294
7392
2067
4511
4999
1553
7638
3241
2629
4373
7036
9873
2977
8351
1295
5501
9419
1580
68
5111
6604
388
190
5876
6223
789
1441
9519
4451
2803
9735
5433
8448
5446
9969
9021
3567
840
1025
5810
747
1660
7062
9567
7198
2484
6879
6511
2474
2814
5592
5168
6983
8780
822
2398
2828
4641
9565
5994
7833
5676
9189
1054
5225
2219
8040
4022
6946
392
8368
1917
1078
8829
8765
5135
3277
1610
3937
1811
9010
1182
8479
3459
2367
4264
9823
169
2541
8738
5000
9469
8381
8496
6784
2380
2736
6476
557
2020
8811
5894
8902
8717
8585
3208
5291
8231
626
1998
3122
3773
1130
7122
4173
9300
1423
3597
4492
8792
2766
3505
357
3756
6170
4303
844
6472
5269
9806
5565
3676
8218
5264
1773
7116
6739
362
3136
9840
3377
7974
7051
5916
4875
3200
7408
5858
6236
3993
4347
3913
5218
8151
2977
9612
2648
4525
6710
3410
7926
5863
8498
7806
4384
4603
7550
5009
7336
7413
4901
3928
6395
4103
6733
4296
9088
5514
580
9410
3681
5275
9252
615
997
3118
304
7006
9980
8399
7211
2259
4091
8144
2855
1446
5943
9441
6235
7653
9342
7623
101
8387
6216
130
4694
9777
8187
6653
3854
3046
5263
4408
9343
8468
4120
4375
7280
215
5732
5295
7540
3435
9328
5047
520
3294
1242
1139
8789
4371
4166
6583
3122
9661
8932
8399
5538
9450
2493
3172
1568
5868
8603
8205
9094
7239
9557
2909
4569
9996
7960
3647
1339
1429
6362
3422
4717
5513
4246
4154
2613
3612
2547
3989
9
9553
36
7768
2735
7219
9114
5404
3653
3423
8138
8306
7092
8177
4293
739
1602
1847
2383
1875
4613
1865
4085
5937
3986
2767
2171
6954
1514
3638
9491
2957
2170
5021
7294
2272
7046
9571
4855
6112
8826
6397
2294
9310
657
8577
7450
5819
3025
592
4802
3557
8027
1946
6600
2714
4995
7074
3194
8530
4247
7999
5592
4326
3178
8182
4438
7578
8085
4417
5398
4568
9174
1074
2330
5119
5944
6564
7206
7693
4151
8533
1879
9200
7
3600
2492
5337
8745
6937
8931
6664
394
9079
6355
3802
8974
1424
3385
6689
7918
8432
1682
8384
3339
5616
1020
5512
7592
9220
718
282
353
605
9006
1509
3255
1119
5880
2371
914
5838
6890
4428
9970
3811
6089
5188
1941
5387
6682
9572
1133
2665
2109
7487
4781
1144
153
1871
41
4419
6145
4904
4049
3978
1667
6839
7728
2141
112
4569
5572
9610
986
6445
5273
7356
4481
9914
166
390
7797
9144
8306
4904
2569
1739
1916
8127
396
192
5039
1660
4096
1886
6263
9275
7586
6607
2947
6939
576
3545
2481
9513
883
2665
3442
7787
7913
8615
1750
4265
171
4438
7850
587
7194
4289
9030
114
3614
9587
5958
2551
8008
7821
3849
6503
1676
8177
6773
337
9881
5867
3067
21
4452
3351
3929
6080
714
5770
6667
819
5976
5021
5166
3182
881
579
7469
8047
2853
2132
5811
9093
3142
137
4898
6805
9336
3344
8605
9407
3815
663
3488
3570
3534
8331
5273
153
9204
9457
4525
9643
8072
1418
6296
7283
600
7858
5623
6221
6282
6947
1362
8031
8743
5626
1278
7814
841
8063
1881
9232
561
9814
514
2391
9009
3341
860
3095
3425
6730
1916
7445
3709
8714
8606
7624
744
4407
2918
8011
1805
1870
5359
4902
7829
6186
7812
6709
4846
9114
9362
3156
7193
8965
4298
6637
2742
813
4105
6603
3664
5721
5663
2050
5727
4041
4155
2407
9076
6544
7876
652
8811
8666
643
9274
4522
8923
1193
6309
5430
8276
8274
1532
9052
1208
4497
7853
6243
8392
5718
8507
5542
9717
4042
2796
7273
8113
1856
1975
1254
2560
9771
3755
4541
5930
3178
5781
4070
3165
1563
2002
5721
3742
800
8723
9685
3716
1292
4931
817
1827
2168
6171
4495
8624
4898
2353
8014
414
485
1995
9752
2449
5853
9729
5545
5637
3305
8881
6035
1742
2841
5956
5516
7055
3136
4356
7340
9235
3603
3736
1690
4298
2433
6038
6249
6648
2945
1028
8295
4701
1101
2122
3203
6330
2145
84
5063
1965
4502
7066
9294
8369
4961
1636
2809
2662
5658
6687
7888
2594
5381
4173
8391
7151
4913
5474
8549
9640
4323
5889
3827
8125
2959
4
9529
1682
6565
4013
6535
6434
1854
2445
6330
2701
6220
3037
5574
2828
2351
660
2459
1571
4748
1677
945
9910
8116
3655
3326
8081
4538
6210
89
1580
6527
9497
2469
8671
6954
3622
4907
1555
1221
7532
6636
5551
8206
7681
703
985
2180
8862
7126
5149
7786
9386
7470
5041
451
9509
4991
5664
2633
9188
5589
3738
3391
9643
4933
2516
2697
5538
4675
3566
7824
2488
8464
540
6272
2317
2679
3953
6571
7332
2880
4976
4173
2987
8775
8584
3315
5136
1185
5614
6939
6430
8937
7231
1895
179
6745
8650
9454
3153
2067
6854
9694
7556
7958
2171
7575
5585
840
8932
9525
7876
7067
4004
9828
427
9664
2418
9726
1744
6619
4736
6327
4343
2029
9255
736
1257
2260
4416
2032
6560
4100
8964
5533
1170
6540
1864
5934
5514
1743
6879
5021
1810
7296
1252
4152
9946
3122
2495
6551
3551
503
6354
2835
6873
2146
7557
4059
6961
7661
8147
5166
8547
481
1012
3455
269
7096
2000
6080
5576
9959
9618
8391
309
1999
1316
4977
8219
8751
2091
3672
1802
1631
6824
3229
2744
1652
5356
4468
8711
5549
7578
4417
3763
8057
3589
9400
2694
405
2457
7415
7234
4804
2766
2667
7958
123
6095
1377
7638
6047
3179
4813
1539
8852
2412
1994
1367
5741
1588
2539
264
4665
6857
1415
3467
9653
1014
5725
7952
6469
6519
3910
1579
144
5152
7453
936
1127
3819
7806
7099
1986
1122
6332
9945
8614
8144
9729
710
8902
2370
8179
8246
2657
9278
1299
8575
8829
6474
82
4995
8912
3598
7356
4401
6757
6541
6591
1717
7300
7505
7751
5887
6019
2446
5819
4820
2334
7973
5496
6389
9316
8075
1964
3921
7380
3740
339
2284
4018
6286
8927
9199
6621
6325
5076
7925
6822
9593
4840
1958
216
758
8096
9822
9189
2832
9035
7152
2969
5095
4590
9936
4695
8234
9214
4629
3765
1341
6717
4912
1142
2207
4402
2065
2689
4240
7704
120
3687
7038
2894
4234
273
5498
2700
8089
1863
143
3156
5338
9514
4291
4188
9654
8835
9571
8431
3657
352
3236
1225
112
4000
9606
1891
7943
9572
8950
3608
1494
2351
4793
3429
6111
5474
3213
5584
3597
7973
6867
4556
9617
951
3942
3809
6105
2821
7703
644
9393
8231
3048
9966
3012
3774
4168
5787
3842
8741
5121
2444
8931
2297
5888
4623
2833
5354
4247
6648
6819
2334
4820
3779
449
6536
388
5523
9248
8150
3314
8327
676
8696
8922
8378
2398
6184
4315
7363
9195
8687
9656
6462
6693
1823
2036
8124
4365
1437
9271
1089
2137
5622
5355
7022
3237
6895
4029
9596
7107
390
6954
3258
55
1525
4773
1203
5306
2308
7349
2372
5320
9423
285
9095
1620
9099
7602
6300
9524
8934
7277
7104
6955
233
9665
374
5859
8090
290
7240
7247
1217
9000
8942
4618
2166
1193
2244
7727
9530
7450
4932
2784
1354
45
2563
7143
7890
6470
8345
4895
7737
8356
4816
1860
521
4562
8253
5094
1130
9928
5
1479
1777
6136
7406
4128
9697
51
1776
695
8159
6448
9527
1772
5934
5108
4989
4398
7234
8240
8441
481
7785
4354
1388
4028
3249
8527
8215
4902
8551
9826
2761
2630
1868
4379
7498
2061
9061
4292
7737
6103
8404
9195
1753
2617
5859
1657
9377
3147
4510
9021
9471
299
3405
3625
4193
2669
5876
2330
6906
5707
1805
9304
2929
7237
6227
695
5801
2848
5391
9158
301
2993
9154
2329
7697
5831
3676
4615
58
9450
3595
2190
8772
886
5707
6654
4835
5123
9746
6812
4218
6455
2238
3262
3202
1123
6777
5491
3130
4603
9246
2636
7449
7847
291
9732
2296
8858
9738
8715
6288
8484
8276
5306
6949
687
7040
5446
565
825
8966
537
236
5070
3942
6107
1486
1694
3173
7134
5717
2027
126
6570
2232
2285
86
1390
1882
5578
2169
9135
7301
9387
3829
3364
9036
7910
5907
2580
7271
7965
762
623
9101
3244
9523
2637
7080
5836
94
9859
4177
4258
8437
8848
6728
943
1725
8435
7322
8178
5483
5824
6057
2002
9215
2120
9415
7055
5858
8599
5084
8135
6958
7393
7481
8495
3854
9201
6466
5998
1749
113
9106
5323
2389
3107
1139
8562
7584
5077
178
5583
8874
6582
7520
7275
8373
6240
7648
9403
4513
4732
1594
2013
6740
152
7988
2256
9926
2510
5056
6662
5120
229
2767
5510
855
6794
5686
7043
3578
5904
8487
9843
1513
3041
969
134
2090
9339
7999
9597
1947
7022
2035
9427
4659
1165
3323
9653
4049
1394
8345
7097
9172
9562
4588
6153
4122
1586
5039
5341
5907
2005
3337
7345
1749
4749
2266
7962
4742
292
9178
668
2095
9564
2830
4498
9080
9729
8606
3692
1779
6488
7133
3749
785
6746
7349
94
556
523
7459
4492
3716
9523
3482
393
472
1328
480
7152
3761
1644
300
9059
4820
9240
7454
6019
9628
8031
8949
9786
2122
6382
3148
4242
2166
9525
5354
1701
9133
6427
9250
5223
3829
9820
7529
6289
1584
332
3576
4473
4628
2752
792
1434
60
5838
8192
4101
9533
6878
8064
4475
5159
7711
5701
5294
9111
1541
7497
9256
7608
981
2681
940
7214
1399
3478
6105
5628
4106
4240
7184
691
9700
3995
8604
1553
174
6671
765
1099
5854
8534
9257
1970
1987
2356
6915
8271
3389
6843
5911
5935
6246
333
4748
5856
7733
2906
8502
2809
5231
8506
7332
7881
285
9078
3118
8505
4992
9608
3886
8536
9243
5543
4329
5602
6978
6555
6686
5757
9427
6662
9598
9852
6561
1685
984
3394
3921
4042
1544
9224
8398
4535
5535
2074
9591
9968
6473
7615
8100
4758
2884
6189
7529
658
5617
7260
4234
2806
4468
5857
813
4961
5846
5331
1130
6154
1330
9047
7770
3482
6239
9649
2299
660
660
403
4925
1360
5639
9368
8650
8369
7487
8563
1817
7809
5341
7141
7930
6668
6719
9743
293
1523
4414
7567
1646
9380
900
5225
6876
2993
817
8349
1491
1414
687
394
2506
6215
8342
2320
9204
7592
5987
2684
7065
4309
785
9107
7199
3160
7392
3029
673
8455
2367
1433
4139
8810
7230
8710
6016
5239
6793
327
8339
5425
7064
8126
836
3541
8561
5285
9780
4526
8775
4055
8636
5061
2574
458
2018
9164
2688
5599
4783
4834
7641
7184
8877
4212
3786
5702
425
6224
2027
5735
6553
4761
6486
9984
3900
7728
518
7810
2794
933
3948
6944
5296
8474
7061
3703
8574
7501
1062
6950
5499
3061
8708
1060
1173
5159
397
4716
4800
855
5672
109
3271
4951
2015
7135
2013
1105
8015
7441
4928
6089
5277
3390
6641
7099
5598
5174
8164
3525
8953
1481
5813
889
4996
7408
798
3818
7084
3861
1611
6589
4787
6171
6767
6817
3750
7662
5019
166
4962
3559
6448
752
7074
1326
9067
2044
4556
7227
8102
527
4746
3468
5463
8942
4120
2846
7222
7569
330
5796
5104
2578
4520
4124
7427
9836
6416
2020
4268
8770
8474
9368
2320
2056
732
9402
3378
2386
3458
5906
5575
310
5739
173
4238
5415
2969
8615
3248
1542
3346
201
5791
7334
7805
6984
1926
1951
1206
1881
1478
536
2044
7940
4625
2260
5950
369
6557
6747
7445
2671
5523
4682
6007
14
2430
2399
3212
6480
2391
3899
8749
6402
8654
1352
9251
3830
155
6833
3793
5498
3290
3205
5014
6125
9687
6115
8813
8615
8248
6337
6525
2445
478
4330
5980
4331
9021
8427
269
1542
8996
3963
5319
9111
9953
7316
5305
8698
4730
6081
5335
4593
7451
3124
3721
9978
1734
2654
9515
7665
303
572
772
7478
3970
2280
905
6419
6423
3844
988
239
2926
53
236
992
6965
5549
4116
731
8729
4880
6219
6023
6313
2300
3376
6944
1385
270
2754
5081
3923
1193
7638
634
8407
3423
3431
716
4583
6090
3684
1197
5181
1674
2388
6574
5322
3024
1647
9097
1512
4325
6961
8115
9011
7258
7475
4640
8388
4496
8759
6108
1625
2975
1182
3536
4481
7320
4068
9071
708
7510
1431
6415
463
9472
645
3414
161
2062
422
3831
7891
6154
5735
8713
7771
2687
9270
6653
3661
7981
4922
4323
3136
3265
5469
7030
5485
1602
2039
1874
9154
3133
744
6553
7281
3449
4944
6606
3279
433
8079
9050
9257
1056
7492
4819
8487
9250
253
4820
8683
5255
5934
6439
6885
7178
9322
9577
7383
3866
8853
4937
8961
4055
1498
3521
4899
8454
1033
6407
9690
8647
7640
9468
4312
2766
7337
7775
4167
1906
6706
9964
5338
6742
1984
2277
8512
2886
521
7504
9610
4566
3598
5110
1253
2919
2986
9277
3459
1778
4613
2896
8024
166
4140
6899
1273
5364
8447
6656
6571
2502
8520
8749
5865
2434
766
7466
345
3573
7185
5681
9260
5833
2281
5838
1316
9734
8526
6213
1085
150
762
6892
5779
4222
2878
2774
4758
9057
919
7015
1289
6901
3389
5389
2324
5869
5930
8699
1819
4149
2833
5024
5949
4056
8745
9952
5664
6032
495
2793
9983
2599
5952
7857
946
2476
298
1636
2182
7641
4520
1542
4455
5219
5318
6523
3551
2397
3893
8696
8746
3718
1968
9701
332
5392
6170
3066
4640
9190
576
4663
7063
4716
9685
3081
9985
7321
7152
4799
4443
6587
1742
9729
5730
5765
3793
6450
7782
1582
9419
4056
3660
8607
4412
9825
7716
5817
5173
8586
2001
5359
5347
7546
3104
8926
1284
9770
3229
805
6337
9064
3270
6477
2710
5363
5317
9833
5361
1801
5985
735
895
6914
7513
8852
5546
8808
38
1245
460
8460
5076
6878
1127
9732
7855
8776
5945
3069
5999
9007
278
2510
2606
9399
7403
7337
514
7587
5912
2134
3240
5027
1347
1495
2466
7998
2720
798
8608
9577
1651
7275
1673
7869
1594
7768
180
336
6993
4440
7620
5016
8232
5311
2870
1908
5806
9499
3768
2308
8026
3471
8481
9306
8963
5404
1498
9908
9727
7732
8090
2507
224
3366
5889
4584
5643
9917
8287
7883
8950
8457
3499
7481
825
2915
161
2200
9109
7023
5507
3539
1345
7149
8561
2977
9895
4718
1289
1522
4201
7298
657
8082
5262
291
7409
2124
6545
8350
8981
8371
7815
9662
5312
2192
6979
9069
8642
5487
2728
554
3927
3966
5899
2853
9810
7630
2215
5577
1103
3898
5996
9869
3439
2048
3912
9436
7650
7924
6530
890
7222
6853
9496
488
8432
3456
4319
808
3150
5454
2226
7841
9354
2059
5969
1812
1263
1759
7202
1524
8257
1060
4548
3703
3641
1825
9852
471
3527
5600
7831
9316
8317
2081
5126
778
7848
9646
6966
1873
6479
6889
1220
9596
8099
487
8313
3237
6599
4497
4116
762
8838
4241
3733
9322
1185
7298
420
6065
1125
1326
2553
1179
6252
7097
3900
9040
6919
6115
2122
9736
7119
9663
3937
9584
885
7124
9249
7897
3488
5512
8278
2760
7357
870
9821
9487
5291
728
8222
6502
5359
2598
1326
7213
4071
8326
3850
8563
8472
3767
1620
4362
4765
5539
1402
6705
7298
695
8722
6207
2058
3170
9163
246
7087
4006
2953
1470
5022
4697
8662
8239
4112
7970
1413
4447
5464
2603
9561
9831
3025
9169
3509
8472
1301
566
7836
8697
7219
4118
8476
6797
9556
6553
1673
1649
5786
2631
7720
6147
1415
8841
3485
5247
3377
1043
5766
3847
5321
8089
743
1475
2539
8587
2514
138
904
6637
1005
7176
4117
8636
2237
7989
9224
6216
6406
4980
9092
9043
4151
4634
5000
2810
8891
1827
1512
7218
8058
890
9746
8703
8680
5232
8337
2812
3824
2052
2970
5583
2120
8617
1134
7527
895
3291
532
5120
5260
2160
7699
350
1673
6280
6274
3730
1853
295
309
1880
5835
3659
3778
4058
6582
7032
4240
8478
3937
2225
5216
5748
6475
8716
5241
1090
7025
9542
6486
32
2140
4867
6803
6584
1187
4514
3486
5910
5473
6323
6090
270
8432
3236
7709
1970
1565
4508
5816
2541
6242
7801
9044
806
1395
7876
9292
2344
7041
5552
4972
7830
6472
3202
3721
1704
1189
2232
6594
9996
6632
1825
5806
1274
1617
3650
1827
1800
3105
4052
2009
2262
6374
7951
8319
3079
8347
8802
814
7291
4736
2145
4721
4401
8085
5787
6693
7727
7931
4582
7103
6781
4207
278
8281
2415
527
2575
7889
6636
871
1661
502
5861
6868
1186
6274
7239
8419
6628
209
8492
2104
1712
9499
6432
9718
4705
3855
2699
3760
7650
9761
8695
602
6348
10
4048
2805
4556
6329
5566
2788
4684
7341
7673
3412
2132
5263
1779
2554
3380
9263
2516
1790
2717
633
5229
4178
1858
8355
578
9763
817
2166
2398
1926
1965
414
5784
2287
8788
6446
590
7406
4045
2951
6479
9799
9502
4236
4312
8983
6461
3707
8752
5725
2232
4341
271
5056
9448
6163
3153
8555
258
4719
8422
3420
4482
2912
2256
7219
4344
1272
2747
8948
5375
6261
3849
9535
2616
5478
3029
457
445
3762
5352
199
7856
5635
8366
9234
1246
3732
7347
34
7613
871
5178
1551
2255
2920
5741
2187
6752
99
6529
7365
8084
88
1718
4135
7842
6891
5281
150
4248
4222
9532
8941
8306
202
5001
9152
2543
6725
946
6744
8477
5408
413
1310
8131
8301
3720
8883
3213
1354
3200
3802
535
7406
2386
6598
3639
1508
1767
850
5605
5925
3506
2321
5534
6376
8852
9089
1475
6965
3615
4758
3219
3922
9240
465
4710
1967
5010
318
4299
2327
3617
7019
3668
1011
5122
2523
3454
4009
2989
6663
8618
1141
475
341
3655
4681
5683
9246
8579
4703
7217
3943
4394
9846
9666
806
2935
4338
6551
1949
5793
1107
8783
2023
2621
4698
3689
7776
1527
5875
9374
3356
1882
1768
9436
4267
5008
966
5541
2097
6403
4868
5708
4992
2410
3545
5065
8245
6037
8941
1550
6494
625
6406
1304
2821
6613
7281
7351
5944
3454
4176
9725
7351
5760
210
8918
7402
7651
8952
1301
8785
4061
8782
1094
6178
5324
6801
3691
99
9205
5102
6878
5416
6721
7292
9026
9283
4833
421
2587
7180
9802
4973
4265
4869
2951
4657
716
3255
8398
8843
715
7109
3100
8857
3855
320
9327
7293
7798
1205
8160
546
318
5393
7597
4167
7752
9389
9213
455
9045
6391
835
5597
7395
6320
1293
4755
304
5800
1523
1266
7441
4572
260
3571
1353
2218
2689
4008
9747
2434
1652
4960
5242
6371
5565
5468
582
408
2661
6241
1955
1930
5053
7584
4349
5016
6252
1362
3269
8423
1512
7871
3522
577
5085
5156
7694
680
2298
2377
8684
7914
7308
7584
7064
4320
3616
5540
9024
7223
9831
1945
1230
8014
1267
6410
409
5063
5702
6651
2923
1745
921
4329
6262
8798
7349
1954
5420
5503
2281
9307
2989
7553
1485
8054
7543
4684
440
1144
5968
6388
9636
7969
7682
1543
1178
6577
7517
9020
1009
1472
9089
3675
7455
9101
3823
7478
3126
7854
6547
8505
1447
915
7582
6176
4702
7394
3613
5789
1742
6716
8417
7326
3747
6285
5763
8482
2440
6292
3027
8232
7030
8592
8421
2112
7522
2429
1897
6540
2429
8672
5418
7564
4553
7505
8880
6348
1866
3311
3121
8276
6502
4444
3828
1080
4476
4670
7163
8825
3076
4267
9326
3058
6550
8316
8133
1930
2728
5722
689
6325
7617
9037
7808
8433
7201
4572
8115
7584
5074
5824
5585
3163
3056
8789
3684
2980
1040
3779
5975
6975
6567
5171
7689
7410
3397
3169
9829
6548
6134
8901
2536
6336
7406
7597
5747
2959
2931
6621
8113
99
8337
249
6546
5978
6625
64
7207
6553
3270
6386
8758
6822
8526
8955
4635
2876
3778
6981
4509
995
4130
2350
3029
7250
3341
6447
2705
8882
2197
42
2340
2864
1173
7867
7801
2325
1990
3153
8723
5224
1538
9790
303
2152
8551
9717
7868
1904
6540
9490
4271
6396
5492
2426
4728
5379
6037
4904
298
6563
8345
7237
2312
3941
4445
7603
4039
6980
810
3832
1015
1152
3400
1426
3494
3028
8620
3776
5340
7501
9119
3596
6991
2693
9556
3973
1517
2608
9064
6371
35
4303
5325
6919
66
1396
6780
2553
4583
4086
4629
4485
3354
284
6373
344
9969
1927
8598
5815
7356
2169
1227
4874
5159
582
8525
3226
6851
4214
6114
2311
3863
5251
3222
1735
6670
1640
6085
2852
4567
5041
5075
7674
158
553
4739
7283
2609
5869
2162
8837
9391
8208
8736
5281
2045
3730
6116
9857
1784
3980
6845
6365
6339
7640
7169
4688
7660
9950
5865
7465
8044
3711
6593
869
1930
9093
6597
5120
4093
9804
5753
8761
3223
5226
8980
7355
203
624
2141
7070
9027
9633
4717
1977
2818
7579
4337
6122
2669
328
4691
5325
5570
6084
3773
5195
2058
7286
7484
9178
6426
4297
7365
669
260
2850
5419
6067
4365
359
2113
1993
848
172
9391
9238
2175
1806
3742
1495
3746
547
5759
2555
1686
2469
7116
4181
3078
962
6797
9394
2183
692
2795
968
8293
571
4209
1562
366
9079
9558
7302
2769
9705
9244
251
3382
6460
5926
8697
319
2521
8861
2099
8756
8990
5550
6113
5518
2832
3663
4062
6341
6536
3672
2164
9111
8912
5019
2003
123
8608
8660
1325
3027
7208
3273
1743
6519
9689
207
8341
6620
2447
5524
4793
6199
8745
9485
2873
5587
4052
2634
3746
9350
8729
4119
5732
3792
8599
5433
5590
1342
9364
2252
531
8116
787
2844
8644
1335
5026
938
1648
9381
4292
3795
7328
9847
3191
4693
5317
8465
8502
3629
3042
5102
2015
6622
3200
125
8762
396
3640
4790
6757
2772
9211
5424
7264
6529
8443
7289
7758
8546
962
1240
796
3346
1376
9769
2266
8959
3435
6834
2794
5239
8807
4010
5212
8485
3301
3472
5462
4533
6960
3642
6840
7533
105
1205
6405
1400
2746
985
2728
415
1649
9165
8871
8589
4654
6358
7796
9876
100
3446
4601
1996
14
7626
6580
1413
7246
9678
2331
504
5353
4877
550
2767
544
1949
4926
3783
162
9583
708
4059
1271
23
8720
3364
9375
3924
3944
7638
4701
9224
7520
7301
4022
5570
8047
9823
7771
3251
1852
2934
3716
1896
2770
4122
1472
1251
5143
7320
1467
384
324
3929
4680
926
563
5597
3059
8946
7718
8437
9400
9961
4327
9618
9527
9480
5592
7084
9164
8983
3213
3832
1437
2306
1254
7745
8592
2852
5371
9280
8976
9273
6413
1136
2610
4821
1602
5834
1422
1860
4616
158
1057
7917
3690
8353
6119
7798
4025
9129
5649
3339
121
9583
5560
3755
4120
3794
6914
9251
9308
6725
4748
1469
473
5093
3147
5204
4207
9525
2547
5174
2314
5299
8356
1804
1331
1946
1520
3144
5476
4450
1483
8761
8285
8765
2419
1116
3440
1635
3946
2536
9299
418
3250
4454
8177
5706
5325
1769
7408
2416
4049
1323
8356
9178
4141
8748
3959
5135
8272
4298
7342
8188
2581
6264
4222
2832
811
9260
9488
2119
6048
1338
3274
3223
3266
3896
5781
6306
1538
3196
4940
814
3501
6976
4227
195
7764
2853
8674
2571
1908
693
6457
4367
4131
4051
8205
8704
5775
9876
4992
5280
9845
439
1448
5265
326
7645
5836
4598
6173
8180
5973
3211
1858
6981
9362
1390
7051
866
5211
2215
5155
6525
8589
6413
580
8357
6265
3304
5491
9800
7355
8236
8037
2191
6
3694
6003
9129
2558
5250
4571
8611
575
8393
5469
4602
5638
4707
2838
511
3163
2540
6980
3586
7090
1787
9671
9816
3731
2104
9299
7145
1250
2959
8554
9740
3744
8377
9291
6345
3933
3353
7672
3237
4749
2035
2102
7662
5224
1290
7666
6217
9692
8909
2649
533
3272
9508
3065
903
2200
7536
3589
390
2539
1991
9767
4382
6179
8560
8902
3243
2433
6784
4526
2363
6386
3564
7713
799
3507
11
9008
9827
5793
465
3984
472
7978
6943
4721
9083
3836
2561
6347
1096
8215
1153
9437
5480
5263
1033
2967
6857
2943
4703
9120
4441
4760
8582
6393
8650
7941
2126
1969
8951
9059
2255
2402
1902
8133
8637
2579
1941
4443
4014
5704
650
2104
1333
3349
5160
6657
719
9931
9871
1163
6116
2218
3792
3766
3072
3934
3196
720
9784
5652
101
8244
4993
4969
4393
6015
8065
7978
8940
7341
229
986
2242
6721
3131
71
9976
5675
3200
6686
4310
6206
6724
6381
6807
2951
8663
5702
9943
3723
6181
5415
1014
1451
574
7159
1938
3801
6665
4574
5021
4416
2053
541
400
7808
3864
1064
3639
3183
6273
9373
5638
8160
6380
8362
8009
7560
1150
4741
2320
5711
3993
7701
3251
6653
162
5073
8254
40
5907
521
247
5725
1540
1522
9449
5031
9256
5737
9849
9990
9609
649
893
3972
4928
4017
3631
3217
2352
7231
5929
6201
5000
3696
1605
3081
691
3206
3886
6436
2119
9793
3371
54
3938
6447
5461
4457
7693
5194
2049
5816
6935
2940
691
2008
276
801
5014
2267
7499
5550
9385
2339
2054
2636
2835
3724
7570
2841
2992
9221
8990
3144
5889
8025
1782
3445
7896
4963
2462
850
8717
9078
7511
1425
5890
8759
933
1559
8026
8852
8694
2853
1878
911
3895
322
7889
7290
1694
1701
9277
1618
5112
1103
1008
6573
4696
6965
4338
1510
2231
2748
5843
6070
116
1601
7669
3252
6570
2322
127
9285
6472
4768
8899
5777
8558
486
5259
9439
5216
5800
326
2156
457
9417
669
4202
3
3264
4009
9514
7695
7864
6818
7423
4603
692
449
47
3326
9048
5365
1194
5652
7592
8401
8710
3113
6824
8034
4040
5559
2780
2299
2133
7530
8705
1217
4035
8345
7028
893
1642
7345
3520
7233
8814
971
3067
8408
937
7572
1661
7940
8170
6756
9360
9699
1389
8099
2192
7671
7387
3321
5514
3742
2496
5201
427
2228
9565
7674
7468
8765
6527
9737
177
4653
3954
814
3972
6078
4005
7405
4852
5315
3347
6155
2239
9207
7768
3630
990
1352
9654
6612
8986
1584
7655
9668
5182
8237
144
7359
3723
762
7642
651
2543
7421
2928
7681
4145
1518
1929
4648
336
6248
1444
1484
5329
7419
3143
8030
7364
86
8754
9743
4511
1144
6161
6986
40
2285
2577
5752
8927
2272
9374
6910
8072
4286
6322
9739
7331
415
6119
7693
9265
1874
9109
93
9071
1507
5305
8508
5386
6504
5094
5951
5744
4204
2735
8784
6917
6344
6745
4136
6958
718
2247
4888
9063
4395
7104
7816
3280
5162
9637
637
5609
7337
5924
873
7082
9585
7381
1191
9355
2623
5426
2837
8468
6489
123
5633
97
7252
967
9150
1943
3373
2979
853
5170
9901
5944
4360
9782
841
1460
8040
2317
8640
9838
1517
1944
9716
6250
6662
5423
6667
9580
3438
9222
5504
6678
6101
1990
3669
3962
2007
2800
7312
9209
5389
5385
970
8744
3874
2724
5199
3518
6293
1285
285
3938
8298
4202
1134
6584
6209
7514
9200
2902
4360
5166
1850
8659
5388
6967
5225
4261
3494
8796
2369
7212
5454
7914
7625
515
5746
4779
7636
5759
7810
3618
4462
9666
1686
3405
1742
7470
7047
2036
227
3500
7180
327
228
2864
8953
8421
842
257
565
113
8926
1573
7817
5374
8437
2645
1462
2657
5427
8114
5435
8059
504
2510
8143
4277
9037
9956
8085
9084
4139
812
1181
7267
7972
7841
6771
6979
5180
970
8214
1854
7269
3250
7609
1376
7991
990
1166
4211
8878
7835
3133
6028
1471
5387
1737
2290
5713
6924
5409
4403
7204
8304
4133
8668
5834
7271
8744
5493
6685
6488
7443
145
8325
1535
8076
7697
3215
8494
4006
2870
1419
3715
5814
5579
6541
8261
9956
1431
1803
3095
3636
3044
3218
5682
6869
9572
6366
7834
5240
4068
6899
3270
9586
9063
7312
4134
7847
7352
6598
4556
3816
8602
4758
569
4059
9796
2288
7145
7226
7598
9895
7805
3679
3866
3579
1188
5677
2954
9784
4214
433
7818
6158
212
3797
3824
5541
948
9628
4275
1554
117
5786
5010
3764
699
3330
9028
5067
5844
4746
3787
7539
4186
849
8537
752
241
1386
3857
4453
3226
3215
3899
8426
9789
3259
7047
4331
5540
2172
7748
5077
129
659
6311
931
9849
9699
5466
1167
7086
4166
47
7506
9687
217
701
6438
7906
2664
7366
5517
4809
184
4457
9055
4928
5643
909
3639
8813
6868
480
9946
9219
8015
4038
1964
4852
9311
6751
5744
4297
601
4361
6626
3456
9816
2655
7224
602
1608
3317
9183
8633
6672
6972
2770
5360
6468
9144
3448
1303
8185
5134
798
6877
7581
3176
4205
7560
8417
915
8115
128
8854
8385
3821
6361
2809
5945
5316
7297
7729
8023
2344
4691
6602
4503
4829
2900
2166
1423
3089
5513
3237
2215
3721
8758
1753
4074
8522
9656
9714
3431
8165
3296
1693
2292
5651
8395
79
665
5833
8976
5412
7385
409
8316
7047
8811
3292
6725
4666
2405
4913
7563
144
462
1675
1377
4694
3186
1126
5855
8186
8436
6375
2052
6150
1193
3737
7602
2108
9480
9623
5587
5725
8794
9919
3129
2371
5697
821
820
2412
2140
5131
4331
9067
3055
5848
66
477
6408
1852
5644
9285
4680
8109
1502
6703
2877
2008
8362
9867
8520
5393
9277
8458
6015
1312
2841
8672
3089
4643
4367
1014
5050
341
9965
3601
658
4092
6080
6235
6641
208
9254
2572
2492
9128
2881
3066
6888
904
7783
2561
9769
9117
4830
7596
2416
5503
8584
3351
3980
6362
9061
7496
4922
5888
3620
71
2580
5427
7278
4279
2292
4906
112
3139
5617
3611
652
5813
4257
198
7675
2075
1912
3530
9662
4530
6685
7685
2301
5553
4754
1415
3221
6253
8562
8038
5143
7725
1892
9257
9799
6019
1570
9654
1050
8526
7756
2747
1483
5066
7951
8680
8784
9422
3050
6837
5074
8820
597
6811
263
4801
5957
5839
5144
6051
1554
4804
1781
7392
474
4171
3107
2120
5872
4906
9006
8120
1658
612
2355
2049
5466
1468
6972
1629
1025
958
707
6027
480
3885
6725
1825
4934
6475
4308
8466
7985
5182
5266
5776
753
5883
4725
1064
3728
9889
6933
46
1078
5090
749
8312
4710
7005
8122
7966
4523
3131
8451
7089
4916
262
1955
7472
1206
6520
2251
3089
5966
8062
3391
2784
5679
6390
1888
7719
6751
1964
1707
169
4287
8180
456
5155
1842
3026
5417
1330
6310
1944
8089
1344
8777
2123
9528
6386
3457
6709
5503
6638
4418
3261
6456
1460
1807
583
7967
7391
5517
2845
4985
4043
8493
3726
9666
8058
8412
1097
7366
9417
2757
8791
1475
8896
8840
5939
7349
1662
7857
3121
8278
5246
8319
5935
8589
9348
9392
5741
2494
2277
1580
4002
497
6598
2554
4155
4395
1770
7302
4342
9921
6087
5803
2233
9666
3796
9526
5138
4642
9735
301
7485
1904
8610
8382
3185
5308
9841
7068
8109
9931
587
6308
1817
4727
4983
2997
7383
6314
7024
7642
7334
4091
7700
9791
9868
9293
6790
7635
2719
2345
5388
1795
2347
2930
4450
780
6292
9442
4412
5714
4378
8174
7218
3825
52
7073
873
6472
32
9172
9933
7944
3312
6192
9851
9687
3159
5358
5023
364
5391
5508
9172
3623
2717
7800
6891
7154
9885
3780
8043
2547
9088
6645
8362
32
8778
585
872
7228
8175
3307
5577
5764
1170
8229
105
2228
7815
6168
3318
7041
7737
8011
8886
1958
4728
5002
7023
1255
2352
6291
3996
497
1054
2679
8320
5160
5068
3444
5642
5728
5187
7110
4865
6913
7630
5528
6499
866
683
6404
5813
6944
4782
2627
5365
4167
6879
5937
6587
7405
8167
7676
6865
8306
4990
7179
1383
9202
5886
93
2494
6193
767
2727
8369
1275
6890
9915
389
3457
8275
4061
1779
3854
3088
3898
2885
1129
5456
9782
3320
2651
1233
8450
9261
9517
1070
3530
8809
8569
7439
4662
9165
4861
5336
8487
1337
30
4143
6483
5198
1874
5052
1887
1098
137
3393
4197
1981
7759
7943
4449
5829
776
9584
1031
6615
1130
6094
7262
9472
6454
3722
8877
3619
9540
3955
7218
8424
9694
8241
6142
5684
8789
9428
5525
8055
4246
7775
5248
4083
6713
8924
3047
4217
845
2050
9987
7528
9482
7892
2089
3353
1947
4031
953
4433
7188
6563
5900
776
229
2894
9002
5099
9369
2493
1878
7813
5905
1489
4202
3662
6820
7465
7689
8115
8495
4967
9211
5483
1906
9441
5328
86
7967
3005
5652
1727
8059
6314
4331
6393
6087
4546
67
6951
1133
8710
1049
3239
9437
9306
1533
862
6196
7980
2146
8435
8947
8820
5561
4510
7182
574
7394
9112
8512
4567
6372
6542
2746
4244
5979
2644
2162
9207
7691
7155
9768
5751
6226
4716
7172
9583
5661
1872
6989
9186
9013
2482
4517
4757
4
5536
6017
8764
4698
5819
3894
6465
297
8252
6566
6101
359
63
5059
8595
3999
2940
6924
8426
5466
2660
3242
7192
1957
4345
4504
4467
700
7874
1834
116
6361
4245
3711
4125
1843
7249
1049
8304
4866
239
7512
4945
9707
162
7121
5024
4432
597
3642
4295
6136
9515
6733
6786
8205
2867
1262
8188
7384
4338
8314
7739
3010
5911
4267
537
2532
7941
9024
1940
7366
4290
3514
5269
9501
3241
2310
6259
2548
4895
3481
8661
711
1454
9008
9570
4779
8148
3917
6279
8885
4891
4933
7616
1105
272
1503
718
5527
1474
9258
7819
7920
6506
4796
5396
3040
5652
7005
3698
3657
1191
4052
883
3030
7032
8622
9862
1003
1162
701
3406
9311
4574
2809
7316
8765
8740
8897
4427
6903
8928
4290
9675
379
8913
9506
3799
4027
2616
8202
4794
7482
7303
6019
3513
1672
985
9986
540
4727
3192
9517
5001
4390
831
7199
8237
8225
380
9902
3539
6551
2071
1421
9625
9756
5805
7120
524
7540
2644
7306
2008
6816
2845
2803
4059
240
9561
7423
4367
9967
8343
8539
7331
7324
4949
2951
6944
5752
7665
2029
5877
7123
1816
9055
9297
982
9440
5738
1934
7715
4567
1054
4502
1567
4874
9660
7316
2312
3328
389
3952
7274
9634
978
5881
9636
5494
9008
5188
8319
2289
9866
4917
6258
5314
297
3905
2080
3485
7606
6672
8491
6349
7960
4792
3888
6547
9461
7230
3271
8247
2224
8786
4499
7397
6515
1663
6528
1996
918
2756
7870
3609
6604
6964
6954
3767
6747
1510
8180
1724
4305
637
7219
9438
3258
1984
6288
5420
9431
8254
5185
1445
4134
1836
3514
83
5866
7301
8433
5811
5465
730
297
5553
3302
5930
1448
7877
4697
3620
5700
9261
3771
3467
4411
3552
8626
9090
5369
4907
4299
6913
1506
1148
605
698
7763
2408
1943
7474
1133
4750
3467
4187
1901
3240
9056
6468
8885
2137
3760
4524
7153
5810
9176
2718
898
1114
1585
4132
5358
7731
6897
9940
7428
976
6193
5307
3480
1887
8131
6765
3242
1680
1328
1720
2032
9617
115
2913
6194
9196
8370
7983
3080
397
9536
9850
6702
1503
2267
318
9536
6840
6346
2449
7237
8289
2255
5984
9982
7641
9386
2861
5662
3177
1298
6985
8308
2944
6509
8654
8622
5312
9537
9221
4882
6788
4937
1587
6332
2105
7704
4610
6113
8836
9234
6423
1810
5306
4727
4670
6775
3483
2931
9869
3398
6870
612
4523
9953
4038
5072
5479
6947
8831
7601
5632
5515
2680
5506
7489
2593
2675
8288
7455
5819
4501
7554
9457
8605
1141
2871
5197
267
8323
5509
6379
15
6178
7315
931
9681
5266
2477
1230
2243
9479
6694
4588
4186
3238
1245
5433
554
1062
2368
8347
7896
4932
8669
7273
7607
5881
9847
8719
1198
3791
6297
6416
4244
506
9484
7255
9530
1511
2352
4209
702
5658
4994
6198
7918
576
9101
5419
8509
8943
5627
2287
9604
347
6814
8123
2767
9524
4137
2665
7203
1929
5209
4644
5651
7873
1647
3495
1175
3379
575
6099
7166
392
8450
9821
8092
8803
4032
8721
3046
7977
3802
9461
5017
7423
3615
8402
4954
3401
7198
5675
8672
4553
9122
1630
8499
8641
1786
793
6384
7284
6755
5226
3046
8435
5079
6828
5922
2747
7885
8191
1379
9093
9593
1008
4306
4713
109
7820
7003
3811
8738
7603
3861
4842
2460
8157
4185
8578
7656
8670
4041
6114
5588
6687
2780
7926
6463
4673
9307
6002
1666
5041
8082
6290
8811
899
7510
9545
5643
5698
5464
7927
1246
6643
9668
7700
1431
1686
2749
7155
3172
5464
664
1663
7062
4793
6936
1255
3116
2710
1173
2075
2185
5031
6218
3896
4375
4999
3864
3682
4572
882
50
9097
4065
1435
1238
9558
8420
6644
4394
7194
13
2172
8420
7759
4942
8002
8966
3039
1540
2471
8912
3956
3742
4287
9196
5409
4549
8854
4088
1072
7532
8600
8181
4894
9522
9785
4839
6125
1101
7715
1116
3720
6364
148
2279
2479
7461
6208
9299
7465
4994
8100
338
3342
3139
5530
4391
7122
6209
3432
9139
256
5257
6838
5708
2878
1371
8081
9483
1361
5233
5508
7554
2444
5035
5695
3872
7650
238
1779
9496
4114
3
8312
5881
8495
6535
4635
6055
1652
6024
5882
4541
3583
2597
1729
854
8696
8671
9924
9071
4947
6804
2177
8037
1967
8958
3870
4316
4701
600
5329
6574
8916
4204
3214
9999
3460
2538
5298
5942
4290
6784
5604
7029
1744
3873
1510
6497
2135
8407
6765
5768
2159
4130
5628
6967
9507
7519
6271
5591
9781
103
4022
7182
7553
3781
732
3653
4792
8805
7995
1417
8529
4648
1908
4818
5553
3005
4987
109
6669
4053
8131
5443
8659
3343
6220
4733
2267
7251
5410
8238
1140
8344
5944
6168
7305
4185
2715
4139
9116
296
9661
5067
2925
1032
7588
9943
4453
6996
5510
2273
796
4710
2405
3901
5517
4526
4164
7607
9778
8929
8349
8316
6372
1279
5855
4598
8452
85
7878
1735
1446
6523
7811
5382
8871
1904
4988
53
1523
6730
9192
4473
8192
1132
7823
6798
2670
4549
2602
5521
3909
3266
8597
4020
39
4366
759
4224
6514
7698
2671
479
2496
6519
9280
4716
7020
6091
4237
6068
1651
1333
1701
9073
9765
4337
9560
8568
4468
6291
6506
5323
1460
357
8384
705
6090
7113
6590
577
4610
8248
4214
5150
8152
2072
2968
8304
2593
6539
9547
2520
9130
6323
8396
5943
5006
8853
2965
4056
8931
9339
5696
5361
5245
5982
3337
5658
4309
6256
5004
5317
6488
134
2602
7717
3945
6806
6062
3395
6154
2449
7981
1613
6654
8887
2377
3034
5875
2486
203
7416
3027
4889
6844
877
2255
9730
419
4417
858
7293
3413
154
6991
2478
400
1598
6928
7314
1047
1075
8330
5847
1848
2977
9517
2169
1875
4007
7898
8309
8871
5446
9006
8201
1949
4330
8619
3392
1385
3973
7800
9309
5451
6000
3354
6309
9173
1695
8555
9814
1846
9374
2350
3484
6375
950
7554
1013
2934
4677
4182
9163
2708
1336
9820
7620
9525
684
4660
4461
3287
5740
1510
6741
3916
3989
6384
4789
4081
1606
3597
6506
6574
8409
5949
5506
7466
3940
3824
1772
4583
5001
2565
7691
9459
4556
9836
8590
1613
6238
7762
8488
9900
2803
1990
6213
2887
7717
8952
6208
4473
9236
524
1828
8147
1461
9410
7812
4949
836
2336
4502
6695
6798
5791
2958
2106
741
1218
6870
3788
2487
4176
4030
1060
9819
7818
68
7024
586
6024
8282
9537
4346
1753
1114
5279
9567
1274
7843
5615
9042
2139
3743
8622
4695
4286
8478
5572
2473
6720
9447
2324
475
7415
5036
2665
2036
1624
2072
283
2934
900
2298
4614
1305
7615
2476
5800
6631
5717
7464
4629
4001
5624
9292
4448
4111
8664
1155
3034
290
1230
1105
4759
4957
7882
9578
124
158
7695
6132
8143
4583
5604
5050
2032
9582
6205
2282
7306
9691
7847
7772
3814
9801
2021
4088
2119
1470
453
1986
8788
5536
2273
1994
8017
6354
2125
5530
6242
4218
4282
1537
349
5913
6617
5379
7383
5299
1337
2600
293
1090
6806
2267
9964
6060
6684
7863
6189
5881
5502
8139
5505
9855
1851
3320
6713
1609
6553
9534
3692
2921
251
5724
5655
11
366
6152
4303
3117
7934
9619
7235
2550
7140
9029
2647
6708
2827
247
73
1909
2167
6595
2902
8927
4707
6808
9487
7590
1237
539
5444
5664
9507
6167
8764
4217
9337
9241
27
8349
5370
7570
5028
5574
2312
7826
3330
8405
8052
2022
2060
9165
1350
7311
8713
1257
8962
8530
6096
4774
7458
1434
6577
1911
9530
1360
1414
313
1419
2884
1261
7126
3762
4366
6608
3204
5716
453
9733
6792
6098
9646
5671
3564
7239
926
3268
8143
9183
360
2990
5675
5358
2384
6436
4254
2785
6569
288
1631
8053
6948
8705
5980
2970
4443
5005
4180
5073
4624
6368
2296
6873
4767
4369
7898
8932
7940
2724
764
5759
4454
8009
3099
7730
7528
791
3969
3033
6018
4185
1327
178
4588
259
7111
2409
4112
7526
3132
9232
4437
4148
257
7466
5076
1150
972
6093
8744
9622
6620
7863
7391
749
7845
4787
1615
3337
1385
7672
3376
9050
818
6625
8486
5608
8703
8842
5122
1045
1511
8242
1077
5211
5982
7523
3057
1778
4644
5893
111
6356
7187
1205
6347
3263
3462
6519
9223
4366
9434
1690
7724
4537
2800
6294
4306
1222
5240
1041
6841
5671
7786
2400
269
3581
4160
9611
9097
1951
5993
6556
8653
7632
9027
7661
7595
4340
8670
4207
1291
6935
1774
7895
2821
5579
114
5530
3129
1052
4323
2555
5536
9877
6425
159
1066
7904
675
2012
7346
3149
4594
5682
9821
9723
4195
6065
5748
6567
4725
9922
7023
796
8109
4072
9952
6922
6837
4499
3193
4405
6725
3325
4238
3699
7340
7960
9707
136
1811
678
1171
1255
2415
3087
2192
5671
8439
7845
5137
4961
1268
435
6855
76
820
6735
1218
9219
3457
3630
7924
5686
311
8406
7116
3514
3978
4378
8090
6389
7570
4480
5582
6037
6065
8775
9753
2589
7937
7676
5572
9473
3078
251
6906
8291
4960
6020
8760
3703
2655
1441
5601
4480
5189
6754
5884
1337
3272
5299
3913
8187
137
956
967
8160
1504
3607
4088
8900
5823
6444
5975
1768
5164
9945
5718
4914
1366
915
629
2332
1293
4823
8620
6714
7166
8190
7129
1853
8327
7252
4296
1872
6580
9114
8531
1432
8383
3106
2339
8091
7611
4968
9771
4333
5633
9744
7017
4028
5084
3672
9511
2622
2670
2914
626
5316
623
3823
8637
1073
1331
6614
766
9614
9872
9073
5815
5632
6445
3938
6651
4853
5092
8753
4636
56
2974
5572
9218
6839
2172
2599
4600
2716
4826
3343
5561
2235
4338
1600
9294
1569
6363
6353
7702
1176
3040
3103
2549
4383
652
8851
6191
4878
5585
2890
7165
1998
5780
9638
9422
3260
1502
5787
4575
8076
5530
7619
3974
281
4953
8706
4876
9352
4230
6571
8036
2388
8773
5438
4960
5766
6193
5880
7297
4042
7051
7818
537
7885
9937
2453
989
8969
1787
5318
2874
2333
1834
3372
9328
8232
3238
7788
7456
3050
2972
6601
9949
6685
640
1264
2187
3949
2422
3734
832
6371
8074
8501
7110
8503
2667
7987
9342
8490
1405
6566
7098
1684
6134
2168
8662
5843
465
1251
8348
9525
8917
6982
4084
4106
6137
8194
4075
7106
8699
101
896
9262
5074
2834
103
7328
2055
5142
5655
4699
7107
4095
950
1473
7244
5494
4146
3813
87
3960
1736
5946
8121
1663
9873
8654
4317
3753
3572
1754
7870
3109
3189
1559
9696
1784
8934
5680
5639
8953
9298
5822
5018
2449
9570
3907
4430
6703
1684
4829
5131
1479
8112
3038
654
7425
3713
8913
9327
5420
141
4455
5345
5050
6135
9034
5196
6589
9597
9156
2381
8250
9588
1662
7062
7966
6180
5668
8209
7577
3529
298
9724
8301
3749
1230
8011
549
4207
1646
1705
9197
9374
5940
3518
1377
4251
2826
8005
1582
9084
6133
258
2374
3954
2862
9025
3050
6203
5346
3101
9394
6898
8454
6322
7436
132
4862
4454
1425
16
7251
5202
4775
5763
3112
1555
2483
8085
5245
5122
9516
4922
6333
1860
9595
8912
238
6773
4896
6001
7562
5833
9027
155
9274
6978
4168
5245
2549
6052
1922
154
9216
6585
4770
44
71
7073
5725
7780
2449
9190
2258
9455
8862
254
3016
6215
4440
5798
8370
6580
495
8794
8890
676
5750
5783
303
778
549
2250
7477
3390
5745
3788
6917
6430
453
6616
3678
7378
3327
4487
1483
7836
1911
560
3194
8564
9435
6684
1274
8001
940
5943
3918
7977
5380
6815
56
8268
1754
7792
1645
3640
9027
4874
7764
4419
2568
625
5332
1026
6774
657
7047
7337
122
4031
3543
7996
6539
4586
4417
5743
7753
5805
1443
9588
7361
4459
3895
7001
4598
7786
1595
74
3137
8725
5061
891
2084
1221
9964
1042
4921
4439
6381
7172
4887
8412
9245
9908
7213
5106
5631
5020
7528
3728
682
8574
5683
201
9423
3245
7746
4361
7412
6086
5843
5618
1127
5146
9542
5000
5737
4924
5585
6284
7037
1616
1365
7313
5511
4827
5458
63
1218
7003
9017
6383
53
9352
7160
3989
1120
2564
1157
6442
9461
1274
5098
3703
8768
9511
7537
8071
4251
8228
5615
7205
9083
7856
2438
1066
9488
1982
8075
5937
8714
1970
5028
3218
7901
9967
6500
7964
4468
3236
3751
8356
2574
4571
8349
896
2781
9163
8109
237
6033
6452
2373
2593
5611
7143
3077
4512
1719
8820
219
9768
6649
5444
3765
7950
9267
8268
1542
2012
7840
6328
8322
5877
6178
4860
4309
1388
3657
1139
1947
3454
8265
5765
4765
8787
9178
400
4998
4784
2660
7847
3118
8095
6967
5021
7738
1645
5097
9612
5161
9231
2526
5604
6049
9173
9376
4587
4239
6926
1454
9250
8731
2972
9813
8946
5137
3533
3557
1967
4007
4147
8540
8585
4393
8406
4364
6566
7424
52
5879
9209
6024
5649
9002
8386
8843
1865
5828
8676
9380
1509
7811
6275
8733
9103
3029
7056
3280
4443
1835
2812
7715
31
1621
8124
4828
7201
2140
5123
3973
7741
1261
7308
2745
1586
488
4975
4664
7477
1775
1626
809
2265
3468
1101
8554
6509
7738
8337
9118
5758
5686
8004
2419
7392
4779
8420
9061
3701
2163
2976
4976
578
9408
2388
4639
5136
9010
8830
118
880
1634
5036
1635
9344
6491
634
4771
8162
5332
469
8009
4416
7190
9028
9432
8677
4067
3913
1972
9014
4648
6576
808
8213
2568
6637
2518
7574
8245
7180
2335
4046
3658
6086
9675
67
6818
9024
9493
9997
2062
175
9160
1398
1731
297
707
6291
9265
844
5488
9563
8083
7369
1463
2109
1355
9235
2859
9422
2284
707
8314
4575
5862
8560
5893
8699
882
8821
7053
5719
6588
2467
3327
9148
1601
35
461
4635
1096
5490
8362
8427
2060
9687
8578
8785
1089
934
7007
7795
908
5441
5087
8074
5635
741
8449
5022
8320
9307
2547
2854
8108
1312
7564
5482
4929
933
5976
6034
1251
8575
7095
8738
1701
1590
1278
398
1794
2449
2045
5402
1409
3048
5769
6257
7372
769
270
9577
8816
3548
8325
7520
1303
1562
2260
3286
3331
2327
3661
3512
2707
8511
7685
6525
9160
5832
4089
2922
1761
4961
4422
360
7096
5092
6168
1429
9119
8811
2900
691
7054
937
4046
1516
6363
3091
6433
3796
2415
1488
3617
2744
2175
2595
1488
939
5571
794
8419
3909
711
6501
9893
9618
433
2344
5940
9624
4346
8742
3262
3515
4096
1648
5509
1732
7117
987
9335
1783
3311
6415
3874
9669
5506
3050
5012
2611
6895
2339
3058
2986
4398
5250
2910
7861
1621
4135
2588
731
7978
7084
9344
9171
1537
5698
1027
9640
7532
2527
9246
1659
6352
1142
9121
2236
234
1822
6553
8418
1866
597
8028
8146
703
9338
25
9468
145
8045
8896
8328
3766
7141
8854
2038
9436
4533
543
3140
9382
1872
4548
8402
2344
8040
388
4739
7320
609
7924
1691
2439
6355
197
8100
5074
75
954
185
1766
3187
9828
5269
2208
5346
4372
1109
1637
3060
6952
6352
5425
7987
7742
1464
5351
6455
2230
4140
1740
1984
1220
5435
9181
7578
9448
6729
603
2259
6242
4031
3170
1436
8872
1909
3778
2882
780
5959
1059
6797
4350
9096
6188
803
3737
7591
5758
9385
465
8353
8411
9759
8833
2137
1991
9641
8636
6216
4650
8734
3054
6035
6941
5233
5499
4197
3553
4873
1634
3061
9685
168
2875
192
8647
1896
4227
9943
6758
5249
686
1713
8186
7206
2771
2323
5161
8488
1805
8666
2680
1966
411
9304
7097
5463
546
486
6348
1535
6702
1059
4837
389
3958
8907
1650
9676
4423
872
2853
6544
8947
5034
8011
9959
2017
6991
9557
3096
1036
1476
5754
8163
2543
4873
7375
4084
4399
5166
7251
6095
3284
529
6549
3150
9265
6399
9537
6041
2903
6837
321
3017
2665
3072
6857
4119
4864
9515
4822
8536
5156
7901
7565
9271
9858
4197
5293
6256
1041
8475
5210
2533
1754
6044
4537
8415
6250
790
3917
1101
6555
7405
118
9242
3203
3842
7308
4053
5267
6029
3042
8105
8194
3709
1769
9789
6166
8994
847
305
7377
2437
5667
3688
2754
4237
6451
5586
6029
7884
5124
9170
7928
2605
9401
9023
4084
3919
5539
9525
3044
9127
4144
5095
6833
3213
6048
3400
4722
1029
9364
3091
9243
6460
6541
1010
161
7768
7585
1167
6369
3520
7456
8560
3007
3834
6262
9711
8487
6759
2244
3289
5164
998
9514
9147
3461
8349
2014
7844
2296
3778
1379
1630
881
1739
5831
9842
4800
2626
6788
6258
3330
1883
2494
2238
4715
7336
3968
9819
4423
587
2680
2506
9323
3619
8282
5215
6030
8472
2423
4797
5461
8375
2838
3486
6673
4277
5462
757
9929
9356
4957
5057
9011
2270
6949
5479
8643
2530
5185
2435
486
7681
7973
9743
6883
8871
8829
2181
448
7849
1905
1610
6521
5349
9818
5361
9677
4089
4899
4769
776
228
5668
2752
7382
2983
860
9732
2354
4276
6364
5807
4883
5675
1290
8129
6295
6113
4946
1916
6590
8630
7860
9870
1642
6754
8928
8681
6706
9658
5671
7861
462
9542
3059
9597
9490
6440
6729
2813
6999
2482
7421
9591
255
7647
592
17
6890
4547
6030
9739
4462
9738
4203
2682
3746
547
7942
7885
4020
9211
3658
1388
2479
7047
4761
1320
1500
3234
357
1674
5169
1751
6335
7883
2833
7310
5123
6833
221
9605
4251
7882
1927
2246
1281
943
5390
271
7850
9011
5204
9442
4885
7492
8882
4805
4838
4016
2351
633
477
884
6767
7672
2828
7369
3669
8775
2704
3993
7794
6991
118
5090
7385
7802
2308
8103
4371
711
1369
4151
7480
1113
2516
1756
8654
7815
5708
4005
5543
8949
797
5103
5495
3084
1167
303
3687
504
6465
9991
9025
1490
319
3162
9535
3282
691
4030
6566
7649
1423
5716
8661
6056
9794
9278
2968
3574
3353
4963
9816
1626
6126
2320
6289
5456
6061
6932
7834
2657
6276
3347
3841
5844
8104
7600
377
9294
7618
7850
6648
4143
1934
823
8019
4525
9689
2878
8954
810
9844
3073
1151
2779
8712
4538
8383
5440
7767
7992
6778
2098
9237
7648
3595
2546
3127
9832
8882
3355
1828
2457
176
9145
1659
4851
6921
3634
7217
887
5447
8197
551
5385
6878
676
9400
3817
3418
8485
5623
8357
5296
1200
3717
6446
9097
9909
9701
4123
6956
8261
6636
8265
3234
2608
8174
7836
2443
4827
4504
8822
2306
9694
3967
4522
8506
2094
3994
7924
1885
4199
9826
726
161
9220
7544
6598
8407
3735
376
4846
7070
3649
3025
1756
3971
9417
1559
2374
9119
4530
3383
4077
3053
4017
2784
1396
9338
9465
1395
1403
3607
9727
4469
5945
7895
213
8631
4216
2033
9142
3012
7660
6427
2362
143
4471
6919
3024
3825
8920
1270
2072
5387
9814
8890
8240
7240
4332
6345
6284
1735
5922
2392
4359
9680
983
2753
661
2428
7040
1741
1620
5268
7111
2954
2189
1569
1681
2728
6367
1881
4093
8223
7894
8846
1315
1054
2852
1121
6114
941
7077
4147
9514
9584
5490
6370
947
6353
6959
1867
1553
5534
9997
6514
9106
2200
1394
3522
9265
6560
724
4120
6516
9704
75
7501
2152
9192
4972
7210
9317
9190
7804
6546
5936
2667
655
6961
2674
4557
5899
133
7521
7350
9078
397
6207
6557
1597
4919
7102
2653
2833
9746
2228
6990
4277
9799
2415
1864
7786
1060
4295
6831
8791
9203
8593
550
3458
335
6343
412
3838
6293
5625
5825
179
1593
1443
9244
1633
5682
2094
4099
8313
5270
2913
8926
3765
282
2073
7847
4507
656
5882
5084
1122
3336
3464
9885
2460
6241
8817
8955
5292
8354
9313
3854
460
5524
9377
2152
6296
4551
6841
2623
2619
664
9918
6488
3351
7881
3389
7263
9554
1441
7169
4843
7482
2470
8840
6103
74
3616
5587
9956
7456
3521
5112
963
1894
3696
5992
2921
731
545
9149
1416
4506
2112
4929
48
9946
2199
4519
6910
4272
6010
8876
2048
1611
3670
3050
9197
4961
3546
6604
4398
36
5082
431
6435
9835
6807
9659
9232
3666
7621
5290
7804
9779
7549
5136
1113
4553
745
2281
7415
8708
2325
9793
6553
2179
7777
103
7825
7512
6273
5477
9459
6022
9549
7134
5704
691
1082
2557
7968
8010
2447
8759
8065
733
2674
9723
5575
306
9697
8230
3370
3378
3808
7781
9950
8664
9096
7776
8126
6253
2539
3911
1763
3213
1876
6478
7512
7089
2122
4677
7506
3941
7334
3175
1162
6826
6152
6466
9749
4385
1699
1671
2103
198
6052
5706
3168
1880
1616
6661
1696
4154
554
8112
975
8117
7180
8807
5689
632
5404
1930
8964
7601
4799
4823
7658
8045
5427
7772
5462
6221
3960
166
41
5285
6680
8733
7158
5116
5928
3871
998
7728
3051
295
7154
5070
5111
3087
7851
4737
1452
7710
3742
9946
629
9284
3289
8006
7062
5837
5779
4310
1544
1402
1494
6851
4468
8303
3862
4746
7950
4704
2920
8110
1226
683
3640
3541
3618
1024
2279
4441
4848
902
1931
2942
624
6664
3474
6160
8499
7110
3273
9724
5101
4603
5116
2725
8896
8929
58
6728
3946
9396
232
1288
3070
7388
3387
649
4248
7702
241
9673
9601
1335
9046
6940
6833
4251
5280
5486
6808
2566
2552
7142
3041
4181
395
9111
6123
2123
9030
9028
634
1798
6506
1917
1954
1733
2319
3733
1515
2170
3026
5279
4323
1509
8669
8031
6396
2394
4771
52
1826
4526
2430
4485
7852
2927
9122
2028
2019
2679
5361
1017
3585
4344
7365
4282
3948
4153
4029
9340
7249
6361
5967
5117
8822
1446
5077
1695
7145
8336
6626
6045
4448
977
9550
5224
6190
9031
5345
4068
5428
6290
8188
9194
5364
5457
2438
6826
7413
9009
9147
5688
7784
6638
9586
8869
7344
9117
6640
5106
5599
831
6810
9299
70
7165
6193
2911
6418
6494
9655
9009
8792
7928
3529
8819
5209
763
1583
9508
5737
6847
7689
9544
285
8800
4751
2419
8595
7702
2936
8213
2079
2783
7453
7237
407
6225
2684
5046
947
8903
4933
4494
3044
5122
3937
6176
9075
1773
6959
4846
2138
4635
6989
1127
6785
8160
3637
2758
1892
1998
3215
9176
3725
9091
3563
572
2512
7506
8943
6898
2709
4826
4429
6716
147
9572
5257
2821
5939
5073
7361
1498
7167
3638
421
9141
4103
5627
8393
4054
1025
1127
7934
9482
3513
4245
58
9248
8468
1302
8063
2433
2984
5212
3017
1133
7971
7370
7387
7264
7306
6757
1429
8062
9842
4218
5206
3699
97
7234
466
7174
3907
5167
927
2642
4311
6605
9678
7976
7105
1468
2197
3388
7622
1815
8225
6507
1912
2881
70
6948
8601
5622
7814
5915
9066
9179
2997
459
5762
8642
6688
3868
2400
8872
9703
9948
8352
8477
9551
3386
7406
2807
8029
4549
7109
8293
8972
4939
9654
3173
7577
4558
7171
3101
2077
2121
3472
2131
3713
54
7629
4444
7892
5551
7872
3498
1824
3073
2715
9453
8947
9569
4709
5986
7600
8109
5529
2153
5023
482
155
3881
8229
8486
1392
3410
9096
5392
3311
7333
5591
7032
7721
5408
1531
9504
2557
1983
4027
897
5426
4960
825
3809
1366
6442
8733
9435
9831
8155
9619
8831
7979
7372
7808
4349
5515
6441
6853
8585
3272
5325
5788
3492
8268
2209
7169
2477
5120
7408
4488
1722
4937
198
7145
5879
8160
9793
189
9644
1699
367
1743
9831
1095
8012
7075
7398
7890
1698
26
4837
8324
1239
546
2307
9168
1333
3689
1920
6384
6246
5924
5590
9717
912
9106
2350
9102
4928
9500
798
9983
7937
3842
5204
3151
1570
7942
8200
8831
8356
3795
6303
5856
8063
9120
5517
1678
2369
483
3900
8406
7687
8017
2725
528
6256
9816
1607
2014
234
568
8881
9526
3705
3606
3583
2432
8096
8139
4081
2887
3731
8204
5815
9524
3567
7445
6260
4012
2939
9270
6256
6160
7549
7326
993
7019
1636
5639
2089
3041
397
6713
5799
8151
3507
8739
1898
4827
8476
9611
8938
4407
145
4055
2164
3278
9107
4206
6537
6876
8833
5899
523
4090
2480
9212
6288
8196
8889
1486
4820
9495
6934
9212
8981
2563
2518
247
3943
232
6557
4144
3909
4458
2784
5601
8610
1215
2913
3750
1223
9853
2382
8200
2405
9361
8556
1324
8350
8756
4627
8246
4919
1665
7426
5005
2309
236
9736
8873
6564
8480
9791
2308
2468
7061
8640
8773
791
2664
2446
2122
7290
8661
803
2151
2949
4608
2195
9515
7889
7164
7892
1363
2313
9144
3492
1587
5778
4041
8698
3072
2288
3418
7596
8658
2179
1290
6651
6262
3570
4224
2615
5825
9244
2782
6581
5285
2933
6067
139
9832
6242
6923
9095
4104
6432
9249
9284
6716
1744
9631
9440
4364
6853
4135
7548
4716
1860
2472
9513
8449
7859
2491
707
1830
6774
7042
6273
6772
6521
8558
1952
5063
5224
8366
3986
7613
9381
758
8963
3291
3767
856
624
3944
5125
9139
105
1790
5024
5408
4349
2464
1737
7684
136
2919
5962
7643
7484
8580
2085
2831
7864
3324
2736
5639
3554
1488
3576
2374
6888
3659
4258
1402
9588
7157
2423
5787
2843
6996
2168
1522
300
7547
5952
3254
7317
3945
767
1365
6862
2227
7107
3144
1813
7381
1345
90
6480
731
1098
3606
2350
195
1701
5596
6041
3776
4902
9070
1207
7652
1369
1154
9170
9358
3250
6542
5204
2732
6007
2260
7910
2915
5437
5817
3840
6385
3877
5824
1737
5678
5686
1046
2000
8771
6445
1910
9237
2382
8
4678
9065
7665
5191
6632
9031
2352
172
599
2567
5427
1914
7951
7674
219
979
953
1067
5375
1862
6336
1221
9934
2924
9739
1685
679
1136
8391
9944
2414
9942
819
1987
4393
7857
9613
2782
4118
6857
6584
594
3917
7674
9537
5380
4103
2563
5235
5200
5817
2202
1956
2397
4320
6910
9884
878
4686
4497
5334
1327
8830
5364
1494
1582
8036
2613
6466
678
7585
7168
1169
9977
2663
2589
2298
3106
8409
3358
5576
6230
8799
51
9523
2621
3162
556
7627
530
4044
9127
1829
6988
9060
5222
7318
7885
6385
2814
6379
1178
1790
4029
470
9481
9578
7764
7029
3808
1266
5682
378
1602
8316
2509
143
6312
1023
8657
9129
9810
5812
6988
646
3072
2203
6810
1255
9471
2579
1470
1547
435
3607
154
5757
6373
3587
6083
9735
3424
8509
746
4278
1921
7907
2776
390
9542
7272
9729
8746
8717
7837
4336
1875
8633
842
2368
7451
5760
245
3430
2901
390
3010
8207
8028
4468
7554
124
6745
1321
5737
2158
5558
6038
1609
3457
7034
2569
8467
6947
4462
6466
4465
7962
5377
9662
6197
9490
335
897
2749
7654
8768
1100
7360
3373
8342
2122
9739
7602
2210
6042
7876
9039
5146
5545
9675
2614
4510
2450
1242
6767
1125
5999
3605
9997
2954
6272
9320
5662
9825
8264
9550
5229
7961
2204
6768
2311
3353
4770
9990
9756
3336
1456
2045
239
3578
7193
9425
6109
9014
5019
6851
9606
9158
347
799
3543
4023
8799
6662
3875
2123
7115
8607
5946
5094
9677
1532
7814
2281
987
3314
2858
8146
6344
1637
5991
4009
4814
1674
8954
7726
8885
6894
9883
9420
5035
9883
6648
488
8679
3474
2503
6367
3697
9056
4921
227
6749
6933
6478
3865
8462
1128
6042
3880
8049
5461
2494
9823
1324
5260
4606
9734
5719
8741
7703
7642
1284
9498
8257
3837
3015
4551
4833
9791
6385
4284
6052
1875
2161
9314
7828
554
9417
6878
667
2551
4103
8236
3130
4879
6631
2919
3149
8621
5564
8314
5527
7613
3026
9239
9918
3736
4978
630
3270
3071
5835
9411
6736
914
1509
5057
7305
6369
3414
558
1753
621
3796
5066
2704
4365
6604
5280
8462
7015
1841
1263
4992
3968
7944
2459
9362
9971
4041
8251
4426
7345
4722
5657
4058
2462
5490
1655
2180
3172
4276
4036
9776
68
1122
457
5982
646
1596
1200
1898
4958
7089
9227
4118
8359
1690
723
4603
4454
8015
736
6966
4173
4483
7539
2827
1690
8966
5001
4668
9801
7963
1379
8308
1978
5615
7961
4461
7892
3754
2677
5792
1439
1806
4202
618
2882
4194
5594
9025
6655
355
437
4328
1520
4456
7407
3618
3078
4878
7190
9424
9878
2315
3607
2634
961
5165
150
9680
1692
7016
6248
4920
5643
4929
3426
1742
398
4792
7231
821
8886
2900
1757
246
2385
4884
9569
10
299
4950
6877
3415
7725
6869
5360
5517
7286
4773
8079
3550
8301
3251
9198
4082
1288
648
3019
8969
8849
6303
3946
374
8965
9189
6855
3966
8969
9657
7560
8124
4993
8566
3016
5981
3839
1444
3743
1545
2780
7736
8023
6313
7718
8332
24
7716
1414
9184
6946
9589
7108
3252
7330
4094
6007
7742
1645
8319
9026
9787
1706
6897
5179
9747
2886
2197
4035
4196
3163
1822
9172
695
5279
3358
8121
9872
8551
3460
8506
3104
6467
7377
8461
6736
7978
1885
544
6238
2014
7033
7191
5766
3675
3655
3082
7717
1200
2325
5406
7983
2353
8127
1080
5639
6283
1735
4319
7736
6267
859
3352
5997
286
4547
537
4234
8568
8091
8723
9842
3038
4216
1909
6788
467
9889
2088
2113
6200
9955
9944
2151
4417
1255
7183
5468
640
7035
5440
7668
3798
6752
900
3715
4816
4429
9045
7502
9789
9256
7420
2038
5843
9000
6105
2062
3332
2386
4799
1763
4478
2741
3133
5902
941
6710
6374
402
4269
1539
5351
441
4321
2111
354
7839
1445
6759
5030
9066
1042
9596
3599
1140
873
4504
1211
5339
235
7195
8425
1193
6300
4457
5250
1946
1931
7649
489
6721
3717
9744
2521
3086
2112
483
839
2738
7836
8613
312
4825
5539
8746
7936
7349
118
6616
858
4183
933
6530
1895
9680
166
399
1403
1826
9218
2401
8095
7952
9072
4328
7859
967
8678
5895
802
2376
1171
8141
3245
7856
7472
1922
7629
566
2637
1428
5022
3525
869
9291
5556
5181
5686
3665
5997
8186
2807
3091
5839
2391
2441
1925
410
9890
3164
3610
3575
3557
114
3080
3308
6817
1395
4582
2069
4116
6712
3178
1206
3863
688
9464
3846
6400
3136
462
8961
781
3126
4029
2558
830
495
9758
5167
799
2911
9772
8566
9190
6692
4481
195
1873
9248
5176
1353
144
2962
6730
653
7921
5570
6191
1777
7037
1328
7937
9735
872
6173
7168
594
7190
4010
6385
1105
1876
3382
5669
6254
4936
7095
8566
4456
1445
6282
6602
887
5785
7276
572
2672
4530
8095
2172
5828
7478
8584
7943
207
3046
5774
9933
9665
8836
4770
4723
581
7938
8921
4795
9797
9244
3650
3651
1081
6135
3862
559
853
3328
3128
1163
4644
8613
5410
2940
750
9982
6739
341
1884
9436
5825
8463
4351
2568
7659
9318
1574
6281
7879
6840
1865
992
7157
389
6194
5964
2766
731
1038
6576
9283
4294
8437
749
7505
8661
42
730
913
3990
2008
7696
7261
2470
3594
2317
7280
6463
2568
7259
6741
4863
7174
253
5031
1410
1120
4278
2597
339
2078
9822
220
2975
3408
385
541
7724
4418
2931
9568
6644
8771
2070
7160
8068
9961
9805
2574
770
3541
5892
8166
9135
3972
4706
3263
4859
2334
7940
2024
4377
4704
8985
3716
2037
3352
6938
4992
2143
1650
6851
1987
7139
5047
5737
5608
7158
1213
873
2007
9210
1990
7021
1829
4236
1560
1181
4276
8718
7677
6345
5420
8429
6775
5258
7373
9625
5716
1119
3682
8655
5034
4328
8877
4335
854
9658
2634
7499
1044
6096
5528
7880
723
4569
4206
1807
6836
10
1608
9651
835
3217
2022
2488
8728
8085
1002
3697
9275
9501
9486
7925
7411
5888
544
2519
2022
8171
7072
8217
246
4239
5519
3407
9369
4336
5933
7946
9490
3835
6940
9184
5339
7058
5567
5550
4184
8207
5385
8431
7974
8464
2064
4301
1420
8576
9486
7668
6511
5322
8018
2259
4245
6674
3374
2930
6877
1275
8256
5363
6988
4402
1729
9015
8727
7078
2776
7435
9064
3751
6468
9143
4955
1949
1756
6759
1563
6030
9246
8883
1131
3939
58
1289
3780
1443
3091
4517
2144
2606
6204
4434
7722
1601
9369
1397
6380
9122
3562
9543
2696
4085
7383
846
5798
6507
2480
3054
9440
454
4107
5409
8785
93
8138
2447
750
5171
1707
6032
6418
9834
5189
2717
9256
16
791
841
3842
9843
1809
2496
7987
3221
6615
3536
4229
9125
2750
4384
9172
9687
2930
7934
1914
4592
8981
138
4203
1726
5506
9158
4740
2579
4398
8982
3230
4033
1694
2772
2203
9363
393
7989
3939
9128
7860
3675
5747
950
2316
8510
6290
1471
1594
5688
4314
2218
8933
9514
5889
7746
6969
6211
6560
516
4628
8946
5581
5650
3266
6625
7044
5803
483
6286
1121
3974
2792
1043
8456
5334
8686
3742
7658
6382
3880
5145
7162
3758
5374
715
5266
7271
6401
4643
5428
9749
5951
6414
8421
7194
6241
3661
4489
5895
4747
4502
8922
1055
7797
810
192
1282
2533
1747
2154
6618
5386
1498
5657
5112
2568
193
5540
1606
2352
3133
56
311
746
8450
2747
2891
879
2385
4672
2131
4409
1404
306
7338
4640
1333
6891
2088
7655
3498
123
9066
5365
7819
7600
243
5250
3498
3871
999
4121
7365
6028
7762
437
1412
834
9311
4206
1138
2506
9787
4966
6385
1652
1052
8030
7075
876
2341
2929
2040
9616
3946
4120
9789
6431
3219
7699
3862
8633
3598
8930
548
5631
5085
4766
9811
4278
1651
8498
7680
198
7633
36
2306
6641
1003
9776
6928
4452
7854
763
9753
978
2301
6070
6
6725
1019
7281
5553
7751
204
3926
874
7766
5914
4606
1983
711
1664
2469
7032
369
3470
5629
1464
8695
2195
4575
7504
8295
9422
5950
3885
8343
5615
2491
2384
3813
7215
2176
4381
1286
2818
7528
6980
1332
8083
6972
6721
9652
3277
7000
9629
6344
9161
4820
7250
5577
4979
9812
8197
8152
4487
4850
5426
5075
5711
8405
6102
4639
8300
4000
108
3643
2963
6587
4600
358
217
6160
2734
9040
3834
89
8004
3144
4408
7639
9771
1051
2612
1341
1843
6190
2011
5947
1438
7672
1503
7070
5979
8835
559
3882
603
3020
2386
3788
1510
7059
5704
8609
2065
9185
2241
2542
8853
6916
8427
2906
8290
2394
2454
6765
4413
7707
8518
4460
5108
7210
8009
4903
8554
3468
7294
885
303
4262
2215
6341
8680
7401
6468
9871
4725
2390
3048
6438
6839
61
375
7596
4099
8661
4303
3396
1460
5342
9037
3246
4779
1154
9211
1402
5074
4594
6640
3980
75
9461
140
9252
8390
2773
8550
1102
2471
4427
6222
4564
9271
9257
6805
4725
4247
4918
1481
1592
3055
9189
7776
6701
1185
1529
432
4560
8313
7940
7429
7214
7129
7190
534
5672
4078
6208
8443
5443
4086
1998
6500
1438
7451
2128
5720
3656
9950
3751
5594
9952
5721
5321
6998
1405
8958
7667
551
9848
5187
7222
9341
4780
4710
9022
1600
8538
2922
6231
7713
9149
4560
4872
2301
456
9423
1464
9805
419
2834
6815
3449
2818
448
1849
4914
6650
8490
7831
7202
2406
275
6713
3261
475
9385
4340
3604
3909
8631
9842
9266
7865
1200
110
1162
2708
234
6932
1796
4515
5762
9163
3030
7442
6239
8996
1911
7992
5043
6018
6877
4301
6137
1704
7264
5401
4081
9617
5801
4421
5795
7059
8959
5142
9699
9806
4264
9154
4553
2661
5587
3172
8007
6288
1920
1978
2404
7411
3646
9315
1238
3646
8882
4718
4244
9023
9924
667
1374
9109
8243
4660
5314
1851
8175
9963
3469
1889
5212
1416
2477
575
5329
1696
7226
8069
5567
1144
2087
5800
3541
1468
187
3678
9785
8289
861
213
8010
8522
4997
1337
7764
7914
6983
716
3154
6246
947
1215
9740
5779
5192
6754
3306
6592
8097
3484
4305
5863
5030
2263
7940
3167
7624
78
3178
6488
1591
5455
5876
8238
4757
6029
6139
1065
2974
9228
3731
7424
8032
6026
9510
3432
3098
8387
7738
2456
7702
5642
2775
1648
9336
6938
4569
5455
8162
3014
7420
6390
2000
244
6629
7882
4508
5608
4927
6905
2572
762
3053
8337
7356
8980
8280
8098
5649
4256
6621
630
3208
9047
6996
7104
8496
5856
5655
7143
1337
6193
2523
9524
1209
7497
3543
8259
2278
2531
5964
763
5025
1139
593
2097
1783
9083
9761
3257
432
7854
6017
4190
8433
4756
3784
8264
9830
8619
7923
7785
3920
6622
8443
9200
8342
8826
8554
3696
8306
4056
7376
3405
4301
9337
1469
6197
1526
310
3353
9508
3409
9759
6382
4890
2481
2252
5795
7954
5401
6957
9486
9579
4657
9905
142
734
1224
9816
4501
8616
5656
7942
4478
5243
4989
409
6531
4416
4163
7413
2213
2403
8354
1883
4627
1486
7673
7302
7322
6968
3736
8072
5846
600
1458
3445
8035
3838
2322
8401
8253
4554
5484
7955
8596
6524
8443
9244
6482
6508
525
8850
310
9438
7515
1360
9555
8264
7804
5563
7997
9987
628
1125
4814
6336
1353
2660
980
2208
8864
3499
9213
3479
5982
3092
7320
3672
4270
4137
3407
165
4601
5077
762
1218
3491
9709
8943
7959
5655
8711
4554
7618
2419
9167
3528
4272
6694
9634
6561
7764
2586
9073
7887
5603
3006
3251
7760
4389
7752
3588
7414
7197
996
4281
8842
3027
5965
235
2449
1240
181
7573
3518
4666
896
8693
4686
4671
108
5957
4843
3573
9171
1964
1140
1433
1796
1384
495
521
4776
660
8402
6548
8722
3570
358
9609
9913
1994
9323
5502
5064
4610
1294
8170
7381
5594
4289
2555
3795
1964
4406
4714
571
8354
8761
8582
360
218
2122
4443
564
9003
6880
8183
6262
3821
6993
7376
7786
1577
5622
3974
2351
1639
1052
7546
1867
5292
3396
996
5201
2860
2868
9664
95
9544
7998
3075
5957
1727
3081
2259
8007
7798
7890
9029
6225
5521
3147
749
4479
542
6974
3504
615
2838
8146
824
3039
9781
3242
2301
1594
6518
3000
8731
45
3481
226
6894
1477
733
2345
8898
5216
1908
9893
3156
9488
7117
6978
4011
7079
2471
8318
846
8815
5073
8832
5169
5128
9556
7683
3780
8299
2201
4497
4262
1871
3075
821
3181
802
9152
9363
4776
4166
4016
8502
6852
5290
9020
4974
9770
4349
5397
8642
538
6055
7808
7885
8607
41
7449
1625
7284
4549
5376
6675
1428
9177
9562
1657
5822
9617
9973
8260
7269
6403
7470
5343
9794
2190
788
3096
8748
5901
6787
3127
904
1928
4405
3
2260
1569
909
4371
5009
1145
2488
972
2063
4279
1637
4776
3487
531
5917
4443
2381
4646
8581
9562
5553
429
5629
5590
9774
2773
9155
6820
7353
7090
1182
4571
907
6123
3310
5703
2139
896
4576
9171
2352
3187
5903
2384
1410
6915
5950
9281
6697
7061
7886
8484
3963
3678
5295
1965
6283
2263
2213
1497
527
4343
3068
3099
9653
7364
5158
8256
7743
3200
3772
8796
2572
8735
5932
2583
8679
857
1942
6513
8194
3900
5757
936
7061
2905
6127
3582
4614
5566
7893
7103
3689
9151
261
9644
191
5531
9836
3424
1497
8429
3415
8681
4460
2677
4459
4158
5595
7650
7581
5908
6636
7392
577
5956
7721
2958
490
642
1544
6446
701
1797
9210
6685
8357
1824
4438
5333
820
9145
8519
6905
868
1725
2675
8882
3441
1120
1491
1632
5481
1907
4875
717
2680
4707
9232
9332
3805
630
1953
9937
6778
6551
7327
8732
5513
9918
9353
6480
5232
2309
2129
25
7862
7388
3476
2350
7365
5775
391
9251
2361
2993
9424
966
7581
9691
382
2049
6271
1945
8352
9391
6502
6718
3902
9988
6187
2116
6781
1586
8035
4671
8878
4442
9835
324
6718
7810
7350
4822
5780
7054
7122
3089
7721
3699
885
9464
9093
7672
5623
828
8353
6353
8025
6024
5779
473
8874
5094
6982
3973
3447
8462
594
8166
8861
6
6301
9166
7903
8061
2191
8505
8945
7359
8999
1115
753
6881
8507
4087
6224
4562
2686
6615
2341
3874
4634
9846
1975
4954
8797
1407
5863
2807
6900
40
2968
7861
5032
2122
2829
3240
1750
2120
1063
1399
4406
5825
9010
1426
6503
7949
8494
801
9878
338
1076
2897
9727
7607
7510
984
5441
3267
4104
407
4981
4924
7264
7893
1513
6630
2696
4411
7579
8348
9204
6132
2016
6007
9538
9887
3290
3576
1042
842
6332
6485
1590
8187
7533
6904
1967
2637
5722
5488
8936
5495
6344
8720
6345
1756
5998
717
3760
5606
1931
2418
8162
3361
1428
5752
3205
9480
84
3669
3030
8919
2565
4619
869
7157
2363
6202
3805
6031
5635
1005
9960
4111
5578
6613
4783
6802
5380
4812
1226
440
2975
708
906
8302
1600
2528
8130
3775
9806
4335
5159
2440
4127
7711
1624
3230
8053
7763
3388
6271
5489
7889
2182
906
1879
4646
1495
3262
2087
6259
6186
331
3448
7874
383
2430
3909
5292
4773
1042
6549
5340
2458
3171
8516
2859
247
672
5239
1116
4183
6973
7040
2312
1573
8816
3562
2471
1234
8615
2098
4019
2788
7409
4815
163
7059
3163
2140
1312
540
2311
4315
894
7203
9270
642
7503
6636
726
4487
6975
435
221
2220
7752
5061
1819
7531
1495
2884
3052
7901
941
4370
6717
4749
281
949
3311
1846
7621
5011
148
3494
5346
6136
4126
1326
9628
8199
3513
1582
2872
1140
3397
4986
9381
5477
7954
118
3242
2094
9000
8449
4571
8806
2494
3993
2936
9163
4532
5717
6176
2791
4254
9968
4940
4433
191
4532
2620
1810
5370
8533
7221
5225
9995
2139
2254
1464
8632
2791
7126
4180
3493
5831
4758
4901
1715
1865
2596
7189
473
518
2825
7099
3845
9822
145
6127
303
609
734
9556
22
8373
5178
2675
1944
8901
3704
9067
6727
5797
7280
2171
3369
5566
9840
5872
9259
8177
4941
8212
9586
3126
3084
2010
3043
7566
480
6972
8210
7925
1657
5891
2898
2981
5127
4500
1237
2811
4988
4143
6165
699
3677
104
6791
6567
3046
5589
9860
7576
3457
6426
5859
2394
1649
3770
2533
2515
622
1135
8742
8535
5389
9128
1475
3763
1727
1940
6342
5673
3806
3725
5169
6234
1807
3947
5479
3443
7201
3165
1584
5728
8113
3201
5530
8348
1566
9816
2149
3695
465
9455
1685
9444
218
7990
4516
234
7029
1134
8964
7474
3836
8273
8470
2968
4374
996
3220
474
2365
5410
8965
6896
1171
4520
6615
9292
5209
143
6404
286
152
1895
3944
4063
1138
6587
4393
7751
8365
5145
7837
4697
79
6030
8973
3175
8257
1173
5837
9875
8029
5161
9663
3389
5576
9340
3619
1632
3559
8133
9987
6209
9778
8174
2136
1936
5424
2193
8223
559
187
5181
2504
531
9448
5937
6552
9027
4167
1027
1688
7479
5940
604
497
1228
5837
1353
3037
16
4792
7384
5672
7222
2640
4898
1386
3731
6464
7783
7932
2012
222
1594
3585
3298
9643
4576
9455
9050
7424
9953
4811
4632
6215
5683
8345
1516
7747
5010
7591
4340
474
1686
9867
185
4218
8026
292
3853
9965
7843
9830
121
7487
1874
4408
5310
1068
8487
4738
4947
3533
9005
9370
2190
9594
4835
759
3658
4001
4473
7075
7506
5407
3968
1286
2241
3488
4655
5393
4690
7441
4497
3037
8178
8049
3628
9596
7363
8624
4428
7671
5734
1908
608
5093
432
4693
9250
2410
393
6434
6367
275
4693
8950
8981
4187
1180
7560
9031
8904
9152
8183
8731
7727
5805
3431
5547
6991
7393
7772
977
8246
94
8098
7682
6933
7194
2840
8161
4782
1519
5119
8117
7984
851
6141
3134
3859
5508
6998
3374
5093
8285
6165
4447
678
2508
3831
1048
8991
2924
53
4742
5205
5404
5670
4024
8571
7100
3984
8033
5242
6163
331
4445
2324
9559
159
7070
9150
2784
2046
6050
7884
3385
6129
9352
8839
8746
83
3744
6788
3862
8072
4502
8845
9429
3897
4867
5488
4070
790
1787
2361
9191
4360
4976
214
4093
7836
3121
2838
6319
7745
6067
4348
9894
3626
1016
4607
7644
6965
1068
6154
7989
4593
6310
3681
1968
9561
4423
8012
8723
5171
8359
1691
5119
9111
7488
9654
9102
2898
2365
1330
8104
659
5067
7046
7180
8061
5193
3322
9179
2375
4868
4051
8889
7509
7123
5435
3342
9623
8570
4715
18
7646
6438
3549
4663
6925
8696
1935
934
7509
5174
6482
2353
5127
4297
7879
2268
4296
5142
2791
8347
6527
8188
931
5552
5916
1940
7802
3807
3476
146
9395
3224
3882
3788
3595
4664
1975
5745
6585
2108
9378
5020
9514
8133
125
6377
4442
6583
999
3093
3482
4893
2746
3413
1824
5994
7608
4413
5456
2198
7212
5426
3619
4572
9673
4969
4145
6138
6453
7912
7649
3601
3728
6714
5297
7882
5777
2371
8191
9359
8585
7814
368
973
9195
5851
6762
1236
6533
7173
4053
8182
8893
9790
8046
6698
6260
1152
3844
2179
7674
9280
943
1614
7689
1717
3903
71
5116
7802
6091
9777
9954
5066
7364
5475
5265
1397
691
3644
926
6665
2901
5307
912
8348
1808
6559
6464
3643
2680
6563
6181
8787
1013
2893
6433
7823
6258
8196
1296
1437
4781
210
3389
5220
7882
2616
9300
5792
4625
4005
997
596
8903
3293
2403
3340
8871
5512
4785
4307
8343
5137
2927
91
5335
9163
8453
6574
2841
7031
9220
7552
2158
4681
5440
1616
9522
6547
2118
7025
2817
3215
7626
3873
8090
5673
8622
9031
6566
5675
3888
6475
9957
74
5316
3256
9523
3902
5467
9065
2600
308
6580
495
9512
9488
9259
7090
1856
7822
5596
2480
9106
8532
2510
7278
92
8120
1840
8670
757
5638
1532
5013
7482
2237
6047
8445
9976
3421
3555
7036
8300
6324
411
2289
2192
7153
1415
3918
7571
2439
260
7618
1421
9317
6258
7788
8260
3966
3065
5022
76
5739
8532
9923
6980
984
7081
862
8362
5021
1343
5368
6587
3471
6797
239
1981
4777
5826
4328
6609
7608
8288
6352
1648
4274
5234
8110
7969
4729
9075
664
8907
2410
1903
8023
7151
3436
7376
3614
6137
5754
96
6985
79
6812
3180
1738
9802
2243
578
7498
1458
4580
7548
7199
8355
888
5126
2787
3005
2813
9660
9420
6913
9607
2848
7985
2503
7109
6024
5139
9754
1227
5083
3935
3194
1363
7979
4800
1914
818
6164
237
9926
9693
3454
7652
8464
8752
2329
9072
5169
625
8109
7546
6356
4392
4515
832
350
1411
3621
4285
5807
5955
8329
6577
1645
5270
6583
1335
7965
3993
879
1653
8591
298
6461
9730
5362
9159
6704
9207
5812
1205
6321
5093
3173
2992
6829
7082
3380
1456
1878
9140
1436
9770
5085
5631
4158
5822
9013
4394
6038
6926
8027
2137
3189
8255
9134
1568
2670
2515
6645
4983
182
5674
4976
2830
642
7834
5262
7362
924
4410
1453
1321
7130
103
9057
7547
7253
2359
7232
9716
6023
6843
3966
6845
8476
4812
1754
3760
116
9988
8376
2047
7511
9307
9139
9864
6633
2473
6178
3710
103
7759
4366
3473
3188
2390
3496
2853
3256
8407
1020
4736
3631
3553
8044
8854
6797
1373
9423
6583
6887
9443
695
7464
9642
2350
5325
6850
47
8046
8044
6718
6158
7172
8513
4880
6858
7184
4026
536
4038
9549
6914
4205
4080
6405
2302
7960
8537
4624
3744
9858
3628
7305
5967
913
2102
9119
8252
670
6737
2296
8915
2823
290
4081
1224
3152
7675
9074
4409
9267
1310
2624
2190
9319
98
3184
2667
1656
984
6867
3891
71
6577
7723
4688
8077
3531
3273
3134
4264
342
7334
9806
7950
959
8916
7582
8944
7005
3452
4854
9323
1669
4488
3246
8559
645
9250
7764
5846
6787
1847
2201
5382
7602
1257
977
3101
8773
596
8967
7305
3955
7256
4401
7645
7237
8702
3642
8936
8150
3945
1857
4403
2745
8461
4261
8466
8049
5925
3806
2739
4924
4830
8334
1592
5474
3771
8834
1464
4600
2530
4154
1954
4434
76
3636
3023
6757
3425
9739
2105
13
3045
1947
6585
5135
6851
7942
1950
760
3966
7209
4020
7961
9599
2625
8551
3128
4708
8149
7921
1635
9498
9746
2956
8673
8770
1924
1577
936
2526
1077
1401
2296
343
6881
8086
7554
2547
9090
2154
8783
4818
199
3541
7806
8095
3308
2395
5318
5866
6282
97
1845
5859
1238
101
9865
3963
9663
2030
4987
2883
6777
7375
2780
3716
2631
9613
5875
3163
3759
8676
8102
4273
7440
8720
1074
5872
844
6023
4873
7281
1808
4892
3194
8213
2034
5817
2853
81
8749
4822
5490
2162
2989
8470
9369
9752
8573
4256
3868
6742
4445
7007
2554
1303
2928
4445
248
1894
4497
5106
9563
8959
4737
7419
1485
7132
6264
2355
8981
8582
4389
5113
3928
420
3781
5237
1457
2557
9082
6758
4956
1764
1036
2891
7034
6902
3511
2631
9731
8148
602
4413
7496
7558
7010
5558
567
8357
9071
2595
305
5723
715
611
8822
1786
3119
5163
6766
2775
4158
4417
6117
2136
5349
2466
2357
4023
162
5104
4023
6913
2420
990
455
1388
9832
1703
1713
1727
7579
8604
7704
4164
5182
2816
5979
8374
8323
4597
356
3669
8549
95
7220
8890
3627
9809
3699
1311
4869
9817
3716
6485
4878
6940
5099
7823
4581
7798
7476
2463
4834
2881
7727
1019
9007
7391
1614
5439
9412
8097
2243
7753
1347
9930
7280
6933
9627
1417
8775
1148
3419
4429
6407
6933
3556
2722
9513
37
7476
5765
166
9119
6731
384
7810
506
2560
8850
1616
4281
4216
1646
7729
381
3542
6718
1350
9736
6103
8515
9231
1908
2815
1791
2407
2125
7812
2438
8443
4676
5061
6897
771
5196
7587
1105
9073
2049
757
4584
4439
6047
9268
5440
6125
1108
8736
6530
8964
1449
7107
9363
8419
517
9250
6025
5516
9106
9320
3280
8839
7017
3376
8808
3281
6483
5308
4809
5407
1169
2758
741
5329
8595
5668
8891
7007
7376
7146
2472
6863
3728
8843
4981
2598
5916
8283
6316
7121
1453
324
3787
488
2553
6399
5832
4060
8952
2973
8029
7730
6508
410
4532
6530
3503
348
9127
9026
8058
9173
1435
1113
4399
9548
4733
1881
1928
7262
6066
7993
1787
5789
8198
9119
857
814
9362
3877
7361
8717
6996
2157
9074
2059
6890
3387
5004
1818
7223
8644
3685
1611
8341
1529
6916
490
4471
3471
11
770
9815
9410
1083
7848
1179
5661
8408
1029
7130
3700
6517
8039
6289
4045
8480
2194
8340
9024
556
9685
6532
4666
6704
8834
7705
9635
7179
1779
4813
4723
5237
3323
8977
9149
3727
489
7595
8433
2377
9526
551
4580
3018
128
2485
1368
8695
8262
6816
1269
5161
5257
1603
9055
7225
9170
7730
4815
1323
669
8500
2098
6017
4541
9743
9418
9703
5663
8509
7392
1313
6030
781
5327
815
4220
7221
9427
9347
109
381
269
7114
5112
2006
5349
4530
8672
428
3274
2432
5428
383
6644
9557
9152
9582
765
3388
781
4688
8485
5921
8033
3113
6157
9684
3301
3902
17
6631
6898
2591
2162
9635
7239
2057
3762
9220
4227
6706
5094
4292
9157
1414
2793
7613
5614
5657
5363
8982
57
1897
4802
9582
6012
5945
6288
1745
3203
7542
8325
2272
4697
6328
488
7906
6428
180
7910
2447
60
8033
3777
2955
792
283
8507
1953
6643
6584
2206
9513
9185
9974
438
3105
8524
1165
2447
1265
5567
1361
1030
7009
8862
5049
1941
8540
2243
7244
4751
1902
6484
2463
4891
4490
5178
467
4066
3026
6765
4572
486
2203
6721
142
5442
3403
1397
7783
148
8005
1611
8379
7648
8216
3273
1608
7743
7227
6965
8243
4700
1338
5391
1475
5876
8455
9754
2126
7004
9273
7136
5457
9962
938
8655
9499
1929
5831
6129
7961
5070
2617
6002
2289
8224
1585
313
8684
2103
2775
9924
8148
9330
5871
5305
1418
3547
3520
6468
1618
4843
3752
9546
6945
6581
8850
1974
8312
4298
165
8287
1441
186
650
8820
3225
7338
5523
8090
9019
1145
890
744
8576
6030
7882
7708
1393
6609
1935
6265
3006
5028
8837
5655
965
2731
9780
4431
9975
5021
1582
258
7205
7032
3195
5520
8192
4464
4076
5276
2306
2137
527
8588
1782
546
6447
105
2952
3213
5827
8028
8536
3041
4287
6330
5346
2064
607
3761
7696
4611
8184
311
6016
8655
3682
5138
7572
7693
9584
5893
7490
2103
2697
4899
8490
3154
1769
8317
2774
4262
2871
4358
954
57
8674
435
5485
9868
4128
5550
8532
3243
3353
799
2185
6831
9399
235
1205
6015
8901
4406
781
1342
3402
9172
6135
6032
1462
4018
1564
4357
5835
4704
428
6987
43
9789
6965
9685
7694
2042
5371
9818
4753
1584
8649
4195
5986
62
9351
4105
9346
7249
2412
6597
5401
9852
1932
5048
3513
6169
8672
5753
539
7260
1866
91
2331
5458
2172
8065
6275
7111
9051
437
7515
7740
5689
2538
5980
7420
6806
8390
6607
6636
5873
1498
2109
8432
1982
5579
7509
8956
168
7865
6097
4927
1399
6207
2670
436
5640
302
7040
5866
3593
3324
2805
9041
1913
7943
2171
5652
5677
9360
3146
5267
4820
2916
4924
5267
4884
8780
7651
6391
7090
708
9492
2646
6840
5616
7756
1447
2633
9585
6108
8575
6880
47
4828
5513
9102
293
3758
6362
4255
9507
6236
6099
4423
7349
9282
6665
5404
5002
8180
5330
1869
5744
4997
2897
3196
2618
8014
5785
2983
9263
936
8956
4841
7399
6630
7830
8783
6210
2783
7682
4013
1334
422
4183
209
7861
1086
4106
475
1597
3395
3591
6988
7160
6960
3129
5331
8659
9703
3528
9480
4342
7291
8963
7664
6161
4156
5553
9244
45
1913
13
6349
891
2725
271
9103
3335
3612
7496
6441
9605
6143
718
32
7485
4285
4426
729
4570
3919
3225
603
7974
3931
1713
4863
2783
3097
8345
1835
1106
4525
7545
7810
3339
9396
626
8732
245
6303
5543
6321
1055
9444
9487
5193
7030
869
7063
7138
2387
481
4943
370
6935
5501
3924
7410
1899
3391
1570
1872
7742
7262
4812
9717
1972
4247
3200
3878
1920
1891
5745
5437
3202
4113
1470
7133
886
6652
6460
6839
199
6813
8304
6916
6666
3677
3210
2270
4642
8538
1699
5275
538
8574
4353
8212
3098
9085
6524
3708
613
769
8462
2293
6378
6122
4082
2423
602
9411
3164
6736
5381
6493
1370
4064
6248
6086
73
861
2145
3432
788
5241
1121
5200
7740
5784
6168
9852
83
2612
9381
2518
1936
3672
7696
690
7219
2619
5840
2793
3668
1597
9055
2772
8249
399
2709
1553
6720
6810
8394
119
8293
5164
1937
7524
4566
2788
9249
1704
8589
5200
6637
9204
6566
2098
4866
6600
7374
4392
2471
1171
8639
795
5927
2505
6698
1863
4221
5638
6643
7975
7405
3722
4807
7010
6045
2279
7355
1291
2047
7386
5253
4574
2369
2855
9025
5896
5905
5342
1442
2659
1879
2180
8371
5144
2997
1731
8654
1506
8538
1158
9229
3853
2660
3164
3703
7414
5166
3842
6914
5658
3869
906
3035
151
2374
813
6767
9113
7905
2353
5420
9766
6833
8335
9293
3833
3449
3522
7913
7877
4620
9831
8686
7542
6781
266
3781
9665
6682
3287
1156
1032
5553
1803
6078
838
7079
2655
2581
5879
5213
4091
2771
8120
8187
1688
1856
3671
1059
9047
7017
9215
7880
157
1608
2456
1774
7692
5938
3280
5063
2567
6178
4595
2184
6364
8152
2339
9880
2748
6814
7692
736
1445
3965
9211
8101
5254
7546
7859
4840
9721
3438
994
7498
2851
6426
6369
8855
3361
5088
1844
1603
3535
9542
4423
5527
4552
1511
9331
1280
6459
6230
574
1327
5002
7339
6624
5801
7247
6145
2720
1310
26
6244
4654
5218
3932
4360
1717
7520
9109
2715
8563
1334
8613
1834
6836
9089
7649
7596
9240
1659
9033
6399
6949
7392
7653
4725
4102
1929
5121
8382
3670
5869
2395
5695
5222
1551
3647
8300
1335
8842
9826
3096
5895
4782
870
4408
6578
8504
9243
8243
3706
9183
9960
6548
7141
8105
4688
443
3059
868
5441
6350
4641
4453
9393
1968
8060
1767
9785
6074
1502
2930
5431
1233
6301
5013
9339
3252
9923
8738
4699
7280
6732
6597
4641
2020
8172
146
6427
5640
6674
4805
297
8956
8781
8284
1716
1673
1913
8324
2611
9570
5852
7077
5121
1830
8099
2263
1965
1382
9827
2052
3026
9642
1352
9267
6823
2567
351
9168
6075
5809
9826
9452
2888
9570
8654
57
6025
8346
1329
7051
5945
3563
3470
3961
2170
3756
5662
1337
5250
5402
6056
5301
8764
1914
4314
9730
4456
3868
6357
7996
5528
2705
8603
6807
9651
2882
1180
1858
488
7403
568
5991
8307
6582
5061
492
5199
4262
7600
909
3182
1021
2502
9123
3700
3036
2164
1904
6607
1818
4178
6986
3516
3704
4142
8251
2057
4828
3882
3032
4918
8967
6969
1985
3587
4810
7728
3524
8277
744
8259
6263
2304
5647
806
49
7740
348
3066
804
3404
4487
5814
3801
2918
6232
347
8683
3251
9219
7140
2114
7527
7529
5236
8312
164
2669
7840
7198
3189
7946
5728
8725
2608
3909
7700
5957
8908
4982
2431
6393
9161
4555
1820
8794
2163
2832
4539
672
3870
2116
2526
6276
5857
5756
1592
3767
9933
6783
5067
1788
897
9101
2266
1712
8974
1533
4579
9746
5916
8181
4223
902
8144
2271
3473
1505
2949
3653
6911
2009
5576
5993
2084
8531
687
5193
1192
3769
5780
4895
8042
6923
4937
563
9769
2673
8258
3992
4025
7278
4336
7701
2494
5864
7099
762
2572
9881
7943
3511
5855
4877
5046
9356
3216
1726
8038
1749
396
184
7381
9393
6424
9866
9705
48
338
7925
9559
9617
6854
5137
3892
2098
7617
1125
38
211
3331
7509
1593
7349
8444
1959
2850
120
2206
873
320
7383
931
964
1750
7600
8076
8991
8469
9589
9863
6877
958
7668
1859
2709
3773
9309
3742
5792
570
6970
1606
1039
140
1737
2048
4589
917
6745
4110
5018
2707
6850
914
3983
4500
4412
6250
3097
4505
4618
493
628
8897
9199
3711
1471
5936
7472
1654
4932
8899
8802
1606
656
7919
9156
355
2275
4140
8178
572
6450
1049
168
6092
4604
1286
7555
1973
269
5182
3211
6436
5738
8273
8642
8825
2655
7237
8010
5365
7211
1683
4241
2844
7096
743
6916
4808
2500
781
9585
7950
3399
9784
1878
4782
6845
3909
436
4500
1448
2454
2233
3859
9624
5164
7648
5352
4369
3110
5270
5764
2741
1967
2183
467
3568
7767
6028
1844
6550
3416
2562
7248
2998
6664
714
8642
2789
6020
6114
3392
3353
2160
6142
399
3198
4559
4821
1434
4840
234
3828
4078
6763
5331
1622
2108
7156
7598
5190
8440
7805
4303
7197
4439
1158
9836
8837
674
9203
3635
9259
7239
8191
4175
1681
8346
4859
2623
4139
1041
1569
6368
1681
9398
9926
3030
7588
2832
1237
3359
2181
3966
5287
4029
5096
1397
3396
7955
857
1317
6968
8679
2420
6135
4475
7651
6111
2297
378
9715
7071
2409
5113
3763
1824
7251
1538
7156
9516
454
6586
1817
2535
5343
6502
6022
5658
6083
8309
6708
783
3605
2534
1495
190
4543
2555
1971
7170
9381
9622
6653
2474
4857
2285
2555
6977
2566
9877
5049
9795
937
4280
8600
676
1649
2771
8220
4124
3484
154
8019
8432
8599
8079
2915
1730
8556
8475
8233
6220
7868
6029
1791
597
2959
4479
5172
2576
1955
877
711
355
6813
2503
793
8364
1686
6061
2415
3489
1679
5865
8505
5952
4435
6410
1709
9216
6924
8046
4063
9895
6474
1502
8455
6697
7772
5849
2581
3472
8416
248
4750
6722
6270
3168
7653
6355
1063
9702
1539
9966
2597
7751
7407
8494
4208
7693
9336
9180
9766
4621
3461
9648
2713
6693
2108
341
4890
4261
3255
2113
7864
3228
3302
8469
1434
2986
5648
6322
7408
2517
8987
9057
6555
7106
3482
8126
8575
2325
6233
2190
8097
5723
1934
2703
7937
7029
4310
633
3723
4601
4244
8129
2112
5009
3317
7376
6838
1351
9444
3646
1804
5053
1168
593
3746
8838
8928
4580
3670
7240
2236
2429
792
6814
406
3154
8669
9996
7382
3121
4256
6275
2741
1311
2002
7446
957
3114
4053
8422
6494
3278
7557
6523
745
8049
1558
1934
7160
8377
703
7092
7439
8413
3882
4474
912
149
32
9616
521
7579
890
9856
5197
2922
6877
4977
7773
1481
511
6483
8339
3334
2338
9027
9558
5860
463
1273
3655
7352
2108
9719
7682
9282
134
6539
4751
2493
9522
3106
4873
1359
7818
3626
8244
4181
9260
613
4687
523
6573
974
114
9463
566
5217
2211
1906
3290
6365
6391
654
9686
6709
1231
3915
7280
7631
2348
2951
6031
1427
2934
4198
2256
3517
4276
798
6549
4713
8610
8980
2708
4826
7406
98
97
4806
2505
6833
1075
4307
4860
4182
9546
2904
2635
1453
8523
854
3574
7186
4262
5878
470
1086
3668
6415
9817
5126
3478
3546
4138
9516
2742
2659
6870
3971
389
2321
2908
8081
8316
5894
8273
9382
7975
4710
3409
3567
4501
5868
8359
9249
7642
1792
4066
5152
1421
8483
1630
1289
6317
3239
6020
3666
6526
2489
2498
3895
3485
7837
557
2508
2941
8295
4427
1448
7584
5985
106
9385
7814
102
7273
9350
4592
5504
7387
9908
7937
6010
6650
3195
532
3634
7184
3435
5623
9831
7592
4463
5441
7513
2821
7335
361
4158
668
7248
7674
5507
6526
4358
3045
9488
8491
272
2741
1815
6663
8001
3153
7338
680
312
9883
9941
4278
666
5257
8111
4710
7801
8028
4897
5970
7702
18
7427
9704
2440
7039
3105
9987
6294
3851
330
2286
6385
2154
9260
2235
3745
2965
8432
7769
4553
8193
2077
6568
6352
473
1935
5312
8363
3745
6756
5103
7449
2135
2951
8080
8767
9272
6054
9834
9594
1227
9052
3871
5519
9448
6356
1295
1121
3673
7968
7983
322
8835
8287
9116
5752
3134
9878
616
8499
2113
8835
5618
4389
3515
9769
8799
6738
2021
8335
4006
8580
5328
268
4704
9179
3487
5448
4881
2445
4919
7874
3016
1138
5944
1506
6634
2221
4134
6207
2784
4105
7841
4630
1262
5489
507
9742
2194
384
647
5049
1220
2017
5703
7227
6572
4591
9744
1053
1571
8264
8070
9024
2686
3257
2693
9258
159
9578
1867
6582
3615
2706
2865
5651
246
8451
6537
4127
6512
399
4243
7288
2857
8424
1489
3050
1604
1298
5139
5450
3670
919
437
7634
3827
4974
4583
8943
8697
2142
2240
3276
2256
3278
8218
6070
6991
5214
6230
9405
8380
4894
8415
9438
9490
6318
8465
396
9155
1746
2122
8386
9586
3296
6034
8831
625
5209
1081
9084
3846
981
2041
1838
2470
3915
5983
5831
2487
4273
2890
4671
714
9734
6698
3325
5761
7994
984
6751
5037
3403
3792
965
5520
3018
5891
5027
3970
3635
707
4177
5298
7562
6653
9661
8464
7754
8695
4357
1117
3304
3230
8741
1997
6787
495
7193
6379
8287
1545
3384
9185
2283
6291
1367
5496
7254
4502
1115
2527
5341
3609
6512
1422
376
73
3500
4556
7847
6182
5205
8092
9276
467
7511
8059
7808
1741
2551
4672
9591
7938
4337
6696
545
7620
9294
673
6207
8545
1547
4854
1784
7001
6906
3360
8591
4582
8654
4224
7585
3506
4902
2909
7913
5666
3138
5232
8359
8938
7116
4040
5105
6994
9371
7697
5744
6077
8876
614
4103
332
4161
2285
239
4609
8989
1898
5653
1055
931
1066
5439
1624
9975
9754
6557
5575
7936
4312
3785
8590
2953
6252
2210
6440
1685
6653
9643
3418
7295
6573
7737
5108
9719
629
2319
7038
3705
4888
1313
183
2368
4263
3113
3604
6591
8009
1386
1772
6927
7513
1139
7344
6405
5805
6922
3407
3553
5046
7161
6936
4360
1357
3734
4624
8065
8639
3902
6734
8075
3407
3254
4297
5876
7471
301
1026
34
6497
7072
5054
7562
6396
7041
3836
7815
7122
576
7004
3780
543
2290
6064
8405
7045
7503
7014
2860
4149
4421
7926
722
7903
2901
1231
645
4822
7292
397
4846
1546
9036
5098
661
1140
3715
7467
8221
466
8363
6251
812
1991
7562
4249
5369
157
9686
6771
487
154
799
6405
4343
4536
6924
4805
8078
4766
9435
7580
478
8599
3145
5048
3485
7433
2144
6685
7728
9094
2684
3180
6911
3569
1697
7363
635
8846
8726
8803
8712
5356
436
8409
9644
3414
749
4724
875
8595
9778
8919
8490
6090
1659
6859
4872
3567
5797
217
5395
2935
4437
9381
4477
8472
6314
7074
8305
9368
8998
405
5046
7758
354
1677
1561
4290
4298
5614
4539
1250
3517
4585
1332
1919
7269
5478
4825
3540
6954
4544
3625
3213
4120
5525
5751
488
8514
4340
1145
6101
4602
8259
244
8612
2437
3558
7142
2321
2818
5096
6146
7521
7601
2288
6398
5239
8566
3456
5779
5025
3972
2844
9729
2983
4927
7723
6096
8530
3046
4872
2994
4588
7484
2700
6943
2096
1088
1181
7039
3724
4262
4652
3487
635
683
7349
9570
5289
3523
152
7988
4502
2328
1338
9417
5941
9183
5281
5671
8568
6545
8868
5925
9250
3380
8590
2849
8521
8560
3184
4346
5182
8575
3967
2242
4651
9885
8587
5274
6761
2096
4608
2721
2028
6350
2910
127
7860
2662
398
7898
3917
673
870
3330
7500
2996
2127
6836
7225
1870
196
2680
7444
9583
287
4983
3648
6183
5265
9548
6911
3267
3026
2818
2742
2521
6818
1282
3242
8138
4825
6882
7526
9478
8468
7133
5910
497
9966
3060
2645
2781
6796
47
6828
1470
312
2830
5565
4361
4683
5928
6941
5662
9626
3804
6350
1554
2374
8376
2901
5670
3422
7615
3370
1524
3958
5703
646
806
2185
5627
9165
4537
3519
6147
6799
598
1753
7689
2111
7731
9598
8714
4284
2619
3144
6226
7256
6925
6942
3641
8350
1435
8090
1810
5323
6448
9331
2391
5807
4522
664
9320
7067
383
4409
3147
4680
555
3233
6270
4225
5797
6359
5416
3183
989
1971
9114
2300
5650
984
1781
6151
2966
8074
8423
7724
8023
4300
6189
4225
6501
726
8454
7768
5919
3731
8881
8560
5511
4686
3869
4927
7457
3835
7794
6618
8012
4137
4027
3833
6766
1369
767
2589
8860
3182
1379
3397
2689
4717
3777
8528
6016
3124
33
7027
741
8459
808
494
7041
7739
3008
4863
4911
408
2137
4214
1673
4344
9843
9823
5582
3928
9706
1189
4230
2856
6956
5810
5958
3850
7422
9972
6114
5730
6020
9487
8586
8144
1198
3451
8438
6507
590
6311
9648
8596
8429
3613
7272
7114
3839
2336
597
4169
6958
9140
7827
9530
8000
4689
6382
1886
2195
3660
1668
1121
7137
2594
7667
4511
1998
1753
1044
5477
8344
4609
1962
175
8937
4268
9780
826
9209
2228
853
5328
8034
2790
2467
3930
6665
1827
4905
8291
4665
4150
6479
883
6357
2179
608
1898
7948
3965
8647
9148
8557
7741
999
6109
8999
2068
7434
199
3122
2022
7552
4852
1903
4301
1035
2470
2165
8172
694
8065
8911
2879
9967
4066
8102
6146
7261
8732
651
6874
3507
9746
2437
890
2287
2306
1547
1276
9401
2253
2494
2877
5255
5898
1615
1411
4507
1983
2758
9853
8974
5307
8075
61
622
3257
7270
8722
8153
758
74
1086
718
1037
1296
9184
7014
4739
2460
4377
9064
6257
6127
4005
3641
6123
4323
4305
8072
3736
8814
9514
7677
6272
3293
2315
3952
4060
2187
6185
4291
3577
5902
8815
9959
6778
5163
1055
607
9150
637
6876
7870
2023
1973
8700
2349
4370
9040
2114
8551
7997
5347
1910
2136
3524
1854
1022
1201
1128
7279
4048
1621
5893
3058
5008
9853
3637
5828
8978
1373
519
4915
456
3430
6957
8412
117
2323
5185
429
1730
6033
2887
920
5588
2323
1150
330
9415
8365
9993
8671
8932
2880
8248
5039
5746
9268
4050
5418
8627
1655
8770
8768
1270
1234
5375
1641
3694
9947
5270
3988
5556
9034
4071
644
4567
7326
3297
3879
6835
7887
6328
869
9518
9365
9036
6311
7019
6716
6737
5432
3981
9288
323
2363
8191
8762
9116
3726
2108
9225
7064
3801
6647
5672
6912
3430
9599
6072
5458
9456
6207
806
7796
3619
2447
41
2247
1644
3727
8597
3730
350
455
2268
8837
3052
6800
9374
711
4550
8871
8195
1234
422
8015
369
3737
3256
3758
9450
3718
5588
6548
4219
2075
3656
1207
9476
1508
2663
2264
2572
1458
5626
6730
2369
4583
8999
4357
8466
1977
3520
3343
3972
3677
7204
2584
312
80
5664
7508
8936
6767
1060
4613
4353
4859
1386
1382
239
8504
6968
6517
8755
8500
373
1086
9456
6767
5999
6190
2760
8619
7830
1245
6039
4060
404
1091
7860
6843
470
957
1882
4831
3014
3320
2899
2706
4896
4310
7428
8650
3336
9118
1891
7253
9767
5267
405
380
8726
3786
6721
179
9563
2965
7471
7812
9202
4589
2308
7831
6382
6311
2347
7014
2539
8441
5372
6323
2756
2567
2422
3096
6515
8754
1546
8429
6977
6377
7462
8318
4984
3761
6194
2388
3527
1115
7936
4245
5762
1910
50
3897
6535
9566
6380
4694
3969
2140
7228
1072
3169
7646
263
5050
2920
4769
7815
6149
9610
4721
4435
344
9786
5089
6474
219
2350
6962
2101
7133
6444
2814
1938
7190
4211
2613
7093
2537
943
7103
3901
5720
5262
5606
6517
7597
1708
8413
1592
5662
8553
9670
4760
830
5565
7694
1487
8545
5937
9223
4955
3955
9420
6805
8206
6251
6581
7813
9636
6806
5111
9786
7562
2875
8636
3217
3658
3685
5334
106
7421
6352
5218
7071
9628
1624
9551
8108
821
1960
2910
424
9080
3560
7141
699
5246
7055
2262
2237
3482
2253
9610
5273
2263
7809
7236
8181
3092
6318
3119
918
2533
4090
4985
5462
985
7412
355
8205
5431
1475
8729
3784
8641
4600
8304
6952
7878
5079
8157
3914
1797
4947
3331
6938
4030
6928
5918
764
2867
9515
2849
1913
799
2824
4138
887
2275
9765
4352
4513
3458
7361
506
7193
8322
4611
7375
1184
1436
8723
4999
523
9722
5351
9555
4800
1447
4631
7806
5331
1591
6308
5702
9235
5763
3823
3169
5629
4446
4514
3675
5705
3755
1974
1125
5200
7422
8543
3219
8866
1499
7207
7510
949
9522
907
1349
7037
449
344
3298
4724
9722
7118
6293
9194
8648
9896
7606
8386
7337
7251
3880
2237
1417
542
9792
5094
8687
3798
1298
7272
5232
406
6376
5028
1125
5776
304
406
2452
3214
9570
1351
7549
14
1366
1063
7611
1231
6996
6151
6814
236
7071
2891
2756
9561
2891
8051
1448
5292
9296
2022
2670
8915
2065
3288
4753
6195
2186
5901
5354
388
3567
1817
5873
6846
5136
2323
700
241
150
6707
946
6822
3475
2178
6606
1289
1602
5664
6088
1834
4457
5295
1707
5129
8481
2404
5941
8473
2697
1142
4108
2201
4379
3192
3182
6445
6622
7304
7456
1391
5281
4990
7574
7821
5793
1117
6683
3832
2768
73
9334
2261
5191
7279
615
7552
1171
3231
2851
4590
8018
3149
2551
213
8173
8873
675
7457
6371
1503
8841
5357
4638
6361
4474
7137
7794
4735
3425
7637
7837
5181
7204
6446
617
4439
7795
6992
3794
1914
974
8113
2790
3343
6427
8975
5385
3993
9155
1664
9447
2853
8363
8271
7158
5776
2962
2789
2988
8374
5585
2124
7674
6738
4359
8512
2069
335
2389
3105
452
5831
4170
2089
2963
627
9553
9750
3317
7600
365
2231
1005
1763
4826
7179
6264
7365
968
1764
930
9808
1022
940
4889
8021
7539
5633
3762
5922
1189
6278
5255
3719
531
9849
4982
8475
9272
5239
8931
8831
3345
9328
8720
9262
6806
9771
4075
2319
3384
1249
7783
321
5664
4171
4597
3278
4966
1674
6026
2305
9304
2318
1251
2751
8536
2533
7164
502
6941
3220
5091
8737
6780
7966
1290
7964
7061
989
6803
9224
612
243
3011
337
7790
1668
4402
7087
749
1072
8238
3052
3197
8841
902
7004
294
6493
8361
2617
4874
4732
2823
6940
7715
4752
6647
5698
8772
5105
3191
5429
9301
6479
2596
3182
4659
2039
9025
7087
3385
1817
9337
6520
8917
7474
5998
1517
8030
9466
5391
1372
3920
5720
6365
3460
5061
8940
6087
2033
5153
3993
2599
1580
5171
5887
8198
4211
3180
6593
3945
6217
2408
9705
9621
4550
784
2548
5604
234
3946
6454
1158
5251
2788
6321
1725
4125
5442
2087
9097
1929
2832
3138
5514
326
2097
3027
1252
7825
1068
4498
4694
4331
2853
5317
2482
531
8175
3150
2580
7859
4458
7628
7968
8306
3246
9333
8932
7502
2031
5051
1214
3438
2633
3114
5972
3705
2332
9526
8201
6251
8802
6676
4784
464
8552
8519
4925
955
7480
3313
5335
8564
6775
349
5042
3133
9308
957
892
7254
4828
5965
2179
3604
8796
3012
1853
437
3308
3561
844
8878
3187
4477
9613
2696
1009
8510
5929
5501
8026
3464
567
3806
4573
126
7485
8226
7194
9980
9677
9932
4751
6141
3420
3495
2240
2876
4639
6543
313
6423
6690
3412
4245
2265
8894
4114
9259
197
2973
4494
6505
8141
6396
8818
4698
5722
9845
2983
9348
6968
3053
4386
9229
6649
4878
6979
8946
7502
10
4840
1958
6385
9504
2214
3800
3722
7623
9732
234
6204
1038
5212
7948
3570
7581
3111
866
5026
2511
2966
1671
5505
3829
5771
6147
359
9860
941
1964
8032
7379
656
5491
3540
1065
9512
6407
9717
7462
7098
8443
857
5829
9729
8476
2870
4112
5284
8003
4861
6226
3962
8783
9448
9460
7211
9927
9989
5116
7826
3875
5056
8926
4742
1481
3004
3292
3489
8341
7634
8714
6547
1197
6101
7777
5075
8411
3755
5901
2331
7299
6036
7475
9941
2672
1803
1201
4557
568
9496
3474
4384
4576
450
1427
7473
8275
6917
7492
7456
4030
9715
6349
740
6326
6360
239
3585
1458
3150
7826
7890
9987
3806
4569
7657
4481
989
9354
4748
2486
2933
7429
3663
6249
4314
1256
2704
3464
6293
8611
6446
7189
9354
6017
90
8093
41
1698
2256
1565
7812
6535
9032
363
3480
9551
9550
4928
5609
6990
803
4507
4161
32
1049
7315
9443
6478
3320
3551
6973
3936
5776
2884
4622
1185
2126
4114
3308
3003
9786
5005
6135
5129
9991
6663
2439
9199
1019
6615
2172
3339
651
9637
6975
752
5663
7820
4364
3384
4710
633
4892
3428
7559
73
7133
2964
630
2728
4917
4030
2553
2982
9826
9511
5713
5510
7860
5587
3999
20
6685
1214
8082
9547
1771
4778
3894
6101
8738
3898
1442
6696
2114
4146
5275
9674
9661
6987
9234
3046
7232
9175
8430
1940
7682
342
1654
6839
7858
7052
2778
6278
2419
7883
1017
7486
3138
5694
3475
9216
7928
3673
2190
5281
4654
4826
7704
7654
2576
5926
1936
9595
4826
9029
9940
1983
6166
7080
4818
6285
44
5397
2924
2403
9395
6598
7465
4124
1732
5761
4003
3654
1438
4211
2898
2549
4331
6440
1043
4992
6397
1002
7575
5245
1634
6034
5331
1605
9529
2616
2458
9529
8332
6955
6020
6631
1180
9897
3420
7960
8801
9184
8818
3042
3092
1400
2401
5286
3184
1245
3297
7831
3216
7449
2855
8509
8397
3094
7221
3852
3246
6864
189
107
78
1339
1470
7152
8627
4998
9606
5644
8661
7561
9795
5620
6245
1900
9405
725
2008
7614
6715
9376
1327
1787
2848
5102
162
764
5574
3924
8460
5829
6103
9092
8326
4757
9045
8703
3206
6319
2270
677
2330
3699
4728
9888
9001
7053
9425
7567
7064
6923
1360
3293
8912
6921
2012
4271
8870
1403
7823
1362
1598
8883
4652
2753
8175
5461
2529
8950
2902
1070
4217
4798
615
4784
5842
1436
8585
4040
133
5626
9873
63
4486
4677
7470
5944
7092
8088
9539
2211
5878
3545
5202
211
7269
7196
6029
7459
7374
3884
9861
7986
2467
6709
7981
959
1759
2599
728
8565
4929
5047
2255
1368
9395
6953
4270
8776
814
3306
3553
5207
6075
7662
4908
6165
4529
2860
7710
2431
5952
5094
2569
6639
5029
9991
7625
8152
6172
8673
2913
549
1888
7250
3462
6563
7495
4878
1713
4414
9102
4109
2297
7571
3701
9707
6945
3706
345
1509
718
8645
6432
5263
5290
3348
3829
6043
6092
1724
4343
1667
832
7259
1454
9780
6667
5750
4006
9095
6013
1111
1453
6784
3575
7304
4101
9750
7331
4818
3282
7745
8202
3145
9847
4333
6071
9317
3379
3596
2717
5210
5490
5964
8035
8453
1301
7618
732
3380
1307
410
9976
4224
3639
2076
2939
105
4317
4425
422
6927
7520
9124
7315
8254
3912
5505
7849
8419
813
9230
5771
8133
8064
7145
8202
4952
9031
8236
370
4015
2590
7045
4787
742
6164
7304
5239
9838
199
225
2816
5534
943
3074
2259
7149
3373
3596
7489
5277
7386
6559
5726
8948
705
9102
7061
6719
4417
9307
7332
9675
849
282
4343
7637
1293
2906
348
5725
6832
4390
9646
950
8870
9826
9968
4451
2406
7443
1076
9951
7287
8278
9495
8837
3931
7325
9264
3283
2488
732
1248
5971
125
7801
8083
6457
5621
243
4865
3206
264
7531
3162
6925
176
197
6643
1413
9668
2727
8943
5349
8944
5265
1725
5205
6947
6898
6978
9800
4307
7547
9022
4729
80
2618
897
5698
3904
8902
1131
5856
9505
7851
8764
49
2858
5717
2307
8448
5166
4932
484
9366
78
1667
8229
7305
2502
5439
5113
6257
8837
5891
9038
9962
2669
9566
2749
3786
4346
985
4811
8631
142
6364
8414
6705
2672
4252
4147
8874
8744
9399
456
4200
5756
3503
9093
5016
6322
8085
8840
2887
5523
4997
9821
8207
8972
4898
9670
4396
6557
1477
6514
2459
6515
7609
9614
3382
6004
1764
8094
4420
2188
848
1865
4388
8070
7364
2063
3497
2298
9712
4816
228
4393
5063
1395
2057
4456
4933
7271
6131
7062
892
6511
3255
3295
9242
9978
8899
8592
5668
7596
1728
9655
5816
6835
2195
6038
4124
1428
8208
1943
8648
9691
702
8616
4718
6829
8874
6775
7073
6807
5254
7429
592
1345
546
4525
3788
2911
5462
6739
9650
3143
8250
4877
2588
6117
9340
6150
7211
4891
3389
5180
4801
1279
3566
1826
4474
7837
3844
9030
870
9268
116
5591
9288
7211
3842
230
7637
2083
6703
3111
5656
8731
9434
2124
4507
5789
373
1477
3944
8582
5836
7125
8234
3657
6032
4409
2002
1585
1404
2142
7401
6436
6063
5269
3263
1642
1580
6681
9576
6678
7008
7003
6976
6147
4537
2041
8618
8421
6042
3596
1612
3792
8480
7213
5503
6861
5874
1989
7361
5654
7113
9497
663
5958
3521
8668
2978
8581
5411
1548
1144
8039
4015
7853
8578
6778
3584
8246
2908
2098
7964
2026
5406
7591
7538
1248
5724
4075
5306
6154
1557
6965
9269
8015
3000
3780
5033
5506
7955
7154
5824
4407
8912
9808
4358
7331
3249
8266
3277
9187
8175
7691
3972
8432
3603
4659
6378
5311
3819
6277
4981
9339
8168
4304
906
5913
9532
1699
2804
1072
308
9613
4672
7245
696
85
4057
1343
7379
3516
4118
4673
696
1836
3828
6818
8551
3280
2586
951
9273
6280
3968
1625
4554
7496
2241
651
3718
82
4933
7963
1516
4941
6861
9997
2943
8794
5009
3864
4491
378
1028
3294
3083
89
7904
6052
902
3813
8365
9944
5410
6052
6319
2093
3393
7053
6150
6398
8845
723
5561
9078
6072
1980
5632
3768
6098
7237
5807
250
9163
1174
4156
4185
4625
7415
7422
6647
3120
8687
7471
5335
8291
4781
5924
7830
9054
1860
1083
6593
5247
2653
4824
5261
3210
4884
3859
4414
7731
1102
2886
6341
2349
3518
5428
609
9435
6941
3223
2889
2483
1993
8178
4016
468
3986
5785
9267
7024
7939
6897
6296
9649
2339
1118
5994
5544
5438
7706
4598
1387
2285
2079
9232
2502
6109
7814
9128
5391
3206
6752
126
4323
3958
4239
8491
9283
765
5727
7186
5601
9517
2821
172
1503
1445
7057
260
8171
919
8423
9866
1066
7583
4348
9863
1861
3471
5430
1915
1005
3342
633
9846
9384
7107
489
6604
3119
1113
8032
98
4090
178
4007
5819
1201
6705
4246
125
7729
9721
1995
7232
6827
3424
4606
9309
2048
690
9882
3590
9464
5383
8966
593
8360
4949
4401
1341
9013
9409
3335
5450
8710
7766
2748
122
9147
4383
6937
2170
2680
7867
2704
7689
1347
3525
4907
6877
5357
8132
549
742
8483
8378
3329
390
2182
5096
1095
7404
6995
9218
8709
4218
6455
3129
7231
2035
8347
4796
9004
6423
9708
4268
5896
3090
4454
7981
2820
9796
6355
7391
9231
2931
6520
1798
806
3439
8473
4568
2798
9535
4418
7891
7918
1234
930
7032
2956
9924
6538
4990
7844
4519
6858
4370
4268
1767
1870
5051
6956
6314
4688
9116
9627
4898
4713
235
3683
5203
5867
2826
6281
6868
2959
3151
7156
1673
8296
7954
8064
4530
6356
6520
6020
235
6175
7174
325
214
1568
6024
8468
220
6603
5204
5328
7881
1172
6049
9773
5566
4254
4338
5867
5217
7709
1918
7914
2778
7540
2883
474
5702
6530
7618
1866
3358
1548
6248
7
3366
3986
5108
6477
275
7495
2754
6841
8136
8086
8055
2017
5470
3620
3448
8895
9761
7285
6352
9155
8562
6263
9337
6362
240
7987
5202
8924
5313
3228
2964
9642
8574
4292
1139
880
8491
3793
4490
5547
6684
5812
8462
3658
331
2789
6089
6242
9039
6273
7343
8673
413
7662
935
5607
1648
3400
8790
1993
9092
3691
2418
564
7687
4291
7201
2849
3864
4902
5771
2355
8012
9015
8802
8826
7519
6324
7555
72
7282
3756
6719
2580
6015
7058
3212
5457
433
9766
5294
7266
5659
6436
3992
1305
6816
6084
2449
6378
9273
4439
9601
3732
9447
9615
7501
2622
8967
4122
9940
496
9990
5996
5737
7790
9804
114
4745
433
8831
4220
1028
4691
162
4992
292
7183
8675
8104
9591
8304
9533
1185
8167
3517
1370
8729
2542
2800
8679
1539
4337
9625
9857
4825
5793
8538
3303
1797
7354
7971
4907
9367
8054
2236
4434
2629
6727
5536
5924
6359
7702
5762
7966
374
8218
4828
7345
6660
8350
8502
9067
1374
1735
6328
8669
3582
8730
5261
6852
3861
8204
4504
3953
6130
2531
9102
4907
573
5310
6647
2751
1963
2053
4368
5605
5884
8600
9274
7052
4443
7352
2761
9276
4437
390
5354
7796
9148
374
6341
9089
5899
8642
5138
2056
1672
9312
9716
2390
578
701
3506
5330
1155
7272
3334
1460
4102
3848
6268
2397
6705
6841
6234
2529
1274
7117
7845
8132
7375
4503
6215
3744
8651
4341
1359
4649
9536
8485
8134
5992
7161
23
6444
2874
9853
5047
4273
9655
1724
2235
936
3150
8472
9171
4284
6974
3953
8780
4066
9619
9527
7674
8654
384
824
7406
8405
8019
1271
1211
1667
9533
1219
6177
975
7
8649
6169
93
9090
7426
7527
8531
4354
8733
1312
852
2474
550
9223
9333
6585
5346
361
1359
348
9250
7557
1633
391
7851
9332
533
4431
9241
1028
2344
8842
1775
5133
6710
6581
7944
5600
1702
4343
3586
5740
5665
5953
4060
4841
5815
9706
4180
3259
556
4259
2789
1433
6997
4279
3132
5843
4697
3974
9426
6458
1241
657
122
6520
7116
4705
8683
766
8918
8563
4613
3461
7738
4629
6621
8259
5604
5806
1344
1344
1067
1796
455
7540
5730
4056
3894
9154
5922
6977
3650
1240
2244
8719
4229
2430
7340
8932
9761
6544
7008
6279
7218
6089
1682
8943
9018
2469
7705
8709
1119
4718
5731
6516
6993
95
3285
2078
1782
6138
417
1860
6162
6764
1705
7086
5032
3064
3948
561
9744
5420
3333
7802
2150
4158
7917
3381
2820
128
1039
4077
2060
1966
7720
7410
3724
6531
3082
9794
543
6896
6175
2619
6012
3267
6304
1119
6949
4573
5337
5876
3907
5457
5542
7562
968
5184
9699
3449
4902
340
2146
5199
8028
5005
1836
4533
3282
5091
2868
8511
1060
592
3545
6491
1832
8973
4278
6668
5985
4825
1498
8382
1039
4705
1658
5718
4012
4615
7253
1541
5840
2727
8906
7379
7329
7898
1559
2873
3473
3829
305
6475
5321
3886
9362
1776
7681
3076
6120
9686
3128
8766
3000
995
9004
9034
3759
9099
1466
4511
4679
2804
142
6124
8818
6279
710
7157
2466
4787
6048
1527
3872
6212
5628
3927
4269
965
9400
9620
9023
6870
4672
355
1341
5500
6255
3261
4585
5143
3712
568
6781
1434
9388
4423
4383
8090
3688
8401
3775
6145
8877
1400
5787
724
6133
4096
3734
9880
5865
2381
4755
4712
5467
414
4252
7526
8974
672
636
7895
2540
8602
2653
5100
56
4479
8686
2795
3724
1356
1427
7241
3210
4518
7688
331
8008
1788
7877
6850
209
5402
400
5024
3391
6261
5946
6602
4544
3136
1019
6992
2070
9270
8583
4498
8323
788
4711
2042
7253
2396
9479
3719
2424
9790
1510
4366
8391
4020
8183
6526
3304
5575
7560
9770
2051
1991
5123
2857
9819
7206
4009
2126
7850
2245
4861
7436
1398
359
3688
3115
9139
1724
9864
880
3535
7415
3620
3274
1257
9659
7343
7708
4635
465
5540
200
4116
2277
5108
7931
4148
978
5488
3534
4801
724
5308
2006
7510
2889
1040
6536
1479
533
2329
6539
948
9251
7822
167
2086
815
5555
6853
8167
6946
3507
796
5147
7999
5055
1267
5301
7680
1357
1315
2573
9785
5222
7636
5736
7742
4320
8390
6337
2704
8096
7721
8144
7662
1875
9292
8854
789
2797
7255
3425
8883
2816
7684
2497
5060
5000
4707
4687
333
2923
5169
7575
373
5985
5792
6487
4162
8099
4899
4496
561
7334
8851
2331
1436
7369
2602
8647
872
9552
4095
8117
3001
7978
1464
4001
1873
7902
34
6677
7011
7335
5921
2158
5312
2015
9022
4706
3360
6335
3758
5649
6128
7522
9080
5567
7151
7483
30
2363
5795
3663
5631
7343
7961
1699
5651
9730
4334
76
7202
7976
8441
6734
2681
3118
6968
8812
3160
5331
6549
1756
1005
4661
1662
5684
4723
5740
3398
965
8107
6445
4791
3063
5908
1451
2228
6989
491
951
1922
2684
2250
2646
7198
9421
8682
8021
8825
3584
7720
1848
4979
5911
3341
5015
6604
302
4275
7948
1370
841
3383
3584
8195
7506
8183
8654
3536
5655
2238
5824
3522
9462
3084
1388
3288
8456
1115
3530
6986
6168
277
9092
3184
9182
626
4592
770
2195
9188
5692
6499
3866
4511
3887
4985
1898
4916
9262
2830
8585
1364
7117
9306
3467
5262
1549
4994
7673
7773
4995
3285
2753
9118
2826
4113
5413
7321
9076
5914
970
3782
547
9258
7091
442
943
5442
3500
5530
1830
3227
8208
3154
3659
7230
6710
7844
4134
5117
2402
7037
2454
6817
7993
3129
1444
315
9174
1853
3824
8553
4731
3070
2865
4982
4821
8655
8103
5400
6213
1165
6453
3374
412
1522
4004
2458
7215
240
3550
6050
3938
4614
5185
4710
6584
5279
9219
6385
8557
3988
8046
3715
8633
8600
8660
2425
9920
9998
4047
2253
1996
3328
3679
2683
8858
7168
6116
9442
9202
4804
6718
417
7781
1271
1473
7897
5088
1483
3832
1458
540
2177
7748
2657
258
5553
6989
7619
5408
7899
4296
1290
3331
679
2462
6575
5284
2992
5806
9914
5173
4301
5679
5922
3474
9897
760
7817
4364
4951
1146
3712
8232
631
7461
9516
1110
9325
4597
9373
2645
5150
5780
4188
3923
3173
2667
5127
3321
4621
8421
3396
9812
382
2590
9271
76
3611
2403
9935
1844
21
8435
6690
4206
6746
3010
4456
4788
502
9262
1368
5048
1453
9082
2129
5625
2665
4036
2229
6076
9796
9876
847
3143
5185
8163
6899
2791
6487
7413
5100
7053
3566
1289
8464
8279
4775
9551
5845
8293
4386
8716
8868
7514
7057
7278
5878
1321
4852
2665
4228
7108
7320
1342
7210
6720
7334
8016
6020
6078
9943
916
4034
1250
5377
1492
2684
6500
522
1233
5967
6858
4672
6037
9243
5737
9235
6307
4688
2040
5621
4503
4185
7569
494
6908
9000
3752
771
1072
88
8493
895
4189
445
318
8883
8346
2746
30
2239
4503
3522
8779
1633
1672
4284
6115
4111
3971
6796
4337
2459
8074
3788
5563
2705
6122
9267
6733
8061
1443
9011
3263
4965
532
8004
3173
2783
5381
8425
5270
7589
3514
3025
4503
4611
4246
9000
4200
3656
4016
5939
6327
8328
7678
3805
6698
1224
9868
583
9540
7003
4333
6235
5931
7512
5064
8549
5581
8537
5273
2909
8837
5949
6890
4242
605
9132
9106
2005
1013
9715
935
195
8492
188
7062
5619
6646
1861
1310
168
8775
4163
2186
665
7035
8943
6170
3716
4849
3148
7395
3106
8411
672
8748
6450
379
614
4238
5586
193
5224
8062
962
1695
2097
6677
6508
9785
8279
56
6936
5548
7898
5233
7457
3731
3820
8489
1350
2163
7919
3834
2668
1094
8155
7056
8268
488
391
8604
8928
8576
2013
4415
1185
9792
6163
7929
5580
5213
5776
957
912
3037
5798
9006
947
1831
4691
9648
7659
7540
760
3830
2852
9939
5884
9707
8432
4921
4838
1116
5616
6380
353
3603
575
47
7336
5098
2665
5350
233
4775
1127
1218
1771
6393
295
2489
466
5288
2395
3294
3551
7522
7067
8943
8420
9365
5391
4153
8661
4104
8209
4103
3803
2838
7918
3532
5323
9176
8203
4301
8591
589
5445
4043
5629
712
1050
9903
1768
8499
7573
9101
2655
4780
5388
1368
1773
5144
1153
2494
3852
6626
600
3930
8613
3071
7059
968
7606
9648
1031
2280
8690
5735
678
6959
6703
5860
3097
3300
6649
542
8245
7722
9533
2340
1956
904
6302
7791
8118
1825
2237
5818
9591
4873
8155
3922
857
1529
1796
9093
6254
5172
7930
4147
9036
8596
2227
4159
126
2552
2661
3983
9982
3694
2192
1177
4735
9294
1935
1129
4976
5135
7686
3966
9291
9612
5641
1637
1079
657
2516
361
3878
9544
7320
3105
471
119
3949
4158
4319
2235
3784
7887
2975
9220
2488
4418
9855
620
4745
4637
1405
4895
4364
3591
7022
1573
7559
6092
8086
2768
9834
2451
6275
6890
9011
5588
8843
8568
4567
6131
5421
4561
5800
538
4964
1902
5636
4898
8544
2135
5956
195
8953
436
1225
3786
7911
406
7204
9161
4529
747
5369
8255
9537
8982
1882
901
188
912
9581
1313
512
2898
6437
9796
702
5926
6210
4207
7056
7222
4926
1516
2403
8472
3064
2915
5722
5142
9296
4502
3776
1516
2796
2784
603
2796
2470
4454
8661
3686
5025
5173
5470
9679
4703
9225
553
3510
7741
8718
4301
560
9853
482
8740
7927
1427
368
9286
7889
3263
8403
5844
6995
6365
8324
8789
9115
7377
9269
3493
7996
5942
1824
1916
5610
6367
8022
2426
6124
1544
7936
3065
1449
855
5020
6001
8494
3140
1937
8856
7774
5705
6417
7573
7315
4578
3784
7901
7750
2643
7324
4925
717
1860
6713
5079
6334
5655
6581
9486
6203
7774
3319
5767
56
3288
1836
7182
4754
8115
1271
3491
5622
3028
8632
9531
1699
45
4265
8272
4873
2718
934
7339
6742
9575
2464
489
276
1977
2533
54
7190
7294
8599
4019
6176
7290
9005
449
8950
4724
6584
3480
5873
2858
4902
3478
8300
5806
9239
7892
7731
7223
3147
2195
845
8614
3972
107
5696
1584
8023
4565
9236
2026
5035
6279
8792
6318
2415
8956
2061
3367
3223
9718
6105
4018
3350
3178
9250
7293
6930
4624
8227
5542
8874
1200
9370
9666
1245
2129
8991
5601
3126
1616
1678
1383
2306
1003
396
753
5411
2043
8878
3323
2065
9300
6569
537
5879
2428
2032
3840
9827
5571
5021
1695
6113
4028
5526
4559
8925
4558
2269
8553
9103
2023
9893
6550
4851
4731
7654
9803
5575
1325
8943
4381
6770
4631
9761
4451
6913
4682
1983
2228
5991
5821
3953
3266
1638
6850
7354
394
4442
1172
5533
2423
4157
440
1009
2386
1436
3360
4505
8002
9366
7635
3957
2743
2388
7300
164
5595
566
5339
9162
8493
4395
2733
81
1296
5786
8290
9711
2234
1803
749
5621
1168
798
2771
7904
5656
8878
464
7122
5146
5668
2888
6704
9291
7863
5000
9324
2449
9405
265
5533
3316
1783
2540
4117
1611
6015
5894
3220
4215
3938
1923
9157
5995
1466
7681
9605
9419
6440
6165
3354
2121
2451
7801
4996
831
7904
506
2075
5997
6152
4232
9845
7070
3464
3668
9496
4172
4892
1908
2871
1766
1694
6637
7580
9378
2742
110
9050
9642
7808
5514
6406
8891
5730
3456
1689
6389
779
2657
7585
4345
2697
2027
288
1661
933
5890
8575
1319
228
8644
3834
1329
3179
8749
7212
5806
90
3185
6660
7242
154
69
2248
2067
5160
7732
8852
8704
2334
2801
9385
6660
5600
6835
13
9566
6301
174
1724
5283
2725
4976
4359
1952
9925
4369
8080
7133
4169
9829
7296
7044
6986
5054
1203
3863
4658
2088
5047
9237
6129
5738
6007
9286
4872
4762
8205
8577
4481
1876
2350
8372
773
4530
4218
9876
6780
1804
399
8289
9039
5989
5777
1896
6978
1252
6159
3106
8536
4054
2607
730
5622
2782
681
422
4375
2105
499
3791
5414
7698
811
692
302
1023
8037
1873
84
970
9713
4265
4765
4458
3147
2694
1010
5309
4602
6640
777
7949
9654
1737
6620
4087
9438
1441
9840
2296
3035
6811
8733
4982
9320
272
4482
1284
1878
3357
1440
6242
4457
1324
8602
4190
9716
5101
4434
4751
6771
1728
5645
9284
2672
5401
6645
5888
7072
7559
4239
3340
7629
5079
7498
2553
3269
162
8775
9855
3640
1665
2954
5718
5896
3076
8800
5360
9002
1115
5607
1847
6112
4679
4648
9542
9773
2214
560
2040
8778
557
9796
3496
9220
3070
1723
262
5797
3302
226
3942
762
7866
5845
6833
6146
2602
945
5891
5873
8884
36
1322
9109
7459
3373
4763
3083
8081
222
9706
1877
9741
8296
4102
3168
4807
6931
5799
8641
4647
4843
4960
4449
1484
7044
5673
3752
142
2597
3662
8395
7971
4567
5366
6200
9080
7804
3710
9349
9922
5968
2107
9407
4812
8215
5239
8128
796
3747
4685
5902
946
2141
9039
4766
5632
1096
1798
9058
6984
4724
5421
8994
3211
4750
1775
125
6090
8269
7615
4164
4653
8462
7356
2390
7071
6689
2039
3487
4897
9852
4246
4184
8146
5693
7504
3588
6643
3443
8932
8468
6636
910
4067
2832
2105
5543
2559
1646
1587
3653
5025
8527
8045
2106
6699
6682
6143
9087
3005
7409
5742
6816
2217
5801
1533
9268
8367
6916
3691
8796
1527
8307
8206
2845
1913
633
1047
3626
9414
3282
6978
8543
4435
3565
9621
9536
6633
963
6551
482
4111
529
3303
3827
8348
3441
2230
5553
45
4763
4926
3209
4761
7462
6091
6416
8405
9690
9761
9835
564
4205
3717
6387
1780
3370
4064
2310
87
7591
8526
8233
6051
3728
9291
8212
1071
2601
3669
8219
6295
4632
4009
1763
9283
7656
6525
8311
8990
8686
5569
1047
8570
1371
3692
7498
3049
2522
3070
5445
8925
531
674
7064
7706
8937
745
2590
8787
9751
597
787
727
2368
3460
6775
7011
7750
9099
5481
5430
7729
8851
5983
3022
1345
2597
9269
3449
2299
6869
3110
5511
1961
1240
1635
1334
9889
9577
7466
7112
7623
6247
5713
7957
6098
1758
4650
2143
1995
8779
7256
2963
6807
2370
9082
4171
5079
44
4432
6990
4634
3369
8596
8062
3882
3404
1938
7040
7074
2360
5380
8762
5425
2149
8210
979
9605
3325
8799
2617
2916
6742
8520
6836
7215
4587
756
7225
6240
2213
1039
850
5216
3858
3252
8702
8517
4434
285
2915
2886
1819
2870
8690
5727
9287
2493
5149
3090
2423
3344
6516
3313
4991
9412
1559
9374
5512
1424
5447
9818
697
9011
4815
3420
9446
1811
4516
1502
7621
3941
656
7324
7545
718
6570
2107
9501
2134
6581
9874
9114
9105
6682
4879
6679
9206
7257
6772
4547
9989
7655
6289
7311
1794
1688
7940
9260
3043
82
4868
6574
4320
2487
9689
1911
5583
2691
9056
5520
29
4490
1355
8116
8989
8057
4490
3175
7752
1733
5126
3997
5825
8978
8685
7560
7990
1756
7099
7803
1442
5141
4249
5320
3475
163
2927
8024
4697
7157
3751
1259
3142
8797
72
2267
3825
7428
8399
3235
7860
6465
2007
1124
7902
6838
1096
3797
4578
1776
1238
6391
611
3598
666
5484
5135
89
8549
3928
9359
6083
9935
1933
2653
1373
383
8432
3212
9625
3903
8085
669
2103
6787
7111
9822
8525
5004
5918
3318
7472
256
4868
3752
9427
9757
2357
2844
293
2479
9767
5285
9409
4627
1440
1863
5191
1273
6806
796
8378
4894
9769
6676
6871
3066
4804
5679
149
6042
9147
8055
1972
6001
4912
9890
5659
3234
2853
6648
8309
2231
1911
3454
7149
4688
2149
3498
8072
9878
9986
3240
6919
7431
6053
198
471
670
9562
4098
5586
9247
1345
107
319
7914
858
1968
7960
8397
434
3174
9897
9905
5959
4095
8379
7099
2147
5152
4102
4998
745
4895
2046
3368
3433
4725
3254
9260
7011
2834
5688
807
8736
831
2694
1217
5247
3795
3359
46
5974
7353
6845
1416
9470
9005
1949
735
45
2247
4777
5258
443
6937
8193
8506
2451
7963
1426
3456
4255
6009
6128
7023
2473
5744
8624
9330
1985
8324
4851
5624
4954
3412
8426
2468
8039
8242
2109
6191
3854
5220
7321
9291
278
292
4320
6112
8937
8884
1861
5355
9937
6661
7468
3894
1392
3338
7162
6723
5736
1152
9225
2496
2231
9251
5668
6147
189
4434
8260
1112
7860
4163
8848
112
1117
2399
8180
4072
1839
6622
820
8249
6992
5196
6651
8015
4918
7370
3666
6202
7319
4065
7832
8581
1314
1000
9650
6898
9813
2807
313
7070
6221
3162
1914
2512
6659
6453
1840
1697
5851
1359
5735
6267
5076
4620
2708
1879
9498
5968
3751
5498
2967
7522
3116
8624
9571
1731
3484
4815
1033
9377
1652
899
3178
4644
4875
2154
4147
2276
6219
210
446
2294
3836
2481
1874
2367
6686
9438
2614
6085
7862
3081
7289
2107
1799
3349
7500
9933
4269
2143
4562
790
9617
8184
9098
3718
4051
2941
5337
1246
9123
1864
1047
8086
2501
5980
1197
3042
2598
1410
271
5657
3350
7134
6607
140
3075
4986
7774
2591
3883
8
9517
691
321
6350
5200
7063
4616
193
3261
2899
6774
6603
2588
8953
3514
8328
2516
8308
4961
8915
1373
9160
2771
5023
7812
7547
974
746
2440
8183
8859
1092
5171
4037
340
4000
5292
1469
1444
9011
6032
1282
1956
4168
5476
2839
6487
9550
7485
6648
5845
4030
9477
2244
2439
4130
45
4014
6281
6181
6480
1227
4321
5709
6599
1746
2229
2272
3695
8153
2982
1734
1708
2988
8560
1312
8817
598
924
560
7900
3450
9814
4820
5687
2086
397
5025
1636
5977
9226
4037
8817
5320
2762
1218
6492
8070
213
3179
6076
3433
7676
9656
3808
9932
9106
6354
7019
2415
1267
4644
9100
6370
5
4834
2480
247
3913
954
7649
4729
1533
837
9685
7254
3201
5847
4084
1988
8626
8081
519
8081
4707
2283
8284
4778
9015
663
3832
2500
1975
9816
8505
4256
5021
5823
353
5183
6973
7669
3507
113
8400
3726
931
9835
5524
2894
3034
2954
2892
8594
4533
3740
1551
9637
8664
6453
6879
3007
2727
4511
4198
4179
2059
2720
8322
5964
7037
2877
4915
5180
2932
4423
8747
2286
5532
8403
4344
6063
4957
6087
2447
2751
7146
475
9133
3473
9433
2413
9737
552
5983
4217
5154
3655
9086
7409
750
4168
3259
7437
9144
14
6194
5906
3738
9310
6271
9821
5120
5612
5054
478
2011
7379
7420
2086
1169
5706
1852
411
3668
878
4001
149
9034
3269
9740
870
2837
1756
1623
5399
6782
8552
664
1996
5166
3239
5353
7940
6486
2074
9257
4833
8046
5402
6076
4857
7678
5043
8667
2480
7457
7501
1948
9226
7726
9737
3794
2480
3457
5606
6516
6179
3432
3455
3551
70
7588
8817
5050
7441
1052
3098
930
7601
2217
6097
1432
4639
92
1772
3901
3008
9470
4870
3484
3390
4401
2654
9720
4863
3624
9466
4924
321
4284
3252
5394
5553
8197
9972
2626
3898
9672
2975
5599
8266
3779
529
8360
7940
2203
4204
9227
5086
2429
4202
4180
7196
940
3435
879
6116
8546
488
8147
2165
5914
6469
2070
2571
744
5964
1802
1939
5482
5547
4966
4374
651
8739
9222
9239
595
2249
4453
4789
1439
7087
1336
4476
5933
444
5453
8979
8836
329
6626
150
9539
1706
3601
439
7912
9848
2479
7845
7871
6507
3964
1086
6764
7201
9981
6184
8993
2804
2064
2116
8040
7038
1342
1652
6433
7732
892
6612
8111
1865
126
6780
44
5990
4117
8832
6847
4193
1481
648
4479
2731
8966
8210
1618
8749
2001
3702
9977
5928
9770
3031
4336
7433
3026
1060
745
4287
9820
3019
4804
902
1083
7081
9339
1194
6135
3071
4981
1787
580
9800
6300
7647
6486
6383
5258
8643
6529
3486
1401
6435
3817
6028
6869
4181
1152
162
7838
7802
1691
3801
2822
5236
3229
5816
6497
3776
7902
4147
4364
1371
7895
316
5686
206
5421
3349
7113
8545
2491
2418
3506
8290
7053
6308
7276
9526
8049
8937
7832
5810
861
44
4691
8310
8502
5786
7360
6616
3029
948
8696
3375
9952
4642
4805
4026
5581
671
3828
7281
206
1506
1678
5922
4749
315
1307
3236
7448
6088
9641
1444
921
969
2988
8502
3689
1817
852
9889
7334
6786
2991
1185
7581
2977
8584
6776
9017
8388
688
1475
3229
9655
7165
3473
8278
3804
8625
613
2738
7616
8754
4855
598
1425
8941
7360
2488
2440
3612
7930
931
6199
7912
8972
6518
6770
4188
9487
6869
1827
6351
3555
2294
5868
7440
4799
572
2768
8327
8466
5428
1462
6038
8377
8733
4592
5397
6891
8886
7582
5104
7468
1420
4051
2477
9952
5347
9620
6253
7867
324
9923
8184
1199
6532
4539
2243
9021
9063
6888
581
3043
8831
2136
2850
2582
7031
3843
1857
8635
5129
6352
2628
8609
9271
8459
6396
2521
2666
9995
8953
4335
7991
2069
9579
6137
3661
3049
1295
8841
7641
4423
2329
5250
6002
7274
557
7492
7641
9766
2893
1396
4047
352
9788
4505
9518
2815
720
4998
2012
7167
6963
5188
86
7373
2663
586
4632
3255
4021
3613
2778
5334
3385
2636
5236
9425
5668
3961
2781
4868
3983
4848
6176
7473
4383
2358
9664
6137
477
9459
8196
5658
8111
6766
6450
6551
9207
8017
849
7685
9824
8463
8054
8689
2445
1526
8063
4192
6494
4671
6009
5167
9444
408
6532
1110
4088
2189
3231
8400
4770
2229
5104
7321
7837
5061
1792
5505
8782
3254
8422
2358
693
6562
126
6770
6223
7063
6336
1200
3244
2291
1873
7934
9817
1755
9375
3292
6527
8200
578
8614
4530
9671
5971
8748
7516
6986
7766
8250
4328
3249
208
3871
5770
7347
6777
1258
2385
9413
8828
1653
8099
6823
2048
7069
5740
992
6890
5220
9401
6535
9736
618
5236
2339
9244
8662
7327
2661
4025
4420
7420
5017
7947
6719
184
3325
2967
8435
3919
7954
510
238
6833
6027
4029
6359
7940
8388
204
5919
371
7503
1757
9932
9401
5824
1029
2369
4965
1329
5889
6384
1257
9754
4598
2169
2813
2289
5661
5022
1815
1891
8715
7996
3382
6671
3729
8101
4645
7230
365
3863
926
4530
6134
3513
1251
2234
1086
2351
6710
3319
7062
9984
7791
2538
67
6699
6534
1189
5785
3330
3392
5756
61
245
6209
3552
4169
170
2449
2878
2046
1040
7220
1306
9679
9775
2344
6206
1805
6687
3423
5924
4107
1835
4778
8731
5512
6291
4897
9558
2042
8569
1401
5730
7213
4321
1315
9616
5794
5781
4998
8132
4908
6388
251
6039
1941
4500
6585
5241
1095
7482
314
1485
4574
4050
1260
1614
9626
4415
1950
8005
3721
939
7763
9974
7113
440
6462
4191
1738
2649
3415
6040
7320
1760
5582
3441
6455
6954
1589
8080
9395
8593
762
9288
9216
6433
5904
1442
3390
4765
2680
3399
3706
4161
1359
1541
4026
2092
9993
940
2642
3522
2136
2623
9848
2480
5807
6166
9691
1605
3618
3520
6275
938
9631
1574
9425
6916
3024
2695
1657
9428
182
6884
536
7648
8929
1569
3334
8080
5915
5510
8806
1955
8491
2239
1949
2286
1775
1095
4141
7021
7013
6771
9854
3246
6129
8291
2541
5830
5240
7968
4593
9299
2874
5969
9070
9498
5508
7274
935
8937
8234
9228
9177
1557
1194
6329
201
4516
8572
7000
7148
7368
5369
7336
7326
6515
6052
8920
7300
8928
9000
4592
7972
6715
1230
4725
5030
1760
7465
8
6543
3976
5786
7308
6897
9851
7870
9415
7534
6431
6027
8029
4109
9797
8255
2598
2092
2472
9241
6893
3053
1555
7635
5765
8329
9977
7127
8967
6134
9872
598
588
6595
3520
753
1011
8437
8384
3562
198
2345
1464
9807
2394
6338
1571
5598
1417
1090
7857
586
4952
6672
555
6274
62
3550
8302
9413
4657
2843
7021
3019
8560
5869
5789
2214
9456
8128
4080
6603
1264
2430
6354
9910
3772
6614
4101
4346
9114
8041
1318
4156
1158
8176
2829
9701
4028
6361
4064
7092
1721
1112
4617
6615
8618
3428
9588
8709
2278
4110
284
2720
3159
9090
8375
8553
9081
9001
5507
2063
2743
4535
156
813
8299
9062
4311
8869
1505
7363
9473
7265
1144
7243
3855
4584
3169
9140
4018
7931
481
454
4549
1026
1919
9689
7907
4296
4222
9097
9298
9817
6155
1520
7685
3885
1421
8050
5534
9895
5805
1917
944
8440
9044
4692
6230
981
6469
1479
9279
2831
827
5555
4082
8632
2590
880
5866
1210
8327
2180
2723
1050
6873
9318
5350
767
4006
939
8971
4973
2932
7164
9748
2594
2797
9258
3629
6932
9153
144
7696
3915
4386
4997
9232
3621
286
6070
7308
5628
7870
6612
8793
1886
3978
1642
5140
3822
91
1607
1235
4854
480
9689
409
6957
415
2520
845
1624
2709
9793
8531
2201
2637
4916
9168
2332
9114
4327
4326
7623
293
9975
2001
5482
1629
8260
3589
8298
5662
5885
6125
4792
9591
6970
7251
8054
5185
3222
8267
6803
3327
6283
8456
7509
5286
2448
4335
9048
2741
6893
6373
9616
6212
5007
3898
759
1381
7322
5426
6476
8938
5931
2381
1003
3376
6370
284
5620
8594
4798
3172
9883
7542
3200
3026
8286
5824
7049
1615
5168
9662
5672
8211
2892
5625
6997
9498
1226
9764
487
4108
543
3216
4089
3730
1540
5695
4195
7448
8024
5918
4783
1156
414
3022
8188
670
7134
4664
1973
5193
5143
1910
5353
6537
3892
1278
6305
3253
6993
2435
8771
316
5733
405
5058
2909
4927
4840
7518
7425
1099
3461
2689
564
9261
2998
1817
3060
8763
7943
5425
5589
9372
3952
5859
4458
1733
6559
288
2493
7081
2791
9185
8321
2425
566
8394
1406
4502
5561
1166
4589
8487
8202
1139
3337
7847
2454
9414
492
2034
2658
1323
9737
1524
9779
6383
8408
2799
9010
4100
3205
7173
5054
6333
402
9775
3601
6678
9971
6973
9867
4695
8831
3427
8514
2483
2554
2301
2803
985
1150
8080
5362
1610
7532
2394
5988
8792
7940
7833
9310
6396
1586
3458
6128
8290
7466
3543
9448
403
1696
4313
7453
7056
3274
1843
9356
2116
8495
480
9829
6946
3717
3400
5560
4643
3913
7720
1085
3276
1183
9028
3564
8436
6799
2793
3387
9460
4162
6560
1578
5108
5940
6712
8671
1938
2681
5936
2179
952
6690
8731
1077
4511
5055
2463
1722
1183
927
3981
6157
3361
2646
7813
811
3408
6315
5452
8898
79
3975
1032
7891
900
7861
939
7577
618
4469
6268
1292
2022
4684
3099
909
1584
9048
2799
1304
1039
4148
9510
7922
2922
8606
219
6632
7205
8764
8587
7941
5935
5781
6079
7473
4825
9887
9315
6879
9736
268
9330
8856
4535
6187
123
369
5800
3256
6374
7451
368
870
8786
6946
8232
8858
457
8421
767
2722
1153
7370
1475
6085
8194
6383
6414
3706
3520
5948
3454
1951
9086
2438
758
8095
4136
2087
5909
3139
1661
5688
9766
7020
3754
940
2992
1857
1169
4918
7819
6620
177
9444
1494
170
8656
1139
9165
7920
8644
2288
5444
9660
2511
4923
6535
215
8929
1266
3325
6324
370
3864
1682
4381
190
6120
5446
3133
5794
7377
3396
6021
9002
7668
1362
4823
11
4188
9953
4911
1923
5816
2709
151
9188
5769
8460
2836
2877
1466
1224
8481
4226
2465
1225
2425
6776
1514
6672
3785
749
5427
7557
6773
6519
5704
5994
6381
1971
3645
9694
7678
6771
8756
1070
2040
7994
2416
3469
9769
8184
5533
9225
5540
8576
690
7694
7534
1688
968
926
6914
1998
8674
7311
7042
1433
3748
411
5560
2566
2667
3881
520
1852
9255
2957
254
3426
3786
4728
8794
1205
4621
2137
8817
9474
9885
6521
9573
7816
4302
7062
116
4294
7418
1999
3780
9114
9697
5473
814
7884
4796
437
4790
950
9814
6885
9693
6810
5270
5466
5468
9437
6832
9002
8724
3625
9683
3969
3385
1335
9553
6203
5783
4438
4922
6219
6459
950
5163
6043
5904
4431
6343
8696
9333
4237
1211
984
6816
202
9874
7279
1241
5983
5988
7528
3206
9314
8106
3823
9436
3830
4192
2466
3237
8003
2310
3707
9348
8039
4074
1190
983
1490
8824
1076
9415
6240
5443
2010
3847
9114
1537
1352
4480
1653
6810
8270
8438
1484
9702
966
8060
5988
8226
8333
6212
9697
373
6049
876
5853
4923
6538
5392
7306
5994
1619
6173
9905
8317
5997
728
9501
4182
5142
5884
7511
5868
9591
7750
9939
2357
6097
7685
7154
1290
6100
9252
4
1520
6456
8436
4866
6690
5733
1627
5163
5009
1613
7445
6810
6301
4920
8594
411
2147
8645
984
8946
2258
2725
1268
191
4803
5070
5095
1672
3749
6313
3707
5304
4200
5797
4074
5725
5434
6839
6114
2206
6135
6005
6954
9365
2053
5580
6756
2886
7134
2853
6529
7980
2482
270
9508
1889
4143
8498
2331
5435
1539
5260
9581
7134
4334
1743
7559
4726
1478
8785
2577
95
2941
4974
1256
9063
7278
9273
4512
3759
4286
2633
2388
9639
5271
5645
9208
7368
7340
3148
2626
8643
9087
7112
3183
8848
5319
430
7006
6702
6443
150
3638
9692
161
9782
2324
1818
5863
4131
3315
2844
291
364
502
7603
7479
6950
450
9002
4058
167
7764
8909
6038
5398
9606
9474
7297
8339
6882
3293
1300
4724
7741
5170
7061
1464
4813
5231
2498
2407
3255
595
2209
2830
4291
1079
2515
7660
9925
1893
473
1826
5591
9317
8373
9637
5724
8800
3200
9014
9545
7391
5627
2184
8805
8870
6513
1635
810
9546
7010
4979
3185
6464
7647
9448
2511
3791
7636
550
3484
848
3589
2436
5653
8358
458
7021
6203
8202
6244
662
6717
8871
5295
8673
9333
5870
1255
2746
5779
9225
3837
2940
1946
6519
1655
1249
3748
5166
3608
2777
8692
4502
178
2519
2734
1641
5966
9129
8124
69
7508
9931
8026
8313
8584
7368
1156
3725
6406
3624
7530
1952
6905
3062
8820
7565
6043
3217
8935
6405
4888
3810
6137
2754
5788
802
8797
1885
9280
3597
8925
4651
1127
3949
7167
8956
4368
5009
942
9077
2244
1801
3008
4842
9840
1790
761
8885
9493
6648
2014
7629
9622
582
2285
8224
8125
1191
2228
4284
707
1177
8697
8533
4062
2024
3595
6467
9742
7511
359
910
4169
876
8776
465
1088
8921
8542
6328
9574
9733
2005
5615
1908
7856
6569
7925
37
2841
3000
3536
323
9321
3216
3205
2648
6292
312
9123
2614
1899
6687
2595
9746
9315
9525
2250
1748
8677
472
6502
4810
259
3238
7952
7136
7056
6426
3990
8931
2735
6708
8380
6469
4093
4114
2581
9816
3993
7169
8168
6628
2812
2957
3926
2919
9164
2394
12
9889
7500
6691
1000
6756
5298
707
8156
9216
4648
29
3307
2565
2186
3631
2624
8634
2824
183
3946
5937
1913
501
5072
1010
7339
2308
146
5697
2723
1951
3284
1101
5269
7439
695
4667
7394
306
7429
1646
2544
5644
4906
9162
4202
1927
9653
1923
3533
898
2647
5496
3274
4629
4512
3810
4658
4216
7622
632
4760
3899
6938
8824
4504
7557
328
2307
1969
8973
9936
8138
603
4130
1522
7177
3438
196
7021
3952
1509
873
3962
9067
3619
2426
2787
6196
5038
7553
4954
9391
8361
2566
2871
3677
761
6454
4155
4837
4705
2987
1530
7896
600
1103
3625
3112
5879
279
3502
6933
9508
6165
7879
887
6838
9211
1667
1146
5619
9120
268
7921
5894
4208
7231
4123
5594
4940
6216
7770
1907
5289
7992
3300
9401
9826
805
2705
7385
7860
592
2495
1209
2668
9192
1519
3387
8905
3941
1918
7519
5209
5023
3305
2305
1872
6349
1384
5478
2557
5839
9
6384
2145
6001
100
3711
1416
1225
2317
1068
5626
3439
1763
7282
2515
4217
7031
8800
2342
7303
3488
3367
856
1401
6467
7195
7494
4069
5815
8799
9546
6031
9069
7136
1577
7865
6448
1951
3228
3048
7095
9142
8483
7358
6833
4120
9223
1024
5751
5795
1408
1219
9712
5228
3174
1687
7316
4305
4683
334
8535
9542
6246
4808
1959
5036
7336
2306
1111
1600
2448
5654
8891
4693
3339
9653
3948
3566
1050
5298
7918
7896
1715
5524
618
7478
9048
9801
8843
8301
4264
6510
222
7924
2731
2357
952
3457
5319
8976
1493
8827
9205
2439
2283
5472
2857
9785
7132
9399
3596
7773
9118
6045
1791
9677
4267
849
8988
1467
6091
5975
3247
7604
4802
2511
3935
5124
5377
7502
1897
2553
4698
6219
121
3814
4435
3620
2083
6690
2976
5680
3855
165
7573
227
6377
3432
3089
2235
5617
5160
1281
6254
5639
8563
9253
460
7621
1646
1617
7014
8168
290
7132
6472
274
7123
918
1566
6140
6362
64
1499
8369
1025
2760
7660
2908
4039
7714
508
9526
6952
2146
2638
2652
5455
6476
3821
7448
4910
383
1803
6932
6706
7414
4399
3406
851
1182
2222
6462
713
8297
6259
6873
6736
5855
2246
3184
1979
7076
948
660
2379
7153
1419
7457
180
1485
8680
6021
1128
5745
5944
9201
1166
2273
3480
2647
7935
7680
3488
4857
2926
8170
7478
546
1356
3197
2894
7828
6028
5714
4670
9186
7262
8729
3503
8229
7431
4059
1783
4689
8407
7326
350
4985
826
9266
6275
5279
9502
4378
4097
6377
3155
3448
4114
1311
3638
6707
3515
5346
5216
6610
597
7710
1960
5156
9466
2654
9278
1537
9494
5200
7923
6841
7715
1102
1864
870
6778
3069
3931
6379
8564
9967
6614
1836
5183
4781
9537
7480
3565
6309
3429
6756
6359
9750
5084
9209
8215
7687
2459
7029
8742
6089
7946
9822
1510
1314
8548
1221
5809
6251
2474
3965
7410
7111
2917
502
695
7147
2610
4270
8227
9204
8330
9662
9507
3239
4628
3530
4428
8962
5222
8442
1785
2013
5373
3861
8312
3673
8589
8192
4106
762
4761
9588
3011
2188
4460
3079
9793
742
419
721
183
9939
6720
6820
7338
5169
8268
6321
2360
4249
9542
3686
3544
19
8145
6133
8937
1906
3903
2074
8249
3361
6802
5388
1332
6051
9632
8980
6169
4989
3314
7509
5631
4412
6478
1316
4735
6643
8420
1235
8247
6156
2882
5012
2689
1634
8001
6978
4482
6884
8019
4318
7402
1811
1406
6437
6686
8175
2248
9026
4095
199
4887
3188
7490
5415
9142
5192
6509
3476
1039
2331
6468
9404
817
1678
9960
125
3437
4034
4100
85
5186
6269
1932
9589
4270
584
8076
4927
5029
656
346
1426
6050
9393
7001
4103
3163
5975
8847
451
8285
5757
478
4907
9907
51
4975
2317
5675
4147
5555
4372
6193
1000
9746
5027
9674
6543
4941
1146
7746
6702
4138
4621
1728
8583
4270
3848
7804
6412
9085
5992
5319
2941
1021
5395
4061
1338
1372
7630
5594
8033
9280
5868
596
2915
8212
8797
8973
7842
4722
256
3034
1705
8172
993
4346
5279
9209
4363
7339
2255
2167
1101
864
9373
4307
7450
9383
7546
9800
7206
9658
5430
2002
9253
7732
268
3030
521
8437
291
8911
386
8288
9873
1431
793
9440
1523
1132
626
9178
5085
680
612
9921
4811
579
9096
8793
8893
9053
7618
4834
4318
9697
1982
8547
9072
7239
3958
790
2334
2592
3323
7555
9006
731
6244
2109
2352
3068
4260
5622
2990
2907
5293
2305
5254
1531
7581
6112
694
774
4766
207
8749
7992
7708
3812
9352
526
9437
199
9524
4690
6782
3611
9860
9769
6959
7385
409
7626
6047
7977
8773
8020
2387
1431
1451
5394
8446
5350
8275
1057
3436
8940
1555
7231
8683
5411
3873
2862
6085
3485
886
3074
3628
8486
1805
7238
822
5448
8380
7258
6175
3927
1678
7741
1267
9454
2299
7115
7939
2074
9615
6651
7991
7964
8715
2145
3935
5814
3533
9127
7773
2881
8799
7502
9300
3259
9518
1119
566
5055
2772
1328
5461
360
2556
9320
8200
1141
7413
4415
8804
5676
3147
7390
8523
3506
6602
1598
7777
843
5679
7609
2246
9484
404
6093
7586
2982
3698
3722
4803
5905
2580
3417
5599
6053
2012
2122
7123
2022
9289
2419
4723
7965
6343
4967
2377
4505
7849
9351
525
7076
7072
9607
3900
2729
7619
4330
6683
5589
1607
4410
1973
451
724
3557
4472
4656
6206
2280
5488
2744
8565
3391
4756
4897
2754
8857
8328
8823
9057
7873
5971
1640
2882
635
5747
904
4243
4207
8305
7849
7464
982
551
3258
2332
3979
718
8378
470
2606
2943
8457
7163
5962
4581
9498
5136
9384
2816
6546
522
7148
8276
2295
9266
8554
2003
8727
5932
2074
6542
6801
2903
7495
1524
2625
4029
7560
3458
3371
5350
7343
9172
7021
7019
3743
1921
3035
1888
6155
8069
3434
9569
3765
9858
1756
6146
6622
253
3850
8401
4357
5377
8614
2123
5678
6154
4149
4824
1300
7316
8876
8631
378
9217
8299
5669
6718
7426
4268
520
1718
5732
7860
8601
5956
9247
2627
9187
6921
2070
4535
533
9593
2360
8176
3258
6915
9926
1838
5297
4362
4292
6640
7790
9445
9124
8816
1224
3124
5084
9760
1599
2451
1374
9897
995
5522
3172
7757
7158
4808
1476
8195
9109
4657
5000
9165
3616
8448
7831
381
6516
105
9062
4430
4034
5517
3208
3638
3088
1927
2539
4596
7883
1321
6700
209
269
9447
2372
1362
2457
759
8582
1865
8767
1652
2948
5664
6503
9844
9919
4132
2945
8146
4753
757
7660
222
803
7371
2782
2008
8616
951
1686
2852
6523
7077
1379
8399
5055
773
6881
6580
5435
9209
6135
4636
8700
7673
6803
4784
451
2222
7913
9631
2762
8292
9960
9217
9942
9426
8246
2142
3558
1860
3019
9907
2295
3184
4018
5428
9218
2629
7262
5648
454
9085
8824
6427
6171
6468
2643
4031
748
4421
5844
2875
5490
3843
7789
7936
8811
2837
1774
930
1223
2587
2093
1063
4385
873
4353
1231
4284
4791
738
1662
8889
8161
9221
4766
2494
622
3001
3264
1660
2756
9476
3011
2122
2307
9762
3490
3736
7100
6887
9494
5961
4463
9877
7317
5662
8263
4115
229
6523
7355
2571
175
5956
742
9003
5025
5543
2392
6662
2157
8663
7314
1819
8554
328
1484
3605
16
2285
2089
9118
4295
7721
2717
6122
3482
5133
9899
222
4178
6980
6458
6670
4168
5682
1980
9418
6651
391
8911
6939
3401
3282
5755
3506
8826
1191
6712
459
6122
1338
8447
9046
1298
6071
25
4074
3288
8768
572
1045
3319
3954
4055
3803
225
2915
5991
6600
8530
1571
1693
9359
4829
1040
1408
3462
5647
6493
5574
5924
1132
8678
2836
1829
6232
4708
8660
8772
63
6656
8101
922
7104
1672
6570
9416
4468
3093
7891
2164
7713
2333
8951
4234
7169
1838
5207
4081
7990
4712
1390
5008
889
8669
7014
7223
6683
8887
1659
3709
5409
3399
6592
7072
3509
9524
3867
7734
1079
143
9113
1626
372
8409
9959
3849
7829
4114
2349
2272
4573
2744
735
8376
9181
2149
6957
4970
8188
6033
6262
20
6026
1020
3981
7784
9400
4349
7682
5549
2421
7199
1539
7867
6762
2119
3429
7633
1964
6461
2797
4191
8030
8501
939
7093
6685
5612
9671
6591
7619
7364
5447
7455
776
8838
5290
2333
4476
5152
8599
5411
7012
7541
2761
668
3582
8335
2612
4088
6975
4889
2757
86
7668
8545
8201
3574
1646
3792
6583
8102
791
5735
6768
4938
159
2292
8520
29
2102
9662
1936
3955
2105
1540
7490
2247
2463
506
496
5
8370
9788
246
5096
6292
1305
6569
2459
5043
3499
3008
1923
6790
9112
9305
9058
1481
7390
4667
7731
4097
9522
5598
7736
1374
6189
8482
4521
357
7196
1356
5795
8465
3106
7137
9087
4099
5579
4412
1716
1623
9284
6591
625
659
2473
816
4714
5574
2804
7553
4221
5609
5461
1475
2044
7149
3646
3527
7439
2352
6887
855
2350
7398
6310
7749
5946
2502
6331
1640
1763
8492
3362
6985
9760
4443
8694
1503
508
6829
77
2334
1677
9660
7360
2019
1924
3495
2304
7076
2835
2034
5496
9318
9664
964
1243
5547
2512
5885
8003
4837
4032
219
409
716
7479
8450
8224
9527
1462
4224
6887
4360
8770
5266
1629
9335
5190
7228
2395
8467
3609
1080
1752
7643
7731
4952
3982
9900
48
1413
9692
4865
5873
9365
7236
4920
774
2644
610
3043
8762
9776
5148
9844
4839
9339
8744
2337
9457
6863
8374
1553
4137
3631
6085
1890
9529
7197
5992
7938
7784
2946
5469
9273
5745
6312
4278
5131
2427
6395
8034
6559
8738
9748
62
812
945
99
854
3588
137
4868
5009
5081
4686
3066
5183
5128
992
8942
6401
8176
8342
6181
2849
4202
339
3520
7536
5029
1987
2499
9127
4557
9072
2904
1136
213
5033
5289
6768
39
5005
5623
5987
3827
8674
851
8
3719
1377
5464
3009
3094
7252
615
8076
4965
8024
650
5342
3110
5395
97
6130
30
9606
1218
4196
9615
9097
2250
3561
2284
8768
9585
8759
7198
8764
9894
2932
4177
2347
9668
7054
1780
5557
1548
3706
6739
2231
2227
8580
1883
8377
293
4018
5445
6166
2202
9844
2089
2132
6658
1525
6574
8994
2792
1298
3453
4851
4018
6251
3909
923
4684
6671
6897
1245
6319
5736
759
612
6667
589
1916
9922
8291
827
5508
8244
6704
1653
3687
4864
9709
4547
1005
1762
5847
4449
2000
5458
1662
6953
3125
7712
4564
4945
2673
4867
6664
438
3404
2074
2294
7109
7579
5162
8699
627
1933
7737
2560
2041
5928
2070
1054
4000
9678
1369
4682
1085
9561
9986
1917
9272
9075
7770
7628
8693
2058
1588
3163
2726
8398
6286
7927
9861
5575
3093
378
9456
7795
8783
8082
4839
1340
6132
3129
9927
1080
3228
623
3616
5418
7190
3952
3712
1288
5285
1257
5910
493
9095
302
7103
4591
4484
1148
2895
2170
4308
3837
3515
9942
8310
9370
1126
6641
2801
161
9147
3590
6495
6114
5946
131
4608
8760
6172
2175
4448
9722
8486
3046
7588
66
5405
3321
4928
3838
4722
6902
2878
4595
5478
6995
3994
7531
2740
7413
4627
6731
8554
7947
4983
7710
671
1991
4210
7024
2043
2082
1966
4805
1602
4422
7948
361
8420
3255
738
4010
8121
3348
4548
7987
3504
5692
9642
6353
9872
6386
9996
5344
4001
9023
3068
7881
8248
2324
1859
3026
3535
8283
987
9278
4613
7144
8497
4316
805
362
3232
2871
9024
8010
517
2802
2734
3274
8952
9746
9229
2811
1656
2677
5358
1452
1013
1339
1845
8471
2914
7168
9121
4593
793
8002
10
5193
3987
4154
444
6701
2915
9349
453
7044
3197
448
175
9544
3640
617
7961
8968
9529
4
4577
5063
5106
8952
9248
3254
7286
6834
1316
714
4
1512
5715
5751
3135
6408
3726
906
8509
2623
2368
842
1298
5631
3885
185
5955
2537
9582
2866
7302
2431
9906
8022
756
878
7362
1983
4389
4866
7251
3560
1765
9379
1001
6604
5146
7895
2446
2651
3742
8400
6438
4788
665
1415
9522
1797
5086
223
533
431
6912
6921
4076
9646
6610
8392
3596
5640
7350
4897
2430
2763
757
6611
8551
1270
241
4865
1076
3417
1372
1164
4883
7945
7739
4065
7591
1866
5996
6567
6245
4593
5637
2100
7103
8062
7185
8587
8579
2505
6532
1624
1160
2979
6681
8798
1577
4956
6857
7541
3300
5353
3635
7645
3117
8901
8916
7472
7468
511
9645
2338
6856
4091
1287
6557
3890
1894
7303
7348
7339
9255
9072
3653
6692
9570
5027
3910
5238
3784
7359
2741
5048
2964
6569
2779
3908
3831
3683
5790
5824
7448
6976
1285
1644
9238
4477
8760
6713
9260
3952
3646
8299
6372
3449
6622
2709
9887
2902
9756
9144
316
1016
467
6349
6740
7698
6236
624
9969
6563
5192
523
3397
7266
4346
6027
3605
126
7374
9370
2824
8152
7761
8764
3744
7776
7511
9251
8960
1302
5176
9308
2320
8608
911
132
4202
4426
9807
8082
6269
3761
8489
6091
5434
2045
2263
6658
7786
3078
5419
3687
5880
294
2232
8428
4161
2899
5120
841
4965
5967
9202
2654
164
5018
1114
4439
7661
7679
5085
1825
4788
8284
3594
5858
4707
634
8675
2412
4822
366
96
9027
7770
4110
52
206
2220
3876
5164
9924
7624
2689
4973
2598
8825
3365
8159
510
1384
6220
1756
1465
7345
2443
533
6363
841
9628
9398
5037
7367
3550
9002
2181
6053
5693
29
216
2760
719
2505
2191
612
3405
2227
6093
3437
9666
3511
899
7112
8695
1478
5948
8868
8102
2796
6071
8820
931
3992
5022
2328
2854
8442
4772
7846
7284
7533
1304
1417
7868
9664
7398
2650
9788
4924
1667
8128
9399
2860
7233
945
7170
5115
9400
7142
6636
1624
8294
7284
8785
3471
3531
4118
4075
3962
4788
608
5377
1430
4084
1128
1880
822
7620
8512
2275
8680
3565
9870
442
6988
195
5338
8139
2469
9743
3944
4229
8131
2662
6820
9383
462
4939
1692
8019
4822
1595
1919
7713
5050
1254
5625
6709
3725
5275
6962
4769
8001
7233
4457
6347
8077
1849
5513
8209
1131
5998
5939
6888
5419
2537
1690
7489
6658
9886
5952
372
4703
7841
4509
4009
8426
2066
1022
1092
8620
527
6571
3159
1226
9794
8444
2222
9331
6500
2151
1212
4487
3981
5168
300
8271
9251
9761
4601
7370
940
5452
3751
4777
6652
6328
363
278
7275
473
3289
4711
2440
9893
4939
8057
8431
7951
4750
9042
7145
400
1975
1734
5439
4939
5911
5445
8901
3069
8642
7763
9572
3526
3923
5947
7897
7100
2539
5535
347
2471
7428
1927
3697
2165
5304
9536
8653
2036
5242
7223
4975
4007
9715
19
2226
6156
6052
3022
7872
3574
6314
9788
8531
4132
3976
7257
2108
1257
9233
7494
4954
3010
9398
2886
4676
8044
9284
2327
426
6052
6300
5862
3946
1504
7880
1894
7767
6191
7055
2306
4343
9647
1662
2537
6071
737
9811
1609
7178
2537
9789
3305
4761
3075
5352
5428
5043
5244
5133
3737
8318
7682
6832
646
2832
5597
2512
4175
1657
1029
9954
3622
6136
229
2353
7968
6951
8370
6611
9852
8063
4805
4532
5787
3809
9528
8757
6103
7692
4701
9540
5948
635
3073
2390
4903
6222
9186
8393
9410
2263
3557
8122
9483
5891
3240
9195
5359
3120
7508
6139
3510
9118
1348
157
272
1942
702
8351
8439
2661
2497
4057
7336
6386
3731
1978
1524
4282
1793
5707
9965
1708
5244
9413
5002
8896
7433
4816
1102
3186
7324
9809
4798
9437
436
1879
4655
492
3516
2636
8019
7527
3859
247
2131
9341
4363
8052
1077
949
71
5494
7826
7779
6438
734
2106
6938
7892
4790
3572
790
5956
281
316
4048
2356
1474
8645
1294
1542
9183
329
6070
7015
1023
996
8288
5920
7960
3001
123
4767
2814
9541
8870
3372
8727
8363
3930
3722
1773
1909
1920
9752
1398
8087
252
1283
8839
4006
2919
2985
6773
4781
4726
1614
4175
4043
4386
4912
6377
1904
4119
3223
3268
2317
890
2000
5093
5783
2312
786
2668
9
7912
7010
7365
7811
3247
8002
28
1280
7527
9238
8276
2629
4946
7117
1320
9629
3735
2878
3712
6908
2362
6274
4560
4632
9162
9143
3770
3796
7259
9744
1771
8458
2511
809
9277
3876
2757
8788
9353
9929
8461
2866
2600
5468
4562
951
3262
4554
4923
5362
3032
8231
4361
7609
90
1913
6564
5093
9819
3547
8151
5383
1891
5498
8013
6392
6948
6530
5085
2088
7431
9749
4450
5623
161
4140
3735
660
7366
1912
1702
3851
9871
9447
2125
7459
32
5
5160
2857
290
3431
560
3015
8388
2027
552
1910
3980
7354
8963
8441
4006
3862
5172
6825
8052
3284
9188
8511
4615
2591
9661
9882
9847
5893
3145
1268
2762
8008
8314
9352
8318
2692
9301
1372
8735
3255
931
973
3033
190
5103
6175
129
9377
8786
6497
944
8221
2800
8442
6604
7706
3134
5516
7886
7736
67
9744
6959
3061
5741
5024
3269
9722
1813
3922
4777
1723
3532
8858
3917
3578
4173
562
5794
2654
4139
1649
5898
8968
7694
4929
6427
5067
5682
9870
7794
7485
1039
3094
4996
1287
5362
1305
3240
3417
5788
2865
8383
874
3683
8796
5927
3206
8912
9844
9318
159
5573
2133
320
1551
1048
3166
8760
7500
5919
1420
4670
3290
7492
3740
5930
4033
3890
2836
1152
9374
9660
9253
2632
2350
7091
2525
7235
4615
9313
7672
4435
3399
8558
8945
8721
2234
29
2200
5361
4072
9042
9069
2008
1334
9029
293
846
576
8640
5042
4009
9162
1730
1930
536
5030
2876
4581
7970
5502
8558
8290
6163
7732
7997
2940
7981
2002
9716
4016
3983
6174
7407
835
7092
6237
482
5957
5076
365
593
3086
489
4161
9289
2994
2947
520
9687
2212
1224
5118
4582
9253
7804
2130
1012
2111
4675
2470
6119
61
4764
4159
8233
1084
2557
7128
6116
530
2209
3218
8091
2018
8034
3337
2029
4867
9392
3266
6423
753
5608
3275
8927
7760
1003
1503
5029
7757
1932
8546
2890
5353
4383
4196
4904
9417
6527
9003
6145
5225
1298
9682
6006
3181
1012
4726
3892
8676
966
9508
3206
2176
2459
1575
9592
5989
5619
6356
9987
4167
9544
6618
8885
2780
1919
4839
8908
2534
6185
6643
8550
9594
1482
3259
207
3264
6598
6321
191
7789
8643
3870
6098
7955
2543
2323
8416
5887
2530
5191
1934
1751
6600
3201
1039
5430
2674
4926
5240
9112
3081
9641
3295
6611
6543
5659
772
6057
5253
519
4873
7440
1621
4241
3388
9222
7979
8735
9173
2736
5998
4480
4850
816
4512
85
3412
4225
4957
225
7293
5063
1077
9361
9181
249
4182
6346
4741
1588
2797
7253
3730
601
6692
6083
1294
4333
5518
6922
1199
6562
4296
8223
3063
4128
7821
3266
7144
4727
6376
7698
2522
736
9934
1394
7622
8452
1070
9696
9097
7094
6766
237
8048
6067
2561
7437
7264
9973
2014
1368
3910
1794
8078
239
9652
7492
8278
330
9934
28
6994
5474
2678
8532
9757
3102
1598
2918
9070
8206
5912
4520
1854
9238
244
4700
4623
8680
8952
8053
5943
3730
1916
701
3746
2219
9308
489
9641
3765
3147
9425
3018
9168
6294
2121
797
366
5844
1404
658
6316
1351
6985
3095
6513
2861
5426
4036
187
7844
5665
252
8455
9624
7009
7780
1827
4792
9580
9517
3552
5560
5894
6483
7789
4756
7196
9233
3875
2658
6837
541
6621
5177
7458
6887
4626
7134
8750
8993
9261
9650
5026
174
5623
2739
3328
7035
6563
4750
3111
6144
1668
2137
8205
4600
5550
2161
7534
5645
659
7376
3522
9463
901
6113
3987
4158
5465
5248
8339
1911
8643
190
2136
9572
8545
3261
27
73
9076
4347
1002
6671
4630
183
1265
8973
4300
7631
8381
7902
4014
5720
9867
4007
1997
5649
7971
7808
8378
9266
3164
1430
9523
8421
9119
2799
3336
4229
6772
6216
1402
2247
1809
6207
9327
4776
9519
364
1577
2689
5548
9672
8854
5282
8390
1368
1882
8052
5422
8897
5846
9930
8156
894
6727
5015
8184
8290
3444
6836
1529
4188
8418
3699
567
1052
2452
4149
9818
8991
7747
9395
8299
3680
1478
9623
7037
4915
9723
2616
6664
2056
6099
3324
3816
4979
7120
6666
6200
7007
8850
4029
5570
5313
2483
175
7889
9301
4204
417
6744
3285
7366
1239
4803
8892
3721
6495
1099
5950
5335
4955
365
2958
2612
2932
7962
2479
8871
919
3250
5015
6535
8138
9246
3887
3980
7426
9933
2475
2667
4625
6348
4981
3187
1237
407
7988
621
3062
5998
7461
3392
4139
3169
80
2940
8676
4109
1811
2370
7458
7870
9987
177
4288
7848
4120
8143
6301
1550
7355
1841
7793
1010
7929
8402
4171
6785
3512
1557
9466
7835
3974
8538
4537
5026
4371
665
5808
1972
6539
241
9380
3683
2843
9390
5256
1418
3056
4701
7507
9031
6532
4546
8196
5105
2543
4265
2079
9920
8277
3832
4883
3174
6789
4839
4618
2827
773
4172
5599
4212
2577
1835
8383
9021
1064
8717
4152
1572
5963
6123
9079
1968
744
8304
4169
8674
2524
4200
835
681
9262
7523
129
7801
775
9963
127
7265
7976
8148
467
4171
6229
8246
791
4492
7273
4397
3243
4401
3571
4494
9099
328
7597
7237
4713
9807
5056
5853
9874
3618
9053
8528
3155
6937
3244
8994
6467
2555
8249
5800
3343
1355
3483
2971
6445
9856
2168
9499
3422
5987
7195
8798
6885
2568
792
908
1335
7711
1047
1246
1191
339
553
563
8698
1634
7481
8025
7004
4468
8991
8040
1370
6699
4617
9872
1398
5292
3119
5093
2907
6410
1808
30
2568
7622
2935
246
1347
4755
1065
5014
7843
1249
3364
6793
5864
7598
4779
4622
8717
5283
8923
3747
2145
7349
8882
6142
7217
6007
4706
609
1381
9755
7766
2358
725
5087
9716
2013
9039
9030
5356
1676
3584
4714
1061
819
3813
219
4400
8004
5105
6938
6778
6067
5200
3714
2395
1855
2064
5837
9540
8288
4903
9184
2972
798
9447
2763
2743
9683
2157
8375
4001
8211
3703
8474
5775
5420
4109
5323
3882
5246
9890
1643
8897
639
8284
3069
5099
5714
4133
8564
4909
1702
1513
1403
7218
6345
826
3079
5995
5987
1909
6886
8713
8302
6900
6310
506
4832
519
7993
3664
4031
7334
3034
9036
7393
4711
9460
4741
3208
5354
7401
1982
5460
618
2191
9534
5015
4252
2628
9356
4572
823
6780
6917
7905
5312
4454
7479
778
5760
4346
6528
9976
9841
364
8155
8033
5066
1871
8398
3820
9776
4110
4583
2227
8903
6711
8203
2814
3419
1133
4611
9121
4001
3515
6709
4449
1439
5909
1541
8243
5967
8376
2160
8610
9542
3492
6532
3669
4191
3232
303
6640
4824
6657
1839
5451
484
4505
79
3281
5054
8019
2031
7741
6328
4087
8384
5321
4946
7810
8439
7273
3486
6336
175
2471
2347
9359
1105
1238
9413
4718
5861
6348
7685
9643
8099
3642
1714
2769
6456
734
4919
1288
1525
4232
8061
5324
1029
4300
9928
1150
418
1626
2488
981
8426
2325
7520
2859
3534
3323
9299
9232
4682
5861
1517
5560
7600
7917
3209
1598
6238
971
7414
8531
9542
6669
4664
4108
584
4439
6215
6059
5144
4573
1520
1638
3415
7225
8661
1780
4803
2450
1743
9358
6080
8126
6650
5819
2356
9244
4904
8777
9657
4011
4854
7475
5319
3370
2368
5214
6124
7994
9874
6209
353
3600
9063
1219
5447
1996
6919
3051
4148
9273
9002
6525
1648
6285
8501
4040
3838
7930
968
1993
4933
3927
7970
2175
4346
7247
2638
5035
2859
4635
3417
9896
9146
4685
9614
6245
6287
8989
3075
3189
788
4409
8556
7027
9108
3073
6483
2982
8259
9760
8881
1383
9965
6
7934
1555
1606
6041
5514
2469
3096
5432
1298
1923
4649
9113
5179
7711
2764
3980
5870
5057
8607
775
1598
179
1868
4800
2933
1994
4188
9849
797
5104
7217
1571
9080
4128
7863
3595
1429
4634
9376
9003
1485
7252
7501
6623
7583
8979
676
192
6050
6594
7766
5071
4801
8496
7715
1680
6997
9581
2635
9613
9196
7454
5832
6133
6618
1937
9805
1258
504
6088
489
2558
1371
8884
8277
6125
7596
5473
9038
8030
7932
1412
9331
7688
3009
8543
9193
1898
2904
8250
4078
2887
4790
4301
7323
4844
9932
2448
7773
2285
3
9907
4890
8016
1835
9033
6524
378
8122
6194
8418
216
2037
6484
8610
8257
5822
2415
5049
9139
2051
6216
4502
9978
101
6018
6849
9680
7812
695
5439
1649
9030
1356
1650
4248
9247
5281
8695
128
834
4864
2197
4117
2580
4757
501
7596
8111
6249
2598
5380
4940
118
5312
6589
209
7581
6524
7867
4939
2168
8439
9413
860
2354
7788
1575
2986
5876
4084
5643
8053
7724
5683
6240
5926
361
1109
6698
4446
5675
4906
8149
3085
3668
485
3486
6342
2434
7716
6501
5242
2905
3452
2913
8137
7326
6998
713
1522
4553
6373
2848
8747
2329
6938
1573
9782
6942
7404
138
9481
3298
837
7638
7427
5971
7337
1702
8403
333
5278
1956
341
8776
1579
9918
2600
4335
7940
2847
7347
7274
5415
7461
9086
872
8785
4367
6042
3323
5757
9088
6955
29
2361
3745
8167
6266
981
3005
5276
3338
6913
4296
4852
2696
9063
4075
2553
873
6300
9283
189
4017
5900
9676
5485
1448
9950
1731
331
4872
6698
9872
3980
2751
7029
3374
7657
7917
439
2940
1774
3123
4218
316
3859
5108
4203
7130
3415
5571
6532
7940
3445
7216
3383
4510
551
5003
4576
5594
44
4728
9405
1408
5108
8844
7662
5194
8575
7744
69
2469
5605
99
8697
7748
6544
9739
3710
6270
4967
5568
2969
7541
5211
6720
6747
4785
2215
8854
2932
915
6675
9878
8220
6036
4350
2232
9392
8602
8042
7213
928
9562
4357
2838
9976
1537
2807
1785
4562
5096
1662
3398
151
1412
6050
6251
2776
5542
9787
404
4379
3110
5320
7888
5915
5649
9543
1382
4870
6
4301
3748
5513
3361
3576
3594
4818
6743
3618
5357
2857
8020
9408
4704
8954
2821
556
508
6320
8300
1415
6282
4004
139
5600
1651
5948
9860
6660
2043
1172
3303
1138
6476
747
749
9447
6382
5932
8793
4798
5306
8012
4768
4068
3773
2318
5963
1936
4111
7529
8287
7006
3169
6300
3028
4713
7140
6897
4586
3432
2195
7690
5206
9333
6945
7756
6434
925
1156
7355
4418
1645
3870
9119
9770
4413
2417
5916
7225
9454
1448
9026
9443
7738
6076
7655
1150
9213
742
1617
1443
8078
9920
9857
6239
356
7914
1220
1103
5222
9607
2898
8651
334
6346
1919
5402
1029
5832
2464
7815
1792
2313
9591
5228
2791
7954
8153
7632
6614
7025
2459
1701
8473
2449
7877
5131
2543
5701
2339
4314
1770
8717
3736
1942
4905
1541
5288
2664
9534
8022
9649
6635
2006
6840
3867
36
6827
8220
4460
4444
4404
7188
2130
1205
1782
4283
1409
3113
8523
8371
1537
1975
7009
7080
1631
8518
6556
1951
3344
1453
818
6685
7916
414
15
1315
2120
774
1353
392
4257
5062
3557
621
5242
4119
3985
5208
453
6541
6233
2164
9156
9639
358
6436
6725
1888
483
9876
7814
6941
9323
3682
1279
9191
5928
2686
2519
8677
6253
2251
1500
1572
8767
2672
9039
1342
9030
5264
4341
7906
3072
5750
2729
8288
2562
1271
2489
3084
6790
7491
5204
3852
1885
1348
4786
2396
749
5051
4058
7350
3909
7507
6546
5048
6193
6908
6895
9445
2824
5216
6422
1517
318
7827
4985
274
7155
7295
9925
5802
2665
2562
5265
5873
962
1519
2708
473
6989
6469
9069
7132
4982
8075
1509
4251
1864
6977
4092
2535
7067
5426
3864
2435
5537
2092
3390
687
1020
4447
478
5288
1237
1058
8620
6454
7907
3141
2106
3444
8432
9107
6758
2176
6756
3287
7621
9429
6447
6612
8121
7253
3215
1350
7668
2690
3091
2266
7208
3270
3532
9365
517
4270
9210
9812
8147
8417
4530
2202
2523
1020
1573
446
3781
4034
4988
3992
9378
2997
7111
127
3227
1110
429
9127
8396
9176
7857
6138
8276
7644
1556
211
1709
4128
4272
5524
6297
7817
7516
5536
5285
9688
7615
3808
1927
4168
4699
8643
8638
5031
7981
2235
7044
4238
5499
1575
9107
8239
4817
3664
6234
5219
4342
4517
9438
8338
1459
7661
2571
6977
138
3059
5288
1180
7677
2360
7348
548
6591
1100
4035
6305
2956
9073
6880
5245
9852
6051
75
1812
3673
4086
1671
5600
5727
3463
3262
6613
7912
7651
6332
9451
6636
585
4414
5722
5231
2225
5744
915
1885
918
9486
6274
4951
674
4439
4831
8603
6827
3295
8236
4456
6465
1060
8886
7994
2406
9612
4996
2861
8676
8344
9311
7396
300
548
3379
7984
3816
1660
2937
7509
9453
5263
4599
4047
887
4884
7875
3978
9625
3011
2747
6858
7484
2742
2302
7744
1744
6407
1039
6170
3194
9805
7332
7837
7005
1275
3140
5849
6618
1222
5545
2919
8178
4362
8740
907
2108
7419
5274
8902
5254
5192
8366
1710
5861
5121
7322
1045
663
732
1837
3976
8277
9497
8658
8717
1787
7556
2476
4292
6613
9750
1511
615
9047
197
4109
1911
8691
4624
5535
2647
5773
1510
9125
4748
5073
2240
3304
5062
1848
1479
7180
6973
1949
6419
4243
1595
1534
9992
3768
6578
3920
2156
9230
6334
4470
353
6711
6531
6947
9498
2052
1361
6956
2684
9642
4543
6188
1279
3307
2123
4848
8282
5328
6191
4292
8483
9201
8513
756
6561
5876
5483
8514
2259
949
7759
5299
9213
7535
3073
7262
673
4538
9374
3062
4895
7668
6602
6405
3976
3716
4275
8017
2373
1225
896
5318
4438
1030
8263
923
7798
4934
9303
2971
4728
7398
4275
7532
4879
4439
455
5298
1356
7408
1595
6239
2051
1232
5124
5783
5605
9242
4487
8312
6230
4185
3723
412
7709
3080
4055
7205
8104
5481
5689
5826
137
98
9766
6807
4591
2606
5805
8248
439
1867
3375
5353
306
8519
1004
3548
6617
2356
5779
3350
5795
3493
1551
5003
3843
4386
3072
8236
3927
2782
7309
9004
6345
7590
4916
5966
7951
5668
5372
9319
1082
6156
1966
4388
7068
4556
2040
8442
5880
7862
9933
1384
1738
9490
5426
7814
9509
5972
2293
4606
5382
1530
2690
7057
1945
6970
2853
5626
7810
9051
787
3951
8509
6761
1770
4535
8789
3574
8973
3456
36
8352
4511
2477
83
5616
9201
9950
7471
6945
5260
3625
1629
3468
4197
1762
8545
6210
5402
4596
5973
2697
7456
819
9468
4856
8321
8741
8096
7424
1902
9534
3225
7735
3975
1218
8911
7509
5104
7288
4486
9657
6374
1917
1385
7701
17
3891
4312
8806
7482
4752
3911
1822
9988
7575
9248
8583
5127
5020
6659
5468
7964
1455
4424
5035
600
7072
9875
2029
8841
527
7878
1804
637
6802
5072
7271
4718
263
7034
9447
5501
8177
6538
6211
537
2476
5661
5251
6969
8078
9565
6135
5779
6801
6787
9059
9094
5530
4369
437
1858
4136
3567
7825
2977
6653
8680
1850
4770
4339
7598
7858
798
479
2708
779
9740
7088
4679
9495
2453
9445
1280
4029
7955
2731
1215
6065
2155
3977
1170
7120
7803
931
5414
9263
9227
9897
9707
2340
9733
4048
6872
4566
6557
7042
1346
5273
3441
6833
2929
1157
2011
3877
7732
1060
4288
5476
4448
7739
7814
7815
5807
2460
9549
1455
6008
384
6134
1103
6562
1738
1868
9047
8899
9294
9184
6522
404
7149
6054
9246
8515
3384
3940
607
4056
7443
8551
7924
9239
2067
4355
8733
1945
3752
9379
5679
6084
657
4534
742
1432
9132
3580
314
8946
1918
6430
8756
540
3841
980
4779
2857
7010
9031
9137
7793
7298
9536
3702
5621
6093
5339
7171
2805
5156
4682
1845
3254
5908
2646
453
6932
533
4302
9150
889
5762
4075
8227
3994
7108
4825
6795
566
1154
8806
4287
7903
820
3988
1713
4478
9340
3800
1823
9763
4196
1984
6031
132
6923
3158
8814
5753
507
4844
9895
5348
7971
9240
2124
1105
2975
8520
5756
7986
8570
6295
4006
4244
8985
3878
7894
3022
1213
7722
5710
1704
160
9305
5296
3660
3618
7666
8352
6892
4857
5037
9277
5842
982
6979
6982
9255
9525
9062
682
5776
8007
619
8836
1012
6206
8389
5815
9786
2146
6254
2904
8372
2158
8189
9036
8655
7870
1688
5331
4772
8026
2591
4697
7368
3702
5862
5120
3912
7647
7065
4552
6074
9470
5852
9652
6734
8648
647
4571
5242
2683
7263
8314
4470
2143
9890
5203
8002
1439
6294
1336
3689
453
8372
9061
3172
7887
1417
6098
7247
2274
4004
3333
7544
8890
2369
780
5964
3419
3770
1066
4391
2745
3471
1943
3789
8415
2939
5888
8246
3139
3107
9376
8774
2304
1138
3822
9933
5064
3076
8350
496
9170
3757
587
9772
9073
8859
4984
8806
8782
5225
9032
5387
7371
1091
8387
8140
3526
4030
8768
3419
9228
672
5476
6069
8354
647
8909
5092
170
4162
7435
6933
4597
6892
1273
8939
9662
1339
4556
2565
8356
2675
5395
505
4053
6821
1185
8354
3924
9738
7279
7844
1333
2721
4780
1557
3974
5586
2960
3053
5020
6678
5492
4662
7522
5094
1516
1572
8567
2243
8696
7680
5994
9666
9524
8088
9521
9053
2716
2425
2638
2151
9733
2255
5955
8334
5540
6597
9097
5867
191
3631
9830
3650
5755
3535
9922
4969
1950
6054
9286
8773
8490
682
9508
3760
1056
8108
1847
8162
366
361
7215
5293
4964
3877
8451
2936
5134
4631
8183
2143
6039
4321
3373
2996
5554
4088
2962
3717
4815
1558
5715
1527
6495
4830
5398
2782
1978
6775
4881
6231
1410
7590
3904
5926
4886
6050
7102
6524
2738
9410
7758
7372
8689
3342
2014
3087
7804
5923
988
8974
3080
4897
6592
9605
6015
6142
2516
4599
1871
3787
9422
2339
1942
9313
3093
4594
3146
4238
9765
1531
1768
3161
9626
2644
1971
1461
3324
1100
2427
2143
1961
8095
9569
827
221
8185
352
138
2538
1793
7270
3036
653
2068
1283
1075
4318
7895
1144
1095
1432
4763
2760
4802
1231
5254
8341
113
9936
5585
5506
1976
5547
7621
4676
5917
5410
6469
3722
3745
4962
4592
8419
4157
6414
1996
3418
9369
4418
4634
5550
1222
7586
6905
2580
1464
9999
1919
7666
5345
9750
4716
1265
4837
8819
7339
1758
3680
8251
8211
9408
7455
8425
3786
3071
2987
5846
834
3795
5285
9062
7542
2522
3992
2241
3875
1626
7873
9049
3098
17
8006
5208
6260
8589
3042
1676
1371
837
1055
8723
5536
1547
9308
8096
1656
6667
7050
9339
2304
94
3431
9983
2847
7035
6413
9036
7122
7321
2744
355
9475
3815
3411
7682
5278
200
581
6237
1962
7892
7755
3572
4707
5901
9400
4755
396
2756
2138
9819
2627
1981
6092
9725
4478
898
9902
327
7616
3293
1797
1721
8019
148
8181
1249
7935
7716
7666
4177
6814
809
7902
6816
1322
268
2746
3592
6633
5592
6462
7682
504
7488
8005
4765
7227
4009
9275
1005
7692
5531
4728
1484
3292
2705
1843
7246
558
3648
9112
9332
9287
1315
9015
8979
5168
9155
6279
8931
3618
7408
9098
226
1307
7356
7701
9479
5959
476
3599
6062
7860
2502
3250
4102
7852
8037
3008
4122
3049
3851
4567
7852
2669
3055
8435
6435
7125
4710
2705
9529
5521
6198
299
2307
6404
5847
3167
1428
7291
3380
3746
8870
1723
3409
9556
4503
7387
2539
7129
1672
52
1297
8386
1058
3005
1076
2217
1894
5724
4072
983
3761
9401
7509
8619
3235
3608
1890
4873
5915
8613
6565
901
188
5788
3641
6727
872
2508
5734
1293
3804
4121
674
4736
6721
9449
4842
2930
3938
5509
3050
6676
9112
7344
6565
2968
6797
1574
9317
3313
4536
2501
1286
1419
8416
213
9528
1844
4110
3536
3907
4419
2100
9717
9397
6849
5268
5316
8656
6980
3833
9378
209
9259
2571
141
8921
2892
5921
7424
2401
3213
3198
4033
6554
970
8487
1520
9016
654
8553
9055
9686
6668
969
5143
7091
7123
4614
3166
8067
7445
2048
5724
7271
2312
1854
5016
5113
2216
620
1577
6628
6582
8760
1096
3085
4868
4741
5596
3797
9619
5555
2574
8284
1505
3455
2021
1985
9547
1109
5347
7228
4250
1711
673
2335
6057
8289
1539
7023
3085
8490
4216
7420
3636
9976
6416
4088
1531
3560
5776
1573
5945
6257
2023
4925
2077
6170
6826
2687
5633
8518
8078
480
8419
8842
1929
8360
9920
8898
7680
8611
5504
6734
6689
90
7002
7473
8785
9628
2453
2797
2607
4586
6976
3296
8796
3861
4926
2131
9358
5257
1198
8247
4893
2384
1302
3380
7213
3632
1553
1255
2291
8383
7700
2639
5410
3872
9370
2990
4816
2871
7317
3379
6370
7758
6641
6013
229
6728
9940
6162
6096
9419
8760
9309
2187
8172
5729
232
6507
4338
2108
7278
7782
5213
8576
6868
5391
5063
2826
1214
4461
8118
8131
415
8897
7486
9026
9919
59
9771
5668
7070
6799
4274
6984
738
2904
9234
1018
4222
351
9826
4314
2462
3312
9878
9160
4649
1239
7043
597
9503
6917
5289
2461
3520
8638
7677
1164
3356
4105
4571
9380
7200
2038
4105
287
7221
5465
9717
6506
287
7430
7470
7414
427
8146
8987
3704
3664
1718
7206
6601
3403
3720
7122
1372
322
907
8600
8763
530
2181
9434
3664
950
753
8157
8881
7975
7907
8107
8359
5028
3064
8616
7512
4119
8229
5921
309
3635
2313
2630
6230
8271
5488
5245
3415
9914
9145
3651
7946
6839
7999
3741
5571
5546
3351
9882
7037
6851
9819
1720
5157
7994
1025
9836
362
2986
5099
2003
6229
7887
5813
1763
7466
3355
6595
4307
4763
7939
4676
4382
8771
3253
8841
6094
2958
3324
7374
479
6928
9681
2157
7569
891
5200
8556
3916
5975
5157
5628
2950
6361
6077
7144
5463
8639
47
5000
3097
3492
6665
8814
8581
1365
158
1979
9684
5083
6877
7072
3723
103
5101
1810
9456
9326
6523
7693
4181
5771
7346
166
5381
4000
2154
1784
9098
7575
9070
5207
9877
1789
1990
7186
607
4280
7020
8156
9701
7606
8519
297
5531
3139
3184
5531
898
9635
4741
885
2748
5419
8288
1145
6871
2924
6484
223
1503
4086
128
6883
9859
1470
7919
8492
8113
4133
8087
8
3979
8759
6006
9966
7889
471
1273
4230
2443
9334
5796
3341
2670
8174
675
6494
1242
140
6435
3776
4942
8202
8740
5867
8065
3764
2608
3619
6854
1434
2517
8526
2868
9016
2354
1368
6686
2188
4757
4179
5747
8754
9866
531
6762
2367
8013
6705
4071
1559
4708
7638
7090
7408
5219
7608
3071
9902
8805
6052
3381
6962
2899
6155
2901
3125
5931
5889
9096
3425
9351
9324
427
4232
5286
4692
921
4169
446
6135
558
488
7505
7573
9228
7221
3888
508
7385
1178
1109
2511
6460
1434
2686
9060
4405
1896
6475
2857
4351
2976
6873
4797
3026
8654
4713
8350
5802
6447
1704
4854
5596
9140
6020
8924
6294
2219
1978
7021
9410
5723
4062
9355
6454
9710
1701
3224
6184
3133
2294
5610
8889
6770
3188
3854
3898
5887
2795
9005
2384
626
6624
6897
1423
1365
3496
8441
9869
5822
6240
7160
992
6365
9447
5305
9411
3486
5570
1191
1289
3995
8443
2982
7906
7973
1895
1136
503
6493
6370
1171
2413
8315
2794
4501
4089
364
960
9833
4591
195
6490
7644
9546
2162
363
2856
814
5414
3879
8070
5062
2935
4712
112
6259
3145
4860
5949
1262
8128
3996
7319
2596
9947
6039
5080
257
3791
1278
2064
7006
7717
9828
8265
674
934
7138
1642
5677
341
4780
7124
5513
5044
1403
4566
9317
5782
8234
326
6642
909
7380
7452
5150
9476
6960
6101
5576
522
5785
987
9273
6580
4941
8678
3224
2629
9602
3601
8261
5089
1564
2551
3816
8244
1012
5191
7432
8019
5271
3627
6774
9609
1488
5111
4491
6471
5798
4135
4659
5201
2772
8126
4759
7444
1478
7127
1299
4971
7030
7075
9427
3622
3544
2182
9422
5322
7654
3649
8410
2250
1924
2837
1047
2345
7381
6528
8905
8942
4545
3336
9989
1980
9548
4390
5336
3443
2922
5782
2068
8834
7900
2474
8293
8728
4850
3428
3128
9724
6444
9361
9346
6066
1980
701
3236
9912
8482
8253
9450
467
376
4299
4475
354
9262
6618
4373
3
4873
11
1520
9654
8008
1834
5575
9321
5965
9156
5360
2676
1063
8722
1849
9606
5799
1958
958
8698
6418
9313
9419
4856
7270
6571
3964
9041
8890
2169
4377
6896
8288
7120
4882
3827
2699
2484
5758
4653
8177
3713
7019
7385
8040
8130
9345
2145
9885
2492
3369
2241
1669
4525
3457
5997
5792
961
757
8401
9457
4975
2232
6762
9358
854
4717
1578
5334
3036
6913
8339
7022
1627
1815
5456
5630
8919
8240
6150
6520
1584
1586
3093
685
8999
2931
6598
8344
4417
7073
5783
4157
1300
6680
3724
2683
3591
8619
1409
7420
4300
1268
1632
2851
9807
5504
9028
1002
3639
7182
6104
4184
7645
9305
2467
3187
1867
8307
6355
3069
2253
4243
579
2450
8667
2908
1040
5283
6842
9726
3370
161
613
1641
5762
8562
4225
4086
3026
6062
3128
8545
8349
3635
8984
81
2072
2644
9271
6823
1261
9040
1183
9538
8032
3817
2843
1564
9027
5955
8304
5934
6297
998
5685
1820
1643
3310
934
342
5397
4668
4827
6582
6158
1674
6307
4772
6872
4091
8224
236
1582
185
1426
2457
2352
655
4859
7961
9773
7643
7322
7119
2701
1973
3152
5002
7763
7031
7687
2872
1726
9111
6776
1791
7546
1366
3300
8773
2623
3103
8152
6906
3751
5685
8538
7535
9453
2689
3051
3386
7436
405
6167
6759
474
4383
1768
49
9156
1303
7937
7532
4281
1624
9099
9176
3188
9085
3178
9715
4300
6044
7117
6669
5252
6087
4350
5015
9246
3855
5526
8220
5592
8806
2256
6858
9163
5939
4287
862
1544
7460
3413
3624
9705
9302
3808
6241
4591
7250
5783
6300
5717
1390
5536
555
2803
5715
5610
4747
5729
9876
3584
3886
6331
6619
5297
5192
2150
1396
6268
630
1744
3553
9034
5516
7775
3558
505
9030
5127
535
9583
5787
1847
565
6216
4782
3798
8231
5569
7888
6440
5242
660
2794
3097
6215
2904
4629
7816
4036
9362
3066
6815
4636
8726
7935
6872
7823
1123
1025
5644
2900
9470
1667
2954
9456
4251
441
4214
3496
6252
2480
9957
4565
2823
7565
4136
9885
7502
4037
9204
4409
502
9190
8469
5054
8358
5334
5275
7725
7412
8469
3969
5448
366
5122
2557
6295
4454
1794
5240
6498
4520
6568
4002
1316
5629
9612
670
3594
1042
7958
9889
5378
5531
681
7665
5332
9504
2883
3783
4630
2272
5016
9621
4571
1160
3189
3272
8846
8906
5277
2406
9672
5642
4443
6164
1222
8561
2859
3661
5942
7166
896
8594
6509
5641
620
1511
349
4799
2178
2069
1454
6257
3966
8066
6276
9142
9537
2364
8418
4092
333
4877
5230
4934
6907
932
1134
7010
7184
5606
696
5804
1428
3250
6634
4509
448
7536
5945
5355
8893
7822
4989
3787
6016
3795
5391
6034
907
135
3214
3245
7958
4390
8982
5148
6768
1042
7627
9707
4398
9976
8554
1933
1914
7726
2810
3992
7874
5192
1104
2522
9211
6574
1215
7240
475
5281
2681
1825
6415
6042
3295
6988
6951
2867
5994
691
9494
8791
5116
6599
5403
7623
3997
4772
1876
3928
3537
2187
3620
2981
8237
2563
9482
6256
9078
3356
6885
1876
6508
7121
2296
5108
5564
5014
2847
9654
8238
917
6625
991
4145
6898
3716
7764
516
8881
756
969
9767
1957
1191
830
3138
326
3416
1303
3912
7084
7135
2973
6524
299
5186
8882
9891
4947
5053
5820
383
5759
9937
3713
183
6892
3282
5238
3237
1036
5428
1560
2270
7645
1736
5981
1872
6045
6626
5325
2923
592
3681
9843
2085
3069
7318
8587
4795
392
241
165
3991
8501
3737
7907
26
4557
4495
7531
1144
3514
7115
4787
1850
3406
3284
3443
4115
2812
2431
420
4194
8494
2612
6264
439
5121
5634
1170
9056
132
7009
2411
5057
7803
9195
9272
3179
8752
5023
6261
8190
2445
8055
6689
9908
471
6553
8865
4941
6528
5805
2289
8024
428
8654
7636
9713
2457
4737
1040
8627
1258
794
2620
7364
4589
8293
7928
2405
9799
855
4368
8604
1636
4870
9545
5170
363
464
3719
3825
5546
7130
4621
5064
3787
6016
4568
1304
5483
8917
9662
3415
3389
1750
6964
1574
565
4551
9157
1894
4120
9826
9028
4206
3131
7143
1641
5442
4471
2323
6454
1486
2771
9437
8440
7661
3761
9928
6097
7159
2652
2447
7659
3380
7674
5783
2352
8307
4851
4099
6819
5391
9450
1021
3435
9882
7706
3096
6772
198
7625
4773
1119
2608
8781
189
9285
519
100
9172
475
7942
2598
9143
3869
8997
7764
8136
3836
1101
7563
9579
7191
588
7968
2192
6897
51
4095
5057
9964
5696
5375
4865
506
7557
2890
3236
2914
8504
609
9880
7177
9982
7907
7544
3016
1064
904
4183
2529
2291
1236
4414
4349
1610
3884
936
6561
3934
4154
3063
4131
7805
4307
2722
1402
6991
4628
4159
2693
5553
5677
2860
7418
8362
9457
4638
9569
6853
3395
2148
7278
9567
8556
7027
5471
3452
3432
384
7475
8060
2
6009
4590
3105
5318
5849
2695
876
7392
657
9374
6747
3756
5654
683
2900
1330
1535
6656
7851
2054
8258
1490
8258
9209
135
3961
7848
1825
2486
8001
7843
6422
5938
5459
1955
1997
4246
6088
3299
691
9321
7187
9403
6051
6464
7068
773
9792
9676
1499
5144
1865
1207
6160
8781
3724
1874
612
1459
6800
4130
9378
7134
8962
3469
1945
8383
6720
4999
2672
5898
8548
4046
2133
5713
148
2591
2459
6472
5636
3848
6129
254
1684
8694
9196
6832
9847
3722
1051
9180
5003
2397
912
5796
4311
4531
7217
9736
7910
6939
8035
3893
3407
8816
4066
9461
1855
7144
2074
5497
127
780
4833
3660
5006
1405
6959
8773
5854
1569
8389
8202
1232
8487
5213
8678
4468
1123
1397
5095
4352
1960
7027
7880
5521
2529
2890
9264
6747
8024
5509
8977
5120
9806
8667
1706
2609
7102
4182
4889
4250
3775
1059
9003
3997
821
9359
4557
5264
1282
7054
5963
7107
8862
7244
5604
3922
1407
9834
1458
2620
1312
8865
9518
3786
4735
1216
9395
4412
8844
7881
7450
7197
3734
2102
7373
6360
3313
662
1927
6670
2291
9494
3060
7564
5679
5551
8277
2933
2630
7488
8823
6037
5569
2177
4118
758
3455
6377
475
319
6723
168
6444
6992
6887
7879
7321
7678
1901
823
1225
5011
2784
4700
446
3917
8534
5788
6324
9252
3683
5228
2681
8633
3517
3463
6787
8078
2727
5492
217
6911
7142
5493
5584
606
3399
1827
4352
1074
5097
7362
8802
5306
6474
9505
410
7638
8838
2574
9524
4222
4978
8351
627
9930
2851
4843
2593
8257
1939
2953
718
3131
1881
2064
4262
381
7634
2722
9746
3161
9032
5610
6383
897
8782
2295
2309
2215
1570
1356
4327
3314
5740
4812
342
4882
6396
5641
8132
3569
1821
1728
4864
2409
5136
6391
4384
8592
4565
9496
5920
3601
6721
8056
3688
1184
5739
7565
1920
5132
6510
9786
1215
4561
7186
9246
7668
6948
398
4899
7217
8754
6298
2663
6875
4470
8535
3141
4666
1925
9329
5208
9560
5759
1670
9250
3568
9117
1447
437
4294
2710
1966
9131
9816
7048
2897
8998
231
1997
4149
724
5707
4578
8163
4098
55
6201
5479
3234
8973
3503
987
1164
1418
9660
3938
3131
3424
10
8720
3608
3955
2797
3989
855
4255
7772
5203
7336
3494
4603
3470
1354
5350
993
5340
5554
7792
1917
484
8398
226
2278
2042
2859
3763
962
6045
3205
8878
3411
105
6828
2487
7741
2532
8166
8338
7188
1792
8665
2915
265
1511
2535
2915
7670
3932
7968
1683
5249
9424
7113
1405
6979
5527
6566
8397
2209
627
2389
6424
812
52
207
573
544
5283
400
6276
2358
7126
5077
7509
2040
5945
7305
3166
1430
8018
9177
7829
232
8068
5562
3144
868
7080
6848
3068
7052
2428
9910
8790
6612
3474
2638
7894
9185
4721
7642
9290
8951
7986
735
7693
2418
2671
8649
775
6891
6966
3034
7376
8020
4899
5874
7741
4738
8482
5579
5901
5869
4827
7998
9877
4013
1713
5235
5417
3337
6418
9319
3670
3039
9639
5545
7438
9603
4184
3190
6560
5630
257
996
8000
8438
489
6074
5237
7618
5652
672
3236
5024
9663
8062
4329
576
5757
7259
3766
6735
6154
2988
2262
2661
6641
4355
5144
3144
6337
3217
7638
2269
6239
7776
501
5320
3783
5097
6763
4040
3734
8616
9765
7528
9376
1342
6204
4212
2510
4219
2924
2044
5859
2958
5992
5212
3347
9347
3346
1168
6910
1113
2114
3859
907
5344
5222
2659
542
9689
2385
3081
472
7728
3382
8090
1663
8752
1142
9064
7529
8964
6055
3864
3390
9644
7157
1787
4480
7148
1092
2831
7542
3501
5861
1606
5461
5302
8707
6041
4874
1938
7473
1063
2467
6824
346
9532
5312
1860
8380
2307
6991
7250
3555
6710
2459
1543
9291
3473
1573
7743
3305
5993
3018
3968
2907
6022
3512
9932
3100
8417
5768
9609
5642
2569
6752
5058
6081
2886
346
8692
6182
1798
1502
9
5040
8677
4452
3864
6367
833
7426
4726
7466
7609
4297
9284
5338
6978
605
4591
1964
9869
8084
2200
5585
3715
9148
1439
7039
1848
839
7192
6013
2506
6744
926
6043
930
6450
5097
1582
4426
584
633
6288
7435
9233
6744
3085
1847
4676
2779
3729
6303
4541
6409
1634
1882
2920
7913
3721
5047
2784
8241
9104
1117
9822
3144
728
5185
2242
5251
9009
462
580
703
3045
2863
5854
3560
3175
1954
6127
4805
3809
1208
1859
2793
4143
3930
6446
4675
1810
6129
8824
2233
154
3440
3797
7803
7276
4083
7363
834
9045
6006
6179
4836
789
3120
1341
4946
4006
7665
2247
3962
37
6941
7589
6753
8054
9599
881
9026
9165
2014
7301
6946
3656
7024
8543
1183
298
9650
5233
5608
1104
3622
3419
9987
4071
5619
6101
5744
3845
3027
1552
7033
9384
834
7720
3713
7685
4063
9909
6492
6823
4642
7956
8774
5025
779
2568
931
5164
3218
1406
9569
1718
6633
7627
1098
2339
9112
2977
3267
662
6801
7002
6718
5466
2781
4029
4923
355
5363
8318
1278
1845
5034
3695
4445
2442
9309
767
2480
9300
7546
4004
6441
4666
5400
148
6408
3034
5462
7799
7216
1888
3242
3898
9212
2206
7819
9658
819
3352
4853
6924
2412
6872
8091
6846
4799
5704
3310
7463
2280
4933
9510
124
8100
693
6136
4200
6705
915
9192
6044
5541
5250
4357
7117
187
2083
3644
301
9447
6055
234
6132
2202
127
425
1638
8277
5596
6437
3821
3762
4864
1433
3915
209
8744
4097
6550
6334
2739
5222
4688
4589
344
1074
4272
2290
4500
8177
9705
9842
3215
4281
599
4860
4465
8278
7676
1022
6811
4144
3402
8192
1594
963
9896
1341
1172
9266
1985
9191
6512
1638
4438
1142
6226
5579
5366
7171
681
609
929
5493
6119
7390
1882
4790
1397
5070
762
2301
5144
1035
3566
486
6397
2606
7515
3292
1607
2005
2204
3424
222
6211
3004
469
5584
7594
5381
4022
6071
2483
8136
2348
4470
775
4287
149
6316
4861
2820
4708
7090
5724
6849
1054
1304
755
9060
3446
5519
1366
1725
881
1935
741
7354
7932
913
4191
5890
8856
1888
1626
1549
9531
6958
7546
8258
7643
6034
6127
4126
6483
6487
6292
8321
4893
1031
6087
7625
8901
1257
8966
8511
4112
266
3358
8300
1476
4508
5049
964
2988
9551
7020
6823
9622
3899
7206
9489
6243
2598
5194
5787
9067
119
2852
8389
8221
8403
3539
2919
4277
4773
726
1041
3266
4640
9740
772
9552
1868
8568
9158
13
6509
3266
8072
1543
2011
2781
5865
2499
3534
4004
80
6088
5994
5394
2639
3235
1437
1348
1137
7846
9365
551
5547
6794
8810
332
2040
1802
3545
4396
2917
2643
8716
6375
4856
7806
6425
7983
170
5772
8780
1896
4423
2761
5469
2315
6606
9825
2951
4803
3004
6635
7101
7323
7280
7874
5261
9737
2645
1950
693
2616
642
2349
5150
4284
3427
5021
8000
539
8220
447
4289
4353
5041
9840
5903
6231
7057
8251
2734
3241
223
130
497
3688
7113
6470
874
2579
808
9758
1699
8395
552
9851
5923
2738
1741
4085
6656
9368
8853
1524
3328
952
4952
4965
7850
5662
6038
8112
7169
8395
3121
4769
3291
9882
3093
6625
2470
8619
5734
4004
8540
4229
7346
6513
4315
1829
1387
375
6462
9946
2879
5002
3579
1755
1460
7492
5869
4640
3375
3487
7158
6714
673
5818
595
8314
6227
6645
7255
8878
8124
1530
8901
7569
2815
4248
1047
9028
986
9585
8061
1890
2967
1660
4110
3256
3785
3342
5953
3722
5374
8597
1297
306
4205
7599
1072
8106
8288
602
4557
5500
9562
9166
5972
24
6410
7145
590
9377
7152
8962
1890
8559
4642
9216
4212
5109
6653
1642
4630
3807
7826
3219
2030
4845
2243
1479
2893
3185
4772
9980
4083
7421
9107
8739
3920
8742
8823
773
255
4410
9599
5622
6785
4864
1269
5708
3993
352
4854
1729
5280
1020
9833
5792
621
6986
4732
8849
4828
1137
8860
427
7547
6223
4169
4509
8545
9869
7032
8710
1134
4173
3837
2356
7770
754
4947
8895
2804
3236
1160
3490
2425
3972
7522
9439
4247
6648
2327
3316
4230
3686
7922
2240
8694
1067
5607
6129
5244
3129
6732
5240
3027
4674
6349
8246
3229
3439
1801
7718
9128
8819
1947
7491
6370
7388
5254
3531
911
8760
6805
1803
6492
499
5516
629
8306
2936
8513
3648
2706
999
430
8085
7913
4052
4758
4658
9160
7836
9330
829
2351
7955
3163
9819
1737
4379
7554
9097
8752
2854
408
7059
4969
2753
5878
1431
2471
6268
5394
6683
9563
3579
6451
4431
8359
1044
368
2383
4579
6345
1316
4652
1660
2098
5131
1079
6359
2546
2397
6481
1010
8186
3876
7484
9189
8423
9000
2873
5991
666
643
4347
5898
4535
2268
6793
8478
2020
3632
6397
3037
9961
3126
282
5946
4388
5804
6558
5469
2133
673
536
9810
3677
7674
8569
8368
386
6374
1194
3061
7207
9504
5670
59
3067
4633
245
9745
5995
252
4085
174
8915
5631
4934
761
542
7602
8478
9270
3828
3370
5845
7466
7
2292
3450
565
7198
7330
4048
5941
8899
9706
6051
8170
8414
9264
5706
4199
7802
8975
3364
8096
4433
4719
9692
8920
1294
6104
3719
2240
9428
3157
4871
6997
6560
7607
6613
7435
6333
7345
7479
4530
5549
5030
2226
3415
5184
2412
3028
8447
4847
689
6981
1267
1017
9260
5920
4311
6214
9202
3906
5926
7485
890
5243
5198
5950
5546
4891
4780
9929
5656
8252
391
5492
5538
1562
2414
3531
3163
2837
8759
8391
1011
9374
6764
4776
8394
7009
1975
1864
2081
5756
6966
4717
2096
4030
906
7524
3672
2962
2759
345
2212
7365
5714
1151
5521
3624
4897
7861
704
9425
8016
8878
7456
9336
1812
2726
4911
1278
7224
3768
2754
9317
6037
9743
7499
8523
5031
7452
4505
8429
3948
4849
3174
7395
9444
3562
9114
7090
3441
7553
6679
7930
5464
8182
8368
8718
2561
6359
5971
7750
3353
4683
1034
3006
5250
2423
2786
8386
7373
9187
9022
1355
4041
5123
2699
2474
4983
940
2000
3171
9745
1149
5639
4140
3704
1568
9792
9282
7564
6449
9667
364
7729
9548
4203
3655
2191
3963
9681
7973
3100
1486
4133
7198
2429
4948
4421
2565
8762
6445
7268
6594
3364
944
6150
693
8238
4377
7367
694
7974
7501
6591
289
1411
2479
103
5285
485
5388
60
5351
2653
1519
1366
6290
8403
5767
1283
7730
8433
4768
2954
5032
160
5991
8371
9649
2061
9518
8559
8202
9066
6325
8847
1641
4770
6818
5089
8510
6733
2842
5789
6445
3572
4463
3207
6677
4302
8887
6696
4315
4068
6075
6653
2644
6029
1481
5168
8296
1108
3575
6301
1067
9867
5955
376
9742
5195
1932
6296
8210
4285
4084
5225
8359
1130
1734
7067
8260
7374
7285
4411
3989
2876
8816
920
8380
2889
2278
5590
681
6157
3290
1103
1364
1203
6652
1274
852
6952
2017
98
2595
3976
7466
6995
8646
7752
9166
2248
7994
1696
5828
1280
9281
6775
7432
1213
642
7801
4509
6550
8612
8398
3778
9091
2178
9713
8496
9688
5641
5210
5381
8599
1436
5568
7925
5332
7988
6413
3594
1655
6079
6354
1901
1956
2905
6716
7766
7026
4524
5298
4936
9019
8710
1127
8594
8022
1436
4609
9964
7686
734
5772
5827
2274
3763
9893
9761
6601
5737
7517
4569
5963
1521
5077
5051
9706
7469
9292
1811
9255
2004
3681
8901
909
7008
113
4641
8412
861
8188
5075
55
5444
6720
3388
2743
2342
5005
3459
6088
5826
1380
2605
9859
8403
1992
8163
3620
3869
3988
3461
5051
8724
5735
1982
4759
6527
4937
8930
6089
2446
5156
4457
1306
3425
7132
1219
3438
6554
9523
2143
3977
658
1641
4835
7979
1279
8507
4930
7738
2721
8667
6855
2148
3866
6998
1653
3121
9629
7631
6761
4925
555
4238
2636
171
1438
7971
8818
2285
9636
8560
4406
6722
8368
6352
7496
4004
5120
2414
1075
9557
5163
4710
8814
7675
2151
3372
3909
4257
7692
5146
8714
7139
22
6804
5607
6250
2357
4589
9094
7901
8629
2375
4752
5015
537
5721
9218
2200
8475
1806
6177
4863
7960
8711
3711
522
6016
9297
5420
9419
3415
7914
7824
5386
8084
2300
8691
963
1369
7271
426
2449
4310
6221
7539
7169
7830
5887
1312
9637
1159
4377
8014
898
6636
1666
4428
210
9697
7379
2857
8494
3736
2085
2606
780
5483
2340
5199
9495
7860
2258
4412
7753
789
5785
7939
9278
7789
6217
5846
7414
560
6367
657
5394
9213
7620
3462
5548
3675
8982
2851
3169
5324
2311
3104
6426
2036
5886
1473
5625
403
4025
5018
3761
1927
9703
9766
7072
8145
2407
8175
5394
7409
5828
8441
1077
7786
2339
6664
6699
6811
6488
6568
7046
2386
1529
5715
1216
9607
1094
1255
4697
599
1500
8683
7962
9811
2263
52
7263
2839
2271
2322
3317
6064
3683
3210
9306
6491
2912
3625
2822
1028
9987
4606
5657
7014
4384
7990
2810
6519
2809
6798
6767
686
8061
3190
1707
5010
1056
295
6127
9551
2988
3641
9166
2412
2366
6550
9414
8912
5094
8725
749
7874
8988
7538
9773
4563
6639
3313
4424
8774
2082
8080
6934
8387
6291
7155
4707
9961
3167
8969
4918
1485
3459
2874
9762
4627
9922
808
9374
9630
2251
1178
2020
4311
5032
3560
5777
2818
168
1327
9137
1805
3942
6161
9156
1941
4371
2436
7460
7278
4078
405
9133
2096
5344
7018
767
9700
6252
8548
9317
4253
4884
8827
2454
9611
8865
7878
5017
7369
6759
7742
3696
9950
861
2858
6246
5963
1730
3622
8514
4604
1599
5978
2928
8581
9197
3768
7931
6046
7607
2489
5139
2871
3257
7923
6985
988
8466
2579
5563
869
4221
9210
9496
1481
7693
3642
6367
5237
1228
3167
8873
6346
2839
5022
3366
5858
7460
818
9958
4528
1927
3080
9886
2458
3211
550
612
9110
8145
473
9103
6432
9256
6271
2852
7583
2256
9590
8037
1914
4377
3235
2722
2287
1570
4187
1968
3608
9306
6728
4756
5474
679
7087
6349
292
4584
2558
4138
3621
841
2863
3116
4769
4633
8333
84
2134
742
9612
5406
9679
3006
7986
6593
1472
7848
6355
592
2396
5027
3743
9833
7793
4787
3494
7550
6303
9545
4881
9779
6888
229
6796
3021
8892
3197
6644
8108
3016
4696
5317
5740
6522
5609
160
3323
7546
2816
983
7803
270
817
3619
8291
4657
7744
2604
5324
8721
8224
4237
3514
6415
3080
4681
3674
3292
6723
846
6937
5703
4735
4007
2004
6538
9112
1717
82
1094
7654
1197
7565
3654
3804
2756
9147
7619
8362
1218
2346
2547
2300
9516
1098
2118
2062
9558
1805
8702
3278
6587
2049
578
9180
674
6425
8272
7938
3600
5425
7068
5698
5141
6251
6681
4542
9552
5067
9882
8156
9177
4053
7264
6514
1669
6590
3055
3498
3519
4181
5316
6818
7728
7782
7651
4902
5874
7196
2326
9713
2668
6056
5613
6708
3106
8625
7172
7990
5908
3145
7992
6266
8555
6272
6170
4934
443
4573
2668
1632
69
5533
4634
201
451
5221
7232
8232
1163
3838
1582
9338
8696
7244
9383
5640
6944
9244
3499
6354
1587
1181
32
6488
4958
8104
4958
6163
7710
1332
6026
8780
2233
2822
6227
1600
5321
4439
7749
7103
3904
313
1317
3063
7177
5137
5189
5935
2638
3527
3014
9754
2648
879
4447
6025
2104
8988
8771
4103
2678
2074
5137
5824
6722
988
3537
7389
6673
3781
3288
8767
5092
9025
4101
2459
7120
4245
1703
9467
7566
3935
4472
4600
7229
25
9244
6807
2953
995
3776
8778
7303
4243
8533
5143
6037
6859
8268
2547
1801
6078
8912
6015
8775
3663
8841
1961
2071
7475
8606
192
5462
4286
2820
8642
7749
710
4880
1029
9970
6175
2829
9245
7007
2314
4105
7667
563
1741
82
8758
5107
2103
5752
6158
2849
9526
4063
3403
2693
3135
6494
4243
8346
8014
3949
9326
4390
9678
9272
7216
9669
7480
1757
2453
7364
7899
3239
5772
8632
7729
871
9231
3481
8817
8069
9652
6466
2407
7185
3971
4668
689
8103
9363
2826
8024
7040
6363
6737
8443
6415
7724
6096
7029
1590
8024
8312
6930
9619
2064
2973
5732
1682
4703
5357
7962
2512
9613
3708
1231
5165
3561
8894
558
4751
3112
7552
7596
2095
121
8166
9280
9771
4136
4533
2739
7467
7499
2854
4379
5475
2254
5101
5786
4044
192
550
2560
2716
9560
7396
3665
2747
403
6153
3507
6495
9149
5961
1128
1693
3050
8708
2926
9566
6341
8115
1732
6991
9407
5906
4035
6049
8217
6634
8570
7307
1523
274
3232
1290
9376
9980
4638
1542
2029
7348
5434
1371
6802
2398
3947
636
3026
382
342
3268
2685
8489
5186
4993
980
9142
849
3588
3457
5792
2785
5901
6794
7223
2269
6878
677
4779
8147
6161
308
7576
344
6545
7175
8339
5433
315
6480
1120
8828
4720
2809
4030
9984
6590
256
4834
8858
3671
7135
6420
3704
7217
5272
6660
4386
6009
7452
1820
266
8638
9966
2585
6363
5292
5860
5317
5716
5645
7479
5667
9455
5153
7664
4095
4740
2664
5460
283
9243
3829
9483
7192
8707
2544
3518
5256
5438
3127
149
9308
5686
9237
9505
2836
2293
816
9429
3840
3644
667
2319
8277
2412
3244
7994
8519
7329
856
7574
1137
261
9581
6148
5076
209
6162
4790
1571
578
1998
6806
8648
3802
156
3376
6032
256
2823
6219
5554
2656
2036
7626
3018
6400
4913
3615
7017
5379
3745
1172
3268
4500
9232
3264
3489
7
2404
2220
9266
2655
8890
4578
4625
3281
500
7905
4159
646
3104
6221
9837
6365
5683
2088
5012
9027
7465
9446
5071
767
9886
4687
5393
6666
6391
7867
5002
2720
8224
9390
6520
3808
7556
4250
810
3075
6841
3008
875
5430
3202
9743
2603
6616
6159
5629
2537
7190
3393
8346
2474
2584
4606
9038
3548
4356
8295
1450
2357
7520
3347
2222
976
9861
9890
2013
3693
4042
6725
2140
9245
1088
4905
214
8141
6293
8925
5387
274
3443
3263
9697
149
8476
7979
1733
7120
3891
2512
2147
477
2476
405
5377
5699
2295
5871
4453
1036
482
7494
5015
2707
3294
5059
2880
7680
5050
5210
7008
770
2151
2427
980
5703
7335
1413
5989
5353
5205
5682
2642
6842
4910
5771
9942
9591
5774
8255
1289
1830
6901
2150
6414
1268
4800
5270
6430
674
4411
7303
7285
943
2252
2641
8962
6301
8543
7626
9104
8393
5939
1987
6590
2200
773
2778
6050
9699
9608
7277
6693
6175
1106
5835
3964
5366
9465
5227
1748
915
6299
5304
1939
4618
8592
8155
7761
5408
7546
5796
9734
2583
3991
5031
1089
7775
2631
3973
4830
7709
9267
3656
4453
1458
5731
5137
5653
7921
947
8093
3120
6881
800
6328
9193
3806
6568
6094
3195
8459
4857
4452
5225
7809
9482
3969
5299
2804
9530
9562
8035
4266
5446
7837
5957
3983
5762
8982
6424
1127
2141
6522
2075
6480
4674
9924
9533
9334
538
6745
3488
1538
3445
4173
6854
7204
5127
743
8459
2999
9669
8425
4817
141
6569
6152
8140
136
193
2251
10
5558
7638
8853
1056
6267
5982
9309
7368
1616
2095
4750
1947
8854
3968
5550
6946
9813
4487
1391
1957
3268
2331
1200
5293
9191
9126
7622
9578
9953
9121
2665
852
4663
4410
9802
5008
112
800
5133
5299
7504
9408
4787
3040
5297
5151
7251
8424
6794
6071
5941
2740
803
5139
3812
4307
8686
2153
7102
6868
4815
4675
2438
9159
5199
6105
5089
9390
803
5881
5985
5073
4511
2063
4944
1627
6257
4360
1206
4073
1694
4393
8688
3890
1662
7618
1926
1327
1068
3745
4948
4952
1452
9697
4999
335
2644
7728
2563
2442
2529
5768
1333
3985
437
1673
6315
4149
3979
2608
1621
1561
6917
9264
549
4266
4514
2246
5901
2472
3790
514
8640
1816
6672
4811
4063
7221
5904
4943
7223
2356
2827
411
1478
8195
5896
7592
302
9747
7204
4486
7405
6922
4548
8237
7812
8660
8740
395
251
5869
2845
1162
2323
6297
2388
1655
8446
9516
4475
7063
3318
3972
1575
3642
9327
1089
7547
2191
1439
9862
3500
4796
2786
3949
4891
7230
7119
3631
3847
3400
1798
5206
9683
3342
8686
9448
6976
474
2174
7592
1382
8652
8678
6206
3480
4781
8908
5981
2216
1838
8690
2495
714
8301
1814
6591
8609
8102
2778
3616
9108
8187
186
3614
5769
1723
3559
7221
2944
709
7451
7925
2994
1365
73
1316
6447
3439
9877
6765
3525
5576
5268
4160
4958
7763
4798
1231
2506
7646
1719
7766
6243
2286
469
7685
1340
2922
2107
327
8475
7708
3542
3578
5348
4363
1281
2174
5304
3320
8747
9685
3237
9018
8306
3175
6243
4735
5309
7614
4122
5367
7947
274
8987
563
404
9103
2974
6627
5368
1549
8482
4342
8715
8041
3405
7706
875
9250
1762
8920
9160
5109
1523
1063
8478
1099
4562
729
7516
3815
5837
8122
2554
960
7101
947
7158
498
5185
690
5478
4728
3988
9598
1932
9
2695
3791
6220
7322
5814
8360
2707
3712
2788
8174
2180
1054
3478
6750
9552
7951
6242
1325
7354
6625
8958
7408
5763
8104
4819
3132
7677
2343
8101
5698
8401
772
3262
2959
8776
8106
9991
3013
755
8295
8893
2787
9457
8825
2341
892
6152
8337
9095
8603
5451
719
2811
4340
3090
572
5763
3699
6364
8919
7391
9949
7139
856
4732
5719
3365
8979
9645
872
7436
3451
6705
1839
9341
3739
6229
6036
8653
8145
8654
6281
6706
9089
701
2568
6768
8104
7628
9764
4985
9606
4095
3871
3556
3411
7975
4773
8368
3957
9934
4693
4046
1707
3562
2941
2991
660
5198
5110
375
2310
2147
5099
2454
542
1987
8972
8737
3781
1034
4613
5051
4716
5721
1152
15
9677
2052
7845
4237
9004
8958
7635
7365
724
8062
2035
1762
2332
5027
9349
39
4827
8744
8051
1685
375
6613
8201
6483
9273
8700
1736
8604
8204
745
9990
4924
5790
8102
860
1221
5426
2975
9417
5238
2722
7159
1323
1013
6110
9430
5806
1747
819
7440
3864
4332
4363
5438
52
7842
647
5841
9625
94
4459
1951
3224
5523
2778
9616
5825
219
2692
9457
7855
7880
186
8007
6162
2462
8696
6367
2390
8331
5677
3139
2436
712
9823
2041
5499
4463
9464
4448
8237
6151
734
2312
4357
258
6621
5925
5855
7199
2600
6990
1127
7623
3212
276
2407
80
2551
5377
1716
3761
1728
1885
6376
4686
3821
7410
5459
6498
5145
1903
8008
5098
462
1448
7087
3641
9565
1974
5757
2845
345
2881
7738
1016
7792
8449
4729
812
1793
8310
5690
719
6494
4403
2033
6151
4949
5111
2681
9795
9595
484
9050
9190
2728
7556
9704
490
7598
6550
7317
6914
6461
4671
3368
211
8860
5608
1898
9786
6121
9321
6180
7088
1563
2464
8903
1131
2620
9832
7108
9044
5923
5454
9882
4914
6836
802
7948
6360
3481
9108
5659
666
5033
9806
4669
5842
3253
2163
2169
2060
2306
9509
4469
9481
7558
6560
4605
7932
329
9131
3870
8613
142
9740
4562
5824
6097
6421
2935
4865
5023
677
3245
6570
1272
5394
6378
6537
3394
9360
9783
9738
3765
1890
3756
9772
9291
9408
8467
3860
1541
6840
4401
4269
7621
5908
7847
800
6996
9532
644
175
4271
6869
95
8108
5713
4410
5418
5897
8078
3186
5683
5272
9846
6859
2094
7035
5743
7081
7411
5713
3157
7649
4666
4013
9554
1911
3174
9479
2966
5090
4267
5497
3239
7446
3384
228
5760
2291
6311
6779
6155
5663
2160
6775
1377
4810
541
3110
755
9479
7141
6119
7500
3569
5302
7345
1110
9790
8664
8961
2207
3125
1512
824
2565
8767
9778
8673
1986
548
9957
1079
7785
7011
8129
6864
1635
1836
529
8115
5193
5940
6671
3036
8248
3106
8300
5644
7368
3406
7361
5507
3448
1321
7759
336
5620
5579
9960
2923
1510
2545
1055
9822
2509
6445
8858
1443
2185
2439
9688
5479
7800
3811
3130
4349
5413
5241
5470
8606
3350
1536
9100
3659
8659
6287
4681
2280
2595
5531
7743
5407
5286
572
6434
5054
1926
5573
8196
8885
7432
8560
3716
7833
4755
9246
5459
4390
4447
3711
1372
8919
3306
2517
3885
8550
2318
612
8209
6145
7731
6109
5348
7360
5453
697
8487
4620
6751
4022
1844
4161
8464
2812
897
3128
3034
7099
5655
8879
4016
7912
6339
7062
6707
4172
7134
3425
518
415
489
6861
1629
3513
5821
8815
5200
7351
8431
6846
3330
8661
7155
4860
6348
1824
3358
8674
1255
2704
6327
7534
6604
5954
6156
2841
2508
1822
1660
1062
6334
660
110
7281
7190
3921
8390
1712
9687
1081
6996
9759
9314
8911
734
9359
5983
7793
6035
9225
4346
2435
8125
1592
3114
6694
628
2324
3792
8263
2811
5647
6195
3467
2873
5406
1002
2272
9820
6420
1798
4939
3739
9058
4532
8696
9876
4217
2583
4119
7789
2433
3788
4954
9277
2512
754
8843
3370
1439
9969
34
3538
2804
143
5003
358
2514
2379
8637
6098
3132
9871
5927
6282
5689
4492
4685
7915
5306
7100
2800
8553
9763
20
4148
7958
3212
3889
4583
268
5477
6716
7474
667
9181
260
8920
1785
9783
303
9272
5949
7417
3756
5036
6634
1839
1942
3020
2683
5002
9560
5555
23
6635
1283
7676
5746
1265
1983
3625
9499
1739
627
7882
3241
5751
2312
1148
5218
2210
472
3520
3575
7633
1893
2047
5492
4501
1950
8523
8700
7711
7067
2303
6647
1065
8834
930
1617
3160
6769
9860
6704
5606
5155
6053
9280
1756
5214
5989
2114
5847
1003
6564
6235
9957
7940
502
4736
6416
7967
6504
4936
5418
4876
2627
8741
3389
1789
8422
1369
1932
7526
7458
5614
2056
9222
7858
9845
9276
9625
4221
2104
5326
8497
9339
9192
7832
8864
848
5675
3524
5570
6604
9640
8848
4527
7955
3829
9168
3469
2003
8076
5275
6830
8854
6767
7559
6516
8970
1073
2067
5860
3825
4329
4697
8072
6642
1690
7929
5402
8949
4712
9739
7492
6251
507
3775
9243
5002
9846
7958
5185
9830
7126
3176
9599
6063
2967
9294
9816
85
9981
1445
2467
9407
4135
1518
9521
1530
1877
9327
6132
2181
719
9194
636
3294
864
9107
7933
4952
156
4895
2656
4672
8229
9544
5666
5286
4338
6568
6781
2795
7235
3196
2610
8382
3986
458
6078
6690
4986
4277
9828
6825
8518
3727
4087
3474
3674
3197
9746
8015
8864
7156
7556
340
5803
2321
5421
6494
2940
3366
5219
9518
6362
6344
3468
2595
7882
4834
5067
124
6197
590
9638
1303
2509
6240
8927
8982
5338
8246
9641
4869
9021
159
1535
4212
5615
6229
2407
4186
4458
6803
9095
6194
9748
3742
6438
6208
9247
5360
226
742
8842
3277
7310
6147
1322
7670
5534
9786
9331
1758
4762
1967
6023
3736
8336
116
1799
5980
3486
4685
7623
8415
19
1075
7752
8519
9979
3505
944
1682
933
4464
2518
1949
7314
7956
9780
3854
9363
136
3311
4488
4449
9150
6460
4252
9589
4042
7175
8241
6632
5492
2722
121
8156
4529
2758
5206
5494
5457
7274
2502
7487
5369
8063
9153
6388
3358
8137
3593
5992
8639
674
5054
8358
7937
5529
4696
6786
3202
3797
3498
5592
6182
5584
9159
4006
3428
3201
3590
4232
4455
2134
3520
3707
9828
8876
6212
199
1434
7080
4875
2393
683
7350
800
6330
3192
1535
3673
557
7433
3167
5121
9203
4884
7148
8129
621
5676
9489
3323
3700
8430
5664
8459
9278
6563
578
3422
9889
7418
1380
9854
1533
6035
4838
6822
2013
1717
9558
7970
5908
6377
45
4706
825
6304
9588
2456
1257
9919
1464
4251
5838
8567
4392
55
9401
3583
5146
7520
9411
9662
413
7457
2638
427
933
6833
8411
6381
5271
1335
12
8769
502
374
6228
926
4666
5551
1778
7078
1950
8721
7285
330
1963
3836
1584
4748
826
9088
5986
3275
9664
4035
1608
5865
1184
4826
2232
9240
7022
1754
5560
4078
3306
3204
5472
9102
8827
4333
9425
8539
7802
379
174
7172
7720
9846
5226
327
6963
8401
9549
864
5893
7285
6304
87
2848
1216
1615
2614
1412
2645
5109
9063
5317
4590
7424
6494
3917
4389
6138
4605
384
99
9342
8446
1225
9523
9349
144
6331
107
6332
3437
6119
5595
6273
9166
7367
8202
4503
8873
3144
884
555
4444
6363
8870
1821
2335
8362
7567
1303
9429
7920
6927
9920
5315
5039
4273
1436
5311
1179
1960
7593
8066
5144
1124
8963
1199
6984
3752
1835
9017
3580
6200
3235
5942
6237
3193
484
9950
6232
1278
257
7950
4730
9347
4346
9367
1000
6082
5709
5012
2062
5306
1572
8845
6020
6
22
3206
8023
5869
6524
7008
4673
6531
7576
4405
2394
1577
8296
2311
3799
9624
3006
6826
968
1838
4387
8114
3572
6106
7412
7580
4919
6215
3325
4629
1471
959
9543
5880
6037
3135
1356
2135
1454
7591
6103
179
3545
8267
7458
8840
4260
79
9115
645
4917
5271
1278
8417
2325
7965
2389
4207
2584
1714
5440
3173
1479
398
793
9399
2071
4425
5574
299
590
8105
1508
2930
4867
2735
4377
2697
6251
9784
1784
1999
9296
6694
3164
910
4140
8280
8239
2579
115
9543
5631
5540
8020
7943
7500
6271
4794
4926
9988
2852
6755
5209
6336
3976
7029
2750
1243
1172
8963
244
9624
7672
2713
9453
8925
7044
2657
5815
7498
7697
8637
5074
4818
5570
8988
3779
5762
1937
6235
7284
4831
1690
4250
9554
9890
1752
9658
5192
3030
9960
2786
4736
1364
5874
5421
7931
922
5555
7908
6265
5863
9554
1745
2654
9163
5050
9494
6078
6773
4710
7024
2166
35
3798
5550
3908
7732
7460
7232
2696
7851
9428
2142
3032
8896
9698
3121
7741
7349
6962
8626
4944
925
8600
8965
3656
608
7348
1151
5036
9784
2692
9126
8222
8823
46
5903
6405
9439
1936
633
3350
5591
5084
611
7932
6455
2725
1218
4022
1363
8353
8470
500
5619
4471
7610
9127
338
9492
7646
8425
3227
3894
9415
6278
7181
3630
5351
7446
3531
8487
8682
3240
8357
4743
7864
1229
7279
1663
8480
602
2010
1024
2037
8570
989
8347
901
2077
6608
5844
6382
7386
5562
1106
9581
7121
4279
3612
1025
2208
2404
9120
2899
4223
866
2228
1558
8030
3117
537
4024
3325
3234
5314
573
4304
2396
9018
2817
1418
4778
2233
1688
2310
7192
6338
3781
2283
3436
8290
4806
8274
316
2144
4571
8909
5450
3911
134
6805
9926
2262
7450
9303
2629
6737
5410
9555
2857
1033
1349
5552
431
6428
3054
2044
7302
873
3310
1640
6043
5084
5423
2186
5879
2323
236
589
7326
5226
4159
1280
5806
9070
7716
2060
3908
9243
4982
8987
1306
4715
4805
5958
8752
6664
7831
8030
3579
8961
5838
4427
2732
6244
5337
9622
2486
4254
3254
1246
2910
362
4531
9551
2612
4823
7384
1805
3918
8523
8741
9957
8550
6221
436
8050
6958
1402
2120
7018
122
5360
5649
3855
2728
1786
2476
3688
9085
3861
7239
272
9691
2462
7218
912
3314
8363
8898
2849
1606
8768
3553
8668
144
9073
4996
9115
8961
403
1968
6388
4656
628
3854
7400
5390
7987
5473
4617
1130
5725
3229
2882
4971
2400
197
5265
9372
2961
615
7626
1914
2923
5011
9589
4840
1856
6346
9648
5826
8242
5284
6787
4542
3945
5036
4557
4162
7236
3257
2680
5037
1173
690
1811
489
7717
8959
12
1597
7491
4584
4228
4321
6269
1364
1435
9497
5663
3691
3386
3702
8537
1089
7250
6880
9266
17
4941
3401
1496
9722
8640
7759
7836
9972
107
4794
4717
9937
113
5762
4447
3833
7248
3646
8900
4864
3804
7360
8076
8437
7812
9659
4030
4489
4094
6103
5912
5237
501
6627
1730
9313
4479
1780
4906
3439
1693
6895
407
4546
9630
6645
9917
3364
5805
3591
6022
435
7629
7862
7912
836
9383
8252
247
1309
713
6477
6266
8515
4550
6210
9025
1019
5159
9950
751
2147
8705
1104
507
7323
4844
9708
9465
1489
2943
43
3611
8125
9976
2930
9002
8948
9584
3460
7731
9037
6687
1773
1530
4602
1088
7930
3004
6373
3704
1364
9566
8622
9797
5052
5830
1880
2731
3966
2211
7433
5840
3188
5665
8001
3083
4828
1915
2202
6665
7642
281
5116
5790
770
2708
4099
5955
6884
2928
563
7668
2944
5594
5643
8982
1569
3050
8933
5085
1223
8691
7474
2540
8846
5926
2571
6319
5811
7321
8771
8997
1195
6944
781
2924
4461
1530
1314
5293
2491
205
917
2801
6870
9198
7753
8472
3732
2469
515
3746
425
2980
2397
4659
1424
6764
1558
2391
7015
8542
7383
8271
1431
8778
9165
7101
9852
9457
9041
9937
1050
5030
5796
5814
6030
1504
5887
7303
7399
9794
8529
2382
4304
9987
7396
7124
6515
9976
2422
7923
7807
262
7253
1615
7237
2854
6376
7956
6528
3744
3241
386
6374
1885
8348
6397
67
7748
1631
7951
4565
6683
3767
318
3642
6033
5013
4053
5014
8692
8689
7130
3954
3393
4723
9460
7715
2936
9842
7180
5261
9092
5382
984
3926
2224
7497
229
3608
8267
4053
8663
5218
8044
2694
3895
4564
1182
5436
1787
3741
8397
285
4821
5004
9532
7136
2761
5767
3309
9730
6750
8361
9997
3457
8458
2607
3160
487
1827
6648
6
476
2366
3211
7010
4695
1865
2512
4792
5320
4489
5574
8005
8442
6446
6394
2409
4117
5711
5068
8124
9561
7675
8144
8174
3961
9001
1915
3806
827
9137
4589
9705
6845
7760
8209
1490
7675
1477
6731
2525
522
7445
658
1493
1174
1393
4515
4933
3085
3027
1224
5810
3628
7141
8414
4179
1987
8242
7328
9072
6341
6015
5570
6264
6961
8362
5165
7549
8548
6281
7435
8936
2711
2835
5921
1007
144
2548
9949
4588
4875
544
2510
4344
9222
5910
8768
453
301
214
9881
4957
2590
8155
156
1877
7920
679
3258
1418
1299
6381
4884
7510
505
7549
2715
8051
6024
2644
5151
5970
6453
4841
9848
8779
3555
7875
5278
9165
7924
5584
2049
8810
8597
3963
4863
6607
4140
147
667
5705
316
6325
806
3072
2663
1702
423
4742
7220
5757
8016
9895
8467
8463
3391
6549
4634
1641
1683
4732
521
2706
8988
823
9120
4004
9099
1940
221
163
4944
2227
2390
1577
6362
6556
6317
1464
7887
2969
5030
5686
9615
9417
1369
4688
7350
1768
1407
8777
9231
8673
1285
3932
8518
4262
2895
5537
1381
2377
9747
7281
8171
2661
2864
9223
4417
2239
5240
4360
613
5856
9988
7431
1840
6192
9515
7991
5521
2244
8483
2341
6967
1022
1239
4308
2047
4569
6644
1266
3219
666
1583
4383
4245
2137
5007
1929
656
5578
174
3225
1558
1664
6822
4388
3639
5683
1368
8746
3235
1574
9066
4639
4652
6055
4209
852
4716
4173
3869
2689
531
1690
7818
8865
908
5511
1356
5652
599
1316
8735
1844
412
656
4944
4750
8814
7595
1982
23
3021
5506
7240
911
9608
4248
2589
990
6477
811
3877
10
1338
9967
8110
744
7655
5038
5102
5055
5974
6254
3438
9951
6714
6528
1556
9876
6044
7148
5488
3365
8954
9162
7029
2577
5384
8983
9730
5055
9548
2291
7841
5769
2547
7330
4531
3671
716
4983
9822
6132
5639
5232
6979
2814
1130
5525
3706
1229
3210
9725
6760
8412
7567
6935
6972
3762
5970
7680
4054
5459
1259
3479
773
210
8756
2667
3543
8352
8655
915
2986
2891
4450
3346
6240
4822
352
422
6608
4769
1381
2121
9811
9450
9621
14
9210
5409
6496
273
1861
8229
8285
2966
163
4455
7588
2096
9263
1474
488
1077
3963
532
3484
2315
1229
3934
5907
8172
8758
4778
9563
2342
3214
5600
618
3009
9255
4212
7094
4141
5043
6655
8716
5491
2645
4544
6423
7197
5265
3318
2251
2208
8433
6216
5127
326
8199
4519
6965
734
9154
8588
6797
1365
8302
2625
3544
8541
4914
6832
7323
3423
4004
9842
1131
5136
4156
7233
166
9890
343
2118
3644
9725
5409
9134
7228
7965
1663
1955
9417
3318
2474
7080
5802
6616
3611
8314
4916
3863
8872
8216
7421
198
5894
3411
9283
3504
4232
2505
2108
8202
8086
1023
7724
1257
121
1199
1223
8514
7905
290
7425
7041
449
4950
3305
3079
3181
1262
5847
6037
8599
3180
1966
1976
2522
8972
5198
4504
5947
1171
2309
6985
1400
752
2113
7479
207
987
1265
3204
4818
7699
6158
6261
3778
4117
3371
3788
5362
5951
6448
2741
3249
2754
1424
6308
2313
7429
9017
2977
8968
2324
5889
1879
1990
9485
6974
9447
1775
2349
8343
8551
3570
5209
8357
5152
5780
6329
2887
9931
6974
3338
2845
5969
558
3223
9085
8795
3737
3284
414
3630
6351
6504
894
486
2657
6716
6541
2798
2786
7501
4251
6414
3381
3223
9686
1359
7130
5133
4646
3166
4334
3391
8798
9774
8132
9794
7404
7329
8177
8088
5730
7356
1644
5963
333
3995
4647
8182
9138
1935
8584
5222
8186
5616
3161
8988
5878
6817
2442
8880
1910
4625
5221
856
1921
314
5193
9508
3880
3925
2918
895
4688
4102
2080
4533
1333
5829
4768
7673
7544
2930
4058
1204
3216
873
9306
7613
4267
8479
5408
9194
3925
7764
963
7484
9147
6157
9873
2688
9772
9214
5931
5040
8789
2237
4121
3492
8380
4699
1205
9160
7061
6722
4140
1671
8901
6308
188
7700
1583
4707
4161
9548
8272
919
2388
5242
2266
417
7251
912
518
1399
5695
396
1666
8617
4040
195
5987
2907
2097
8227
9221
7756
634
1363
7059
5633
3250
2619
4459
2373
9580
3830
8575
269
9059
7291
1067
1145
52
8075
827
8528
6942
8628
7819
4085
7554
8093
8292
2886
5907
110
4913
6001
1349
6271
4349
4120
2165
3077
3524
366
679
4001
7032
1276
6534
6137
7909
6522
2373
7790
225
3642
290
1478
9303
8779
1079
3469
3421
3790
81
8413
2208
5396
453
4342
9809
6156
5057
149
5507
3691
6733
5040
5874
506
6220
6871
5429
9552
1889
2402
253
3278
8193
7517
6682
7373
8157
9146
102
7195
6734
9421
9672
1246
5752
7452
2001
9062
6506
6083
8559
1571
8206
4376
5483
64
3668
939
7378
6367
764
6811
4457
8884
6886
355
8914
6035
3746
5189
5937
5562
7413
1286
1589
7336
2763
5500
5963
802
7424
306
8560
9133
2534
2153
600
1658
9522
6931
1519
7083
6919
3635
6312
5171
6671
3187
6661
452
5830
2016
6449
7622
4936
5279
7407
1781
3196
2278
4972
2170
7876
255
5273
9604
5286
883
8547
7817
5567
9229
8194
5342
2140
9191
4347
5664
5842
9960
6418
5712
2891
499
6474
4297
4853
1174
1272
8353
6779
7454
8825
4715
4775
856
6346
8011
7992
7783
5812
5775
2723
1134
3092
9298
7339
4998
4878
3002
8366
8142
466
2196
8345
5718
7893
9385
9701
4294
3452
2199
8854
3965
4015
8562
2873
1801
7237
495
2515
2720
1508
4616
5165
593
5905
7196
6246
9819
1581
6269
4553
7566
1076
9996
5280
2204
9231
7979
9801
2622
3495
7817
319
5253
9297
9674
3062
456
7777
1507
7928
4219
2362
9170
2683
5030
5422
2989
8932
3119
3491
865
6484
7193
4866
2510
1396
2694
2062
7975
1426
4953
7646
8856
7967
1772
5031
5224
7697
1614
3042
9660
3233
4854
4965
8002
6494
112
5083
5510
1358
4960
1981
7444
2313
8980
7675
4665
2054
576
4204
2527
7465
3271
8652
9514
1173
3423
1283
27
1710
5299
7807
2521
2980
4346
195
1015
2912
8367
5010
6131
9289
7653
7764
1923
5321
8899
6343
1671
2391
3770
3147
2925
8469
1099
2379
206
8545
5207
1407
6475
7657
7276
4924
3900
4901
9289
8569
9500
5079
4853
6389
4216
7034
487
4740
3219
6491
1251
9906
5890
9814
8715
9302
9223
8779
70
6543
5096
6983
3718
3753
2215
5048
2916
5433
5044
15
7393
2837
9872
8543
3697
5877
4762
5330
1994
5332
1500
75
2103
4307
7080
2179
9850
1736
3188
5088
52
4659
2372
9885
8657
9299
7319
8598
3367
4976
9195
3549
6873
2874
4859
9513
9359
6715
6909
6923
541
703
5609
5709
4349
8268
2468
2176
8482
7660
9572
3056
6430
7700
1698
2881
8444
4414
3193
3356
2052
8167
1496
6834
8526
9717
9385
5525
4660
9881
914
8651
3490
3029
4981
7793
102
9516
1561
409
3537
5669
1504
8018
6594
9605
3528
2708
191
4154
2849
5517
4908
8907
4503
6538
5061
2735
3235
9152
1516
2756
1731
4126
5519
7773
6252
2153
3251
3708
3269
8145
7444
3612
3898
1156
773
6544
6083
2864
2539
9395
819
2555
4564
4214
78
9765
2191
4473
3046
1192
86
4812
2669
2763
9419
3240
7301
507
9228
2170
7062
4182
5481
9719
925
4574
7580
4258
8495
8792
8385
6954
20
4489
6372
5411
9710
1552
4448
3706
9920
9036
4558
1582
8241
9101
976
565
3076
9342
6938
6784
9339
4492
1054
9070
5345
3940
1611
4978
8136
5589
3227
2256
5625
7518
5582
2262
3693
3854
3664
2212
8259
8010
6128
6857
8806
224
5441
199
8690
7969
1501
3333
5473
4031
2193
6312
8979
5316
6337
360
9605
4895
8199
4586
8037
6695
5105
8566
1884
5771
8904
1876
8924
1492
5638
9094
4385
3071
3889
5583
3409
8211
6929
5084
8164
6412
9054
603
6914
155
4701
8686
3839
8175
7840
4894
3780
5925
5595
5738
3997
3335
4861
3960
5386
5980
7441
6411
4859
3294
1305
684
3407
4362
6775
9366
8570
5833
5386
2365
8949
5012
8460
3996
8068
323
5594
3360
202
1919
1419
3005
9575
189
2220
6329
1217
4380
8871
980
5068
9551
4688
9337
9494
2582
9339
4770
1533
530
3630
6815
8787
6440
7754
2935
807
5038
147
6728
9642
2240
2668
2908
8874
7730
4705
107
8483
8109
4767
8874
1093
4419
9740
171
8937
7032
926
3201
4708
2933
837
777
8751
3677
9591
9176
3194
8108
8884
709
6626
2641
5874
1261
140
5633
8225
4884
7777
5696
4010
9897
6457
281
8613
3930
1032
5281
749
1345
2064
376
5635
2360
8165
2804
2858
819
4402
3442
1155
1190
1240
3116
9378
5337
8154
965
680
2112
8443
4797
8571
5099
4267
3385
1726
9814
5674
7605
7112
309
9411
6341
6670
9499
4381
1899
2248
245
7446
8093
6465
5222
1007
9584
8374
3860
1438
484
7842
1107
2179
2219
4355
3661
7117
7660
9617
7809
7101
4150
4926
7764
6073
8694
5626
2483
737
38
5943
24
3214
8230
9654
9618
7820
2073
490
1655
9700
371
7097
8816
669
7310
8742
8992
5479
3171
5137
7226
9172
7681
5433
1759
2849
1313
1504
7837
9722
6847
884
4416
431
2279
5410
3955
6076
8642
2598
7787
2173
6199
7328
8647
4798
3161
6291
4565
5006
6372
6615
2385
6650
1653
6861
9746
7924
3692
5133
2377
5057
1723
6724
8889
8137
4188
6693
3092
7202
8514
5182
7205
1000
4186
4508
9914
7432
9702
4581
1269
3776
4090
1233
9321
2580
5087
2040
3655
923
4849
8136
3849
5973
3231
6599
3891
7280
1542
1279
1144
8904
7652
7822
2708
9352
2414
2943
7198
8657
9040
4583
8800
8575
4950
6897
9425
216
76
5360
6953
7951
116
7931
6373
1422
1273
895
9394
6525
587
6370
4670
4490
1134
5942
8295
3880
5319
1370
5064
5768
7084
6488
5171
6049
2381
4202
8073
5392
2834
8657
4094
7257
332
2560
2922
3313
4760
1978
8900
9726
7693
5088
1713
2004
6463
1575
101
1045
4537
4513
2409
9395
3342
2430
3968
359
8988
8637
3443
9422
1744
5808
7019
5223
3496
9217
9687
2183
8019
3328
6041
359
1236
7201
613
5932
8677
3894
6853
2397
3772
9323
4604
2236
6202
2795
2166
8283
4205
9483
5297
9332
6069
6439
1725
3435
8755
6905
5712
2576
9134
5510
5837
2965
1645
7321
14
3421
5011
7585
8480
1412
4404
9162
1523
3892
4462
162
2608
6723
6104
8457
2786
163
4126
3176
5492
6647
6732
3878
9163
7171
8886
7312
7047
5480
3799
8419
8281
7638
9797
1710
3221
4951
2013
9909
214
6508
6041
2495
2315
3247
2140
837
4854
1119
7858
876
3389
136
1726
5463
9571
7166
8679
5685
544
9452
6092
3366
986
9668
9540
9332
4338
3141
3200
3691
70
1272
6697
1333
575
4858
732
643
7328
5077
2868
2597
3349
9452
8963
5392
4352
3061
9208
4412
6607
2797
4614
2502
4654
8623
4905
3639
1073
4577
8271
5321
6101
9009
4630
1453
3106
4659
1974
6868
6332
5098
1714
5393
7479
6376
8349
9446
2459
7535
8760
8023
6138
3159
2816
1759
1334
6167
8780
8391
7475
5915
5702
4724
563
2063
5586
5823
684
6003
7505
8489
6867
8118
5231
1041
1804
8357
6839
4219
3295
442
757
6220
1428
8003
7389
8412
3166
6780
3587
6600
6814
7442
2515
2001
9044
2327
739
7797
1913
1750
4520
3846
7075
531
2168
9485
6149
8436
6256
1601
3892
5323
9237
9086
9579
3717
5963
8951
30
7062
5411
9011
3384
2226
6872
8135
7271
6474
9783
1242
5522
2888
3732
5873
7785
7177
3169
7731
8337
1634
2062
9613
7544
4152
700
8113
7192
2904
5793
4564
7748
9710
3736
2923
4683
1713
851
466
1026
3172
7775
4375
6186
355
3322
4152
7238
8633
5794
7807
3345
738
9399
8984
8527
3761
9225
306
1462
461
5098
2401
3202
7713
5854
6636
5485
7956
5569
6613
4135
3965
8102
3863
7509
6208
6020
8227
2293
8110
9708
5896
2101
8302
8372
3337
6446
1106
5634
68
9856
3474
6189
9429
4839
224
3004
6771
5185
8833
9359
3081
8376
9896
278
9879
4054
9195
9377
4808
6761
493
2278
4509
1799
1770
5891
5446
9669
6491
5503
1523
2824
2849
7597
8728
8951
7846
6802
7389
4896
6509
3083
1511
1704
6821
4566
4739
8160
2196
1601
6438
653
7335
2459
3280
4307
9025
8906
6781
7290
3257
2765
3854
3582
6140
5053
889
4920
9507
4567
799
415
3339
7205
578
3110
9582
4918
8047
2509
1273
1159
8232
9351
1075
3171
8016
5905
37
8393
1847
8747
8224
2078
2423
4921
9648
4530
7890
1869
7574
3297
8527
5260
984
9163
7344
5045
9984
9232
1774
7482
1877
3336
4511
4291
1652
6448
7820
6502
7382
30
5356
9821
2474
4273
1227
9813
716
8547
7127
9096
8255
3261
7161
6790
9525
3563
2759
7572
5170
7990
3580
5005
7093
1908
166
1184
5776
6496
7881
1013
4616
6455
2017
9110
4122
3650
4291
1477
1209
2966
9100
1681
204
8592
1632
582
3795
7335
9037
8277
6855
5670
6318
6943
8047
7818
3416
3489
1585
2237
7155
8121
4233
4917
2448
1733
6084
4883
2421
7189
4928
2090
4422
2598
2436
1115
842
1410
1233
3692
6329
9870
6190
3569
8794
4315
4931
5837
943
7009
9504
3267
7355
2241
5396
9851
5433
3239
6572
4171
3225
6156
5418
2526
6418
4052
7510
128
7837
2770
8880
3063
3246
3554
5556
198
1259
3424
166
8947
5308
6720
6357
4844
4900
8748
616
3172
9450
616
1829
652
3460
9849
5637
7554
7618
8875
7276
642
1225
1217
3881
9027
7252
422
2931
3208
522
9445
7556
6774
3178
1291
3084
2847
3862
7738
1107
2711
7361
3203
1880
9156
7860
4433
7441
835
5885
2526
7092
8754
6512
9381
4579
6038
2992
6106
496
3959
8165
3582
1648
3684
1282
4260
4314
4157
7738
8067
5300
8340
2790
1929
1648
5269
3470
1624
6939
6445
5060
8951
9820
945
6753
249
8269
1593
4713
8691
2660
913
3970
5658
7263
6117
1744
9892
7518
9680
7086
3669
167
2059
1178
8751
9112
8853
593
245
7147
2210
7063
5675
115
7315
2863
7821
1421
6701
3056
2607
5640
2527
4321
4257
6303
292
1020
779
9367
1339
7903
107
3625
2816
4563
1144
2654
9556
5199
3512
1081
6594
1476
1641
5083
4619
2015
490
2482
99
5944
6914
8784
4002
3234
9667
67
3642
4206
3923
3876
6913
4533
4488
5601
6001
596
2012
7257
319
8418
208
8350
477
1172
5059
7491
5701
5485
2856
8085
4264
3131
1073
9092
3517
6993
5127
3265
6997
9979
4278
3275
8751
1343
1692
5848
1843
8192
8385
7757
4945
5049
5664
6842
3350
4382
6449
4208
1216
5368
9554
4234
5266
9443
4163
1818
9662
6792
5110
9750
753
3093
5260
5944
2714
9083
6106
5781
6089
8188
9641
3372
8499
1740
4184
995
5631
5173
3891
1848
2471
6730
532
4001
2162
5372
1685
3379
8733
4616
6486
8817
2312
5937
7608
4204
435
8925
9851
3505
3878
9846
2479
5463
7446
8892
1248
7705
5825
7585
4898
1696
5546
5595
8329
5119
4984
1108
2886
4182
3579
8587
40
8634
2072
9786
208
8866
8955
5344
1105
876
4878
9351
482
9056
7664
5909
6497
7676
8732
7189
6451
7883
6573
9212
1569
6979
1870
2971
8825
9234
4340
5327
799
2148
3278
3870
1957
8400
5264
2374
8378
737
3861
5886
836
6614
2384
5556
723
8005
2572
407
4748
7711
1239
4549
1522
7387
1950
3017
375
1074
724
4500
1154
4163
8470
9387
5680
3653
1501
5587
4958
7428
5674
6042
5193
5879
9235
3072
3497
714
7657
6483
8276
3669
2008
3774
1319
4139
1080
5720
5819
7870
7741
3324
6895
12
2773
451
8667
9330
1377
941
7364
4705
7518
7542
2321
301
4623
299
4865
2500
8499
4186
5633
2268
9344
944
9494
3294
9594
3806
7509
6654
3182
2100
1142
3779
1005
3089
9409
6319
4606
8138
7406
4000
6528
7947
9347
7444
8847
3629
2079
784
2551
88
6996
6204
2212
2975
5645
5302
6551
77
5342
2978
9946
1048
1379
2508
9089
1109
8029
3705
4041
7291
5898
9973
9937
4992
6623
7519
4518
287
8498
4837
8081
1072
1918
4267
8531
1773
968
8292
7171
1238
4943
6287
1753
8810
278
9225
2654
6628
1703
7779
4753
9406
4462
6973
5396
1264
3742
3452
1829
5385
163
625
153
5144
3202
7878
5565
7474
8433
8010
2345
2213
864
694
6987
3276
4910
7279
2144
7783
1358
7069
9663
6173
6524
5990
4068
895
8286
7202
5293
1403
7031
1912
6405
2154
6118
5303
2572
9422
4949
5177
800
5759
3831
4560
926
8733
5379
3074
945
1678
5697
2950
8192
2927
7140
5976
5899
2151
7786
4026
9826
1482
9147
5818
6821
5876
6136
6909
5902
8870
6833
2620
2769
7855
799
1988
3488
3284
9639
5068
8279
4029
6251
9576
2320
5288
7776
1732
211
4545
5012
7636
7301
2856
4653
7555
6221
8092
5739
5533
9393
8284
6310
385
4900
6249
1697
8193
3549
1245
6079
5436
9418
9412
2804
1981
8147
8416
8564
2003
7300
9417
9826
2460
1996
2820
715
2450
6679
3924
9922
9135
6143
8535
8561
1107
5602
2352
4275
3316
3533
1773
386
6756
3424
6880
9916
4523
9393
2280
2462
65
7982
346
4065
6754
1633
6893
5704
3039
9660
1126
6608
8602
5415
9308
5691
6998
360
2659
2028
7099
4969
5612
4490
3075
258
1214
2764
260
1247
4767
2952
2691
9098
9827
3987
761
9826
6148
5586
2108
3467
8241
1926
9580
9219
8767
331
2227
3496
7662
2158
4620
8496
4403
3352
4441
9773
951
1978
3383
3498
9121
9972
9903
272
9434
4667
5969
8816
6861
3791
4129
2231
5016
585
166
4493
7474
6195
5565
4548
4407
2928
1397
2733
2930
2536
8113
2236
6134
6818
862
1266
8249
3658
6940
366
8842
4388
5705
2292
5019
7527
7177
8303
6694
8612
3931
3949
4572
4499
5889
9548
1764
4167
5382
1344
9861
784
491
6536
6408
5608
1263
5710
7105
5297
3965
8041
4723
8418
9672
2915
9892
4357
5453
6328
9635
5229
406
3684
9936
7158
1400
822
9286
8244
1496
3773
6259
2958
36
5643
6977
3674
6774
3673
4676
4257
4996
8753
1657
9030
595
2022
3503
7141
219
9363
8855
8434
6854
665
3780
9351
4135
7021
3463
2665
2887
8219
5542
8285
9332
4975
3623
2361
7889
1537
2886
7858
9067
8611
9557
5250
6277
7951
7047
7079
3120
5954
1651
4353
8436
9384
5368
2653
68
3561
8874
31
7329
6108
9906
7812
2934
245
8929
2105
3836
5254
4940
8691
4866
2934
7044
7642
3893
4753
6622
7246
3080
408
4504
5789
2811
3676
5088
6133
4391
2856
6804
8358
9309
3791
3663
1649
3924
2940
3145
5063
2850
1890
9454
9838
993
4681
3035
1133
2887
7835
6330
6277
7093
7395
6546
7938
2792
9965
3672
262
4975
8798
9779
2511
1701
3333
488
2595
7731
1929
5110
471
2532
3801
4660
9311
7471
941
7849
9573
3609
6290
1693
2483
3609
5290
7321
5708
9665
9026
988
1619
1135
8399
4580
1861
8644
1065
4117
4344
7628
8926
1610
608
7561
5528
167
2005
3554
4882
439
5620
783
6410
1708
3853
9146
7336
3378
4672
2586
8770
408
7687
2133
7446
7204
6728
75
6268
5214
9539
3750
64
6096
1059
6050
2350
4818
962
5200
8682
4715
697
891
916
7963
6387
1160
2699
6389
7306
6027
4837
1996
2339
179
2078
9144
8801
1521
7890
5014
2755
8653
71
5725
9536
2459
9799
258
7485
6293
7208
7111
1965
6438
5169
3771
6665
3161
8424
5465
3801
5026
6420
2054
7397
4086
4651
2585
3757
4075
9362
8222
7628
5252
9247
6565
6068
4529
1745
7312
9304
450
5560
8695
5462
9737
4065
694
5121
9507
5572
3782
6295
9278
4952
6222
3671
8099
7297
5262
5809
2007
3870
5049
4850
1301
2254
9192
4141
4598
8571
5985
4263
6939
9984
2599
1155
3306
6124
7167
143
1606
7031
3618
45
5659
5362
48
3343
6917
4771
1834
5352
7570
5359
1793
211
8120
5452
892
4195
3659
4010
9864
6263
6758
2007
8446
9074
7863
4585
2059
4013
640
3975
5927
2214
6477
2560
3507
3675
7497
8119
1864
1116
3268
6453
199
4162
7189
2294
6259
6081
9003
6369
4121
9668
965
3271
2668
9203
1822
8423
4920
4037
2952
2189
2641
706
1467
9401
6410
3053
259
5976
6893
1293
5130
8054
8810
430
1494
2384
8779
5252
8433
505
4483
2329
7263
795
5557
8141
711
7618
3044
9635
3817
9135
1856
2169
4230
4982
7655
7096
8076
439
568
6507
7367
8161
3496
3086
2449
7611
5895
632
2419
8040
9260
8037
9589
5719
403
4113
4408
4722
5985
8784
5517
2432
5263
9442
3958
5019
9268
8004
1513
2119
6005
5360
1521
5641
9633
6915
1541
2772
4840
805
8120
3
5962
6545
7270
5154
4384
6176
7809
3007
855
5089
5315
3550
8374
2951
8686
5737
4511
8933
5039
845
6600
1636
4145
9463
8920
4386
8339
3479
5566
906
8776
7224
5461
1921
1004
4412
3090
9133
7345
8826
4438
8309
5477
3526
4454
3156
5239
8383
328
5302
4690
7191
8622
6731
92
2828
2311
6513
6251
4652
4550
3491
5813
2547
220
3521
8174
1415
3380
2771
5193
140
2153
9222
7579
2122
3549
5443
131
552
7494
794
3028
8691
6994
5967
1355
3992
5041
30
5663
6680
2654
5306
7644
4908
6795
1922
858
5953
7520
86
8149
480
1348
8929
8587
5724
5108
1531
7022
4436
5591
2199
976
1432
6050
5529
6740
4514
4847
6301
6918
5159
8741
8136
4710
2826
7098
44
8171
8229
1456
2122
7555
7609
6639
6844
8955
2985
4642
6608
960
4260
6801
7608
772
4545
8142
3519
9806
3911
5607
28
3816
1347
8784
1758
1931
2066
7631
4237
1822
7541
4501
2763
7700
8003
9913
8832
1474
8440
6057
7235
6354
9136
1546
4261
2946
9956
7667
5311
9632
3139
3916
3288
2858
9749
8760
8481
6345
1026
8750
9670
6039
6215
8898
4391
940
643
4371
6431
2179
1884
1131
4990
5577
5126
5941
7272
1192
3168
9024
5587
8105
6027
8045
2422
8288
5983
5616
3489
2889
9287
2260
6597
902
7285
306
8662
2802
9239
5355
7421
9747
9902
4911
9177
9553
8766
1205
1287
3450
8637
618
3239
1350
5150
8074
8216
8622
3754
4476
6134
595
8023
558
903
8466
4625
2818
8125
9722
6411
4943
1034
2585
1638
8565
4410
434
737
1290
9315
4698
8426
7851
7411
6579
2676
6629
1773
2379
1188
8336
8751
1686
6967
880
1927
9401
5029
2746
817
6138
6048
3563
1758
5589
8208
3180
895
7727
4192
738
4917
1873
7394
8011
9116
386
919
3004
9334
4993
6959
3107
5806
2304
4001
3841
3911
9955
2040
9008
699
3873
1754
3458
3405
1708
4913
5471
7581
9674
2508
2842
879
106
6802
9921
8422
1963
2672
5185
8485
1358
1918
9589
66
5247
5689
4984
1947
1998
7242
9683
8241
4619
9266
5747
258
1940
6020
8443
4749
7232
8213
3398
4518
4632
2956
5679
3722
7070
1091
8595
5948
4672
7236
6335
1119
9852
1877
5040
314
3714
7057
8384
3625
3951
2758
3403
1931
8433
3715
6887
620
7356
1882
9740
9968
7777
5345
2926
3790
4795
6031
6298
2777
6698
4129
5703
4685
2099
8529
516
2141
5969
6602
3239
7112
1669
5343
3660
9122
3933
8879
1420
4500
9567
1838
9005
9965
8016
2308
9339
2243
5272
1876
3495
9756
6934
31
4635
5912
1870
4140
5233
2781
389
795
8225
3222
989
4879
885
8920
3655
9969
8394
8520
1121
2539
6639
8645
508
5597
4134
2640
7524
445
3491
6468
1167
4403
5954
8128
9051
8852
8962
5856
8813
8243
4887
1351
1392
1855
8189
4653
9451
9041
8473
444
1982
4054
6734
7399
8788
9373
1412
2652
5035
7478
6099
5944
8035
8801
1040
2520
2876
4106
4893
7528
4371
7737
7212
8776
5032
9895
921
8057
5478
4141
282
9172
518
7246
3405
2564
7799
6777
3256
9680
7507
6530
1095
6631
6076
3269
9588
4492
9513
4677
3442
7980
2311
7415
8026
1584
1631
47
6777
5816
2177
893
5049
5329
5261
7008
6291
9523
417
4979
1517
1739
2913
6177
5754
1416
3230
7814
4168
1415
840
6273
3758
8987
5274
6345
5190
4846
8719
8094
8889
5849
9261
3240
104
4435
3009
7297
2835
4275
3397
8451
5941
125
2527
2620
6776
3562
4485
494
8523
6252
5371
435
1372
2879
9280
6977
3898
6403
8294
3207
3099
680
3382
2067
8098
5072
2868
2987
3120
5881
3813
9996
5519
9771
631
4902
734
2638
9644
8011
8399
7028
4677
7864
4866
6665
7743
1732
3963
9495
2845
3709
7698
5125
1299
3809
8338
9062
8374
4782
5906
2875
7059
6246
857
9882
9835
7446
8183
4591
8516
5933
8449
294
4259
2972
9854
3746
4521
1247
5085
1525
9371
4785
9932
5527
2524
6819
9437
230
5717
4600
6576
5516
6836
8307
7837
1395
9053
7951
6982
7358
3864
7616
2212
2684
7224
3888
4987
1821
5976
2474
7690
2827
7866
9012
4204
3552
6366
7321
1138
5076
7437
2466
7833
2149
8812
4400
3384
7739
9806
4431
4150
1126
2315
3611
9035
3439
282
7538
7384
7539
8298
2633
405
3028
5765
1185
3929
2352
6379
5764
3344
9834
4313
7827
9368
371
2292
165
3614
1851
558
5555
9558
9708
5358
3164
5462
7025
11
6867
4029
7652
6597
721
4165
4680
9876
7816
5923
3004
1135
7759
4606
3675
6039
3137
2251
9076
7429
4878
6349
4116
6280
6173
7085
4531
2594
7889
5313
6713
5259
8721
9686
6924
8346
4169
3300
5428
9005
6487
9360
9318
5389
5126
2036
8523
4275
6938
8037
6900
8862
3197
4342
6789
4535
3272
3416
9300
4908
5092
8590
1412
1484
3548
3299
4500
1651
4051
7392
6045
1399
7624
1423
5732
7414
9544
7060
6544
4784
4104
7311
509
7411
208
6481
4106
7573
2584
8897
2505
2081
3255
566
5739
719
6606
5288
6804
5814
72
6883
6487
4821
5842
2738
8936
6600
6392
8134
3206
2118
3250
3419
490
5497
7
3342
3314
2120
2320
3404
3837
4874
3625
9167
4361
5943
8559
7262
1193
3766
8639
3805
4980
5500
767
6669
7791
8661
8968
3279
3910
9022
4668
7934
426
5647
9761
8144
3799
2099
6951
4755
5879
3895
5178
8985
8746
4372
1656
1547
1171
8602
8179
1651
7520
269
2819
8283
9788
2677
5594
6592
6433
3537
4229
3468
9357
9906
5490
2886
5419
2915
536
709
3276
2825
7449
1360
7428
8296
6639
6626
4047
3414
4269
5842
9507
3455
8857
5623
9646
397
2230
3583
2736
3385
2088
472
3388
7915
1633
9231
677
7576
8965
3810
9138
5012
6625
3511
9831
981
3974
3414
9700
1110
1751
2746
9230
8183
8416
5050
4857
3265
2033
112
3194
7384
1734
9272
3470
8016
2636
4591
6764
6388
1299
1165
4900
3100
4468
8182
4118
8975
5414
4905
2462
5467
7332
26
4880
1329
3353
7190
2841
6196
5380
9430
7403
7868
9663
5841
9266
8770
9754
4995
8004
6607
6106
3214
1303
5104
8272
9819
4068
8768
6146
7009
7245
5880
347
3
6634
1191
7117
6069
6010
530
9127
2755
5099
6900
2531
2607
6825
3996
9567
9043
8567
6714
2340
9194
5296
5544
1492
5375
875
3066
7329
6062
4933
4448
9557
355
9217
5184
1954
4856
519
5607
7853
5569
7285
4804
2777
4007
6123
8873
4743
5475
9312
4859
2514
3616
9812
2190
6246
3925
5652
6668
94
8407
4582
6203
423
8680
6920
8640
2803
5522
8759
4168
3037
5907
5023
6441
3236
9936
7307
7614
4509
6231
1927
361
2205
7016
8409
5816
2127
5465
2485
9222
6248
8108
9341
4600
8578
1628
6322
5972
1646
6871
2685
2388
1192
7806
7097
957
7915
9680
6350
1817
9929
5452
1510
7054
3450
4639
6705
5793
5318
5595
4323
5733
2413
9842
9077
740
2006
7141
1129
4560
5162
4513
1006
1425
9254
8825
2218
9276
3259
7138
4640
1820
4376
2478
4179
4210
5533
9693
2583
6533
296
3442
8517
4197
430
5922
2
5370
4278
5944
3905
3173
2061
2335
4452
7697
3029
4561
4299
4322
2815
2646
5944
574
7565
7222
8279
4042
3221
9988
1554
1056
4385
3736
1526
2143
989
925
1738
521
9137
6232
548
6790
3929
1430
2590
524
6071
3265
6004
5320
8549
3246
9295
4126
6074
7801
8983
2836
5933
2814
4250
660
2355
1827
3149
5128
7242
3783
5231
9653
9297
3965
4478
180
8111
9616
732
2757
4472
1944
5521
1432
7943
6191
614
1207
7235
8986
9221
3709
3924
6977
4018
8427
1370
7777
8439
1409
8642
9450
7034
5822
8823
9454
5147
2986
8210
3378
8924
6788
7054
1122
6257
3470
995
4915
8506
673
8266
3986
7085
4551
120
6743
8135
4890
2545
2588
7659
9490
4637
7307
6563
638
4094
1240
5602
2703
6406
8813
6754
3163
6089
6021
1570
6996
7964
9228
1550
2563
744
3113
5920
5993
7268
264
5847
24
6397
2670
6546
6769
5937
8610
2893
9450
9882
4951
2660
6641
3691
6944
820
3942
567
8291
6352
7959
9640
7062
404
9850
7213
2273
6468
8141
5076
7419
3725
2352
3223
8344
1402
4876
5933
9558
2853
2870
1508
8836
9911
8733
1492
4520
2369
3826
4486
1551
5758
2021
1644
6576
1429
6724
1179
5746
4210
3030
8066
6197
1401
4336
7880
9443
5659
9852
7291
1336
5533
3942
755
486
3027
2490
8592
509
3082
5928
3486
1270
5664
1987
178
8509
4424
5376
9113
5130
6320
2826
9208
3331
1297
5742
5400
3295
6125
6516
135
8639
897
7278
4420
4160
5999
2501
9511
5002
4916
7499
4157
3473
7929
1304
5852
8053
7684
5496
7373
1761
281
6066
5043
4881
2981
1763
2110
2904
8805
5581
7327
4020
4214
9510
6053
4223
3606
7543
3549
1249
6877
2425
7874
1149
4334
6451
8735
4425
978
714
3444
3798
4135
2978
125
6088
5420
1553
1781
7183
1361
1839
4251
8560
8010
9584
2046
1368
8831
4900
2751
5683
3018
3213
6317
4523
5827
7767
4963
4873
9352
5447
173
8573
1308
4304
9138
2155
1441
433
4251
1198
8031
4423
6551
2051
7386
5235
1358
2665
9810
5026
5342
272
8548
9098
5186
7374
1407
1461
4786
7165
9855
4383
1788
7425
9208
4606
9104
8583
8836
8858
1519
1481
4305
1081
7321
9212
5246
8679
2425
8594
8845
4152
7128
5308
1156
5973
1142
514
7978
6226
636
7873
7725
868
5506
920
9298
5747
1083
3542
8580
847
7171
18
2515
5208
6450
8985
3227
2379
9290
86
3189
1909
9071
8413
740
4215
2010
8030
4586
2425
4660
1803
7744
8750
6065
8093
1526
3544
7103
7604
2455
2215
810
3661
6251
9790
4750
2261
2142
8294
3919
1813
3883
4173
8040
6850
8285
7466
7303
3276
2748
9170
5590
6919
9972
3745
2319
8786
3992
533
5851
5287
1582
5119
2016
8954
9415
353
1762
5042
4607
6615
2522
724
7110
5816
642
3929
6652
1012
1128
997
667
9106
4246
9490
8930
5704
5758
2889
8315
7544
1937
9339
171
7015
470
9239
1554
1875
5124
7670
1161
1869
4566
1305
8594
3450
9744
705
8997
697
2370
246
733
5196
520
9136
8540
4140
1537
679
6026
8507
7763
4223
1561
8740
1954
6640
6073
3813
115
2443
4124
2776
827
9430
8897
3908
6483
4445
7758
1047
6204
2734
8574
9375
3425
6073
5897
8793
8959
2889
1521
7938
9648
8944
1713
5639
4834
7983
3818
1143
3985
2435
9204
2723
6159
6524
3505
750
5344
5247
4545
9414
3929
3041
3658
8391
8033
2905
2330
5083
9880
8401
4152
5426
8821
2190
7276
3922
1733
1358
9216
7062
2920
7372
9264
3531
4381
2476
6692
2697
7251
2834
7125
2485
1698
5387
1968
3479
7148
1116
6549
6771
4392
3182
7518
5555
8341
2503
3406
7472
8626
4991
7291
2292
9534
6333
2544
4954
5196
8969
5030
7031
7259
4871
6195
6380
3047
7048
3599
7596
9658
4788
2715
7215
5863
3085
2554
8110
5331
7706
8623
7767
8508
6085
1179
8808
6287
3609
5715
711
195
2507
868
1329
2648
8085
9538
6977
1655
7861
209
7384
336
4351
7768
7663
4937
8153
2389
1326
6794
6411
4394
398
7257
9910
9962
5608
4723
4167
5119
6103
4672
7302
8483
6771
8679
9506
5821
3640
4657
9364
9990
8857
535
7035
4302
7192
9012
5585
2420
956
4413
9043
2396
9484
5685
9015
4120
389
5615
7289
6409
4062
1759
4656
2062
8363
6054
9642
4567
4883
5744
8139
1460
9439
5369
8953
711
3943
2812
3424
7318
771
8277
9229
2190
1576
4351
6495
2700
8271
5933
318
1878
3681
9314
9802
5887
3141
4129
2670
6804
2520
5140
7286
8964
5270
2102
6605
7561
7172
9080
7690
2404
3406
2026
4949
867
1925
6636
7324
3821
1623
3642
8965
2754
4796
4680
1151
5165
5570
8017
2679
7702
9243
6654
3303
5657
808
629
8689
1500
8371
7207
499
3106
8404
5864
7196
1716
8807
5986
1219
8582
5402
4610
7706
4985
4411
1822
2210
7248
9051
2968
7684
9693
1403
8741
8330
5372
1463
9676
9868
8031
2911
7091
2982
4503
814
9304
10000
9077
1805
861
1469
6464
9472
7942
575
2762
8784
1905
4492
4804
289
4242
4639
7718
1953
8243
9531
5148
3150
6255
1751
3536
83
889
4877
8173
8460
2396
3635
9401
9488
2704
2761
8387
4490
3264
3611
8137
7697
8891
8365
6635
1842
178
8322
134
7661
6666
3450
8430
9671
7900
4540
7579
1147
371
8504
5227
5345
2575
4649
545
8677
1412
6474
6888
2226
1668
4435
6091
4885
7939
806
9226
2494
2903
7963
8721
4410
3964
7363
8333
9355
4113
8422
7408
6960
1203
6703
8149
8688
3481
4382
1720
4716
4813
7811
9888
6160
1602
2772
4003
2253
7201
4216
118
5439
4587
863
8362
918
8362
686
785
8574
8012
848
2343
1310
2989
7661
3620
3418
3524
4842
6577
7300
8026
6489
1297
7074
5452
6193
2657
4476
6722
5077
9271
774
6518
864
4266
5568
1020
1431
4670
7263
7104
6191
6562
7809
2969
8976
7242
646
668
6798
4385
1804
4364
6915
189
8576
4467
5457
7626
6536
5341
2890
4029
8735
6355
7671
845
9162
7685
200
5280
818
2989
2749
1695
6213
5090
2799
6810
6780
536
6841
6250
7005
7147
1528
8679
3888
6008
5539
7152
2588
9850
4122
3065
1931
5012
7312
1075
799
5384
3779
5096
3830
1878
2528
1443
3126
1982
3402
6632
1497
8386
1425
5260
791
7324
5996
4146
9370
9476
7178
3471
2513
6454
6641
2711
3665
1296
1253
74
4407
4402
4563
7170
3383
94
753
7278
1391
6734
3541
9260
1592
1840
7527
5091
6819
2061
4185
4654
7750
5358
507
47
1498
7158
4741
6868
2004
2774
5399
9811
4414
8561
2608
4640
965
6516
2875
3535
4844
7988
2279
8924
3372
8914
5334
6909
7395
7144
5314
5280
1711
1938
6808
1846
8245
4981
3719
188
2462
2999
7166
61
5605
9950
3550
6649
5278
4488
6733
9592
8970
4599
3188
4900
3303
7334
5611
1780
8306
350
9575
1528
2598
3205
9496
391
9667
9223
108
3019
3977
9626
2827
1901
3056
3887
3789
3796
5088
6845
5872
1942
9845
6618
7408
9754
8987
7208
9235
9174
8408
4583
9825
9609
1394
5899
3528
8767
6119
8156
2513
6293
6180
7425
2651
7773
6722
9419
909
5031
3569
2496
9629
4210
6414
985
7188
5567
5044
9056
1952
687
5562
1495
733
7303
2348
6074
4332
7183
807
8072
630
1530
6985
8932
47
744
1006
2817
6197
1673
3603
3944
3120
6044
3073
7807
510
8082
9197
1773
1971
576
773
1746
2032
1294
961
8894
7320
7530
1225
7685
3485
2861
6206
7780
9835
9166
8885
8872
7229
5173
6622
1181
9926
8660
3861
6049
9353
8280
3379
9893
6925
7237
5153
8207
5232
6180
6098
2941
3068
6572
818
5999
9099
7830
3713
1446
8924
4409
3335
721
7522
5377
206
571
3808
9256
615
2234
6056
422
5667
4364
6073
1112
515
9051
6926
3367
3337
3824
6164
4364
7512
4796
8305
5130
696
8418
9
5598
2309
3105
5851
7280
185
7574
7568
4241
5076
9341
625
9271
7527
3762
8327
1540
7391
7976
68
3552
3157
7133
3594
7767
987
8944
5894
5222
2325
8223
7710
1717
1090
5043
4189
5759
1827
5327
7536
9558
6130
8489
1201
6002
483
3496
456
2394
5632
9765
6534
6121
1290
7823
4072
9443
8130
7528
816
1825
8759
2543
7468
894
2964
3962
3934
7799
147
3048
2093
9508
9480
8994
7380
3271
4026
7780
5442
1288
5569
7908
1292
5307
9198
6644
1221
2747
3530
4754
8763
8415
1237
1457
9751
9189
2773
1272
8869
7492
9092
8527
6868
7508
9236
5894
2173
26
9860
7263
3977
8883
322
7066
2176
6480
7709
567
7213
7632
4709
5869
693
5554
5129
3848
2412
5744
3389
2240
349
8776
3430
2164
4815
5305
3557
1940
9242
947
8251
9074
3292
1436
4971
2987
9723
9704
1007
2841
2499
3428
5602
2773
479
4356
8222
6775
7067
4904
6032
4239
1781
1097
5029
3262
1007
207
3638
5291
9394
1576
2644
4240
6062
8010
8573
3168
1990
2137
259
2233
4838
7993
8147
8576
951
4705
7155
6030
7467
2669
3252
6990
297
5583
7633
4258
1260
8122
6884
3773
9829
2241
9069
1994
9195
7871
7797
9210
3969
1020
629
9051
75
8362
3405
7044
547
6212
4202
9123
6067
6624
9838
2139
91
1446
913
6725
7284
5759
8566
2088
626
4583
4218
6035
3811
5991
4902
1013
5276
4212
2250
827
6090
6073
7840
7687
5619
312
7817
1042
9703
4965
8571
3966
3637
3062
267
8927
3721
341
6751
3133
6002
1404
1530
6174
3013
2841
9238
965
3001
7147
3843
6309
7463
6392
3841
9226
3331
7642
2091
4584
8755
882
1768
6226
6188
9600
3230
5546
517
4991
8905
5305
1284
8314
4238
8762
701
829
3062
3727
449
3572
1397
1958
1372
3186
8174
889
8298
4493
6260
3947
2539
9439
3607
5891
3420
8477
57
4498
8755
1714
8022
1838
8809
1507
8806
9565
4398
769
3236
3465
3412
3045
6150
6454
4165
9320
2285
4290
6626
9136
7810
743
4045
6246
4242
5075
7104
9836
3613
3903
7667
4386
8175
1349
3407
9289
5359
2621
7748
5074
3724
5235
7582
4267
8721
7204
5383
669
8160
7998
6290
2426
8543
9282
5743
7640
5084
5284
5886
1740
1765
9983
6527
8754
1735
4399
1486
2903
1661
687
3552
3038
3430
3962
5519
9237
9565
7965
961
4616
7218
8897
8480
4305
3064
8417
5277
6446
6444
7285
6998
700
5642
448
2967
3521
8867
4020
8434
2624
6837
2015
8860
2120
2858
8532
8674
6735
7651
7958
3838
4617
4458
6944
519
3380
8989
7363
1443
5676
4877
2304
7611
5816
519
5250
3064
828
3855
7102
4971
5285
2466
5911
7771
8326
2421
921
9263
3358
7739
7444
4816
7772
1760
7992
892
7754
3060
4947
5632
7511
8333
7123
1531
4551
3567
9899
5111
3556
5398
4998
3169
1438
1736
9869
9305
8485
2411
6863
5096
7344
5998
6037
7566
2942
3011
8847
5809
2272
9017
2433
200
1018
114
3395
650
216
6271
1637
3023
4297
1134
298
2354
5938
5792
305
3785
5974
6522
7801
4521
4250
9202
6181
4602
4067
2998
3551
5771
9942
9127
2037
1490
8870
6787
5275
1185
9230
1078
5264
9786
9038
5469
5795
2319
9559
8958
2411
8731
2797
3111
8984
7525
7706
6819
2395
7568
1642
8307
2303
315
8658
5161
3470
2239
5537
100
5769
3049
3328
8807
376
9576
1539
3371
8290
6898
9326
9773
4104
6076
2917
8936
9904
1957
6230
6601
8241
6557
1966
5936
1713
2316
6132
2796
3712
9103
6045
4992
2967
8837
3280
7552
9463
3693
6021
946
2984
9138
4789
7184
7923
9630
4681
2867
8309
4240
2921
4343
9700
8118
781
7746
4861
2986
8310
1572
794
8848
8175
1101
2399
3134
6866
1480
1819
9449
705
7090
1300
9573
5305
9287
6959
5552
979
996
1550
755
4863
4539
6225
792
3869
2917
4557
2450
5960
5878
7930
8468
7206
3307
5047
8351
8416
7839
940
309
7026
1490
8954
6311
7718
9729
6845
4462
3022
40
8527
4364
3816
5401
3585
2354
1377
6296
7204
9594
8116
5331
4643
3973
5733
9844
4854
5981
1146
843
3927
1238
3390
5904
8295
586
8928
2832
3105
2091
161
1553
1733
6694
5636
7853
4216
2735
6198
520
219
5095
4367
7947
3138
2623
4083
9777
1040
6094
6193
5318
9180
7741
1765
4806
6053
5936
2003
3236
4520
8173
8234
3554
5327
2976
2341
2849
8715
3559
5823
8138
530
9021
937
5706
8865
4588
1855
7474
4818
5275
743
3101
2044
4384
5470
9027
8426
7240
8732
6141
6790
341
8293
3785
1974
7834
3811
8401
7785
6713
8781
2682
6933
3198
8808
9843
4140
6018
8517
8782
2084
2038
2500
9793
1135
3472
1608
5194
9267
8973
5588
4613
8852
529
2104
9256
2689
1899
5186
1208
3326
3343
48
312
2949
5922
1778
1632
9611
6426
4370
4916
3128
6089
4627
4094
7045
9294
1657
1619
1745
7447
452
7683
1791
163
5210
4478
7835
2329
2652
7329
5770
1661
1150
807
7116
3420
6888
1026
1669
9495
9980
7329
5171
1864
6869
3660
4589
7825
9870
2451
9907
3726
4960
3790
2503
1648
5951
7248
1298
3095
2160
5439
4170
3961
3624
7422
1124
8008
6511
4971
8862
9786
1132
1888
6389
9183
7855
4992
5935
8420
4586
4144
2791
6355
5188
5681
5468
1704
66
3909
1581
3340
7835
4554
3076
312
8244
9813
3525
9830
1413
4466
5972
8182
4483
5043
140
2320
3570
9642
3792
2210
6108
1421
8613
7190
991
8560
1260
8230
4787
4165
5894
8159
1986
6694
3493
8429
4657
3102
4849
4790
6738
9413
7871
8194
9192
8528
8286
4021
1638
3909
8871
6172
7306
8981
6054
130
2197
315
7313
5479
6626
419
9313
6212
7156
525
9693
1534
2291
3288
5160
5181
1105
1569
7097
3787
161
8288
4064
5795
7113
4861
109
3478
5657
2512
8630
7347
4251
389
1112
6095
5022
7011
7280
1934
7399
704
8300
4650
8378
274
3311
6042
5066
8880
2255
5624
614
7310
9466
9937
7994
9126
5215
287
9967
3957
1309
8795
8164
6844
5965
2331
5792
7842
3736
4217
924
4940
1248
7673
9093
4197
4607
3818
5559
24
6059
5950
3211
8764
2513
9149
1367
8217
7530
5623
3300
2115
8392
5293
6883
9858
9101
2780
3669
9632
6839
6502
9875
3876
115
9741
977
6547
4501
4070
9894
593
3092
2129
7371
9701
5864
6789
4087
4171
8753
3339
1443
1668
1841
8614
9161
9406
4176
2558
5320
5038
5844
7514
2763
1804
6402
8033
5837
493
9747
5660
6458
9335
8724
5880
2351
8755
5416
5985
8117
4335
720
3376
6412
4567
3747
4589
7575
3413
274
7015
9349
1146
5876
1848
7236
5144
2336
1130
5616
5279
253
6364
3222
870
5711
2273
1096
9905
8387
9221
1938
9373
3250
4554
5489
8217
682
2199
2176
8673
6411
8077
1663
4796
9253
2222
3587
5500
533
9881
3916
7398
1320
5654
8444
6870
9179
9615
6541
6284
9481
7416
8808
50
6422
9442
6966
6718
1876
7551
6030
1223
51
1905
7834
9801
1077
1222
9673
864
3938
3808
1031
9193
5336
1144
4593
4216
7240
1880
3863
363
5612
72
5563
7306
7990
8105
5956
5534
7341
8719
4294
7251
2702
8742
220
4663
711
548
9377
6375
1262
7498
2994
1266
1293
9025
8022
4682
9172
9760
3903
7470
6482
9779
1178
6438
6899
8186
4255
1670
5936
1279
4200
6485
2867
1918
4035
2653
5512
7815
2291
884
3623
5066
4889
9908
6120
6249
5011
4738
1827
4406
3941
7430
8133
5385
2123
9401
5320
1564
5543
9648
7225
3292
9441
8073
1167
6978
5311
3477
3475
7837
6516
6219
7522
7502
7571
1793
5658
3083
4599
5815
9833
7832
9479
7965
8910
830
4755
9971
7770
6967
3366
6930
9927
6581
2082
1754
4510
5015
8798
4077
1356
8427
6711
1854
313
2591
4543
689
63
49
54
3218
597
379
6692
4697
9798
6174
684
8761
4399
4019
5861
5356
5034
8195
9926
5195
1574
4711
1210
3837
7617
5507
1273
4269
9632
7262
2873
7023
9930
3863
8401
6650
4025
9029
4209
1732
8998
5472
9640
4249
2717
64
3242
8652
8627
803
132
1693
2528
760
1648
940
1768
1236
6483
5910
3077
7971
1180
2966
4703
956
4976
3200
2615
8273
8150
5473
3802
2651
6594
8702
2772
9014
6171
7836
6713
4632
1106
8298
9260
7652
5484
8291
3678
2489
5610
560
5878
21
5344
5616
7856
5123
4782
416
6281
5308
1150
2386
4095
2307
2587
5526
9624
3564
1610
2129
6472
4609
8044
4562
1265
6867
1623
3271
2551
335
4061
9617
9836
6095
7713
6863
9228
425
716
1654
1916
836
1277
9953
885
6526
1036
7941
6522
6797
1893
8553
1052
4839
1529
514
2095
3702
1614
1201
4739
8495
2261
2568
5559
1605
6348
1326
4461
4499
2113
7046
3704
8692
1204
2879
7369
3096
8062
2148
7660
4751
697
6148
9518
2681
3369
1316
4389
3206
8399
4237
4454
8488
3276
5644
804
1509
3584
5338
1402
1618
9702
415
6485
2785
2365
4085
1444
366
975
1361
8530
8101
8164
866
1242
8560
3399
8124
8612
2284
3541
5205
6644
3011
4069
2462
4087
41
9336
3138
998
5606
3642
3806
1544
5528
167
2685
7238
5282
1944
1431
1859
3898
5341
9147
8495
7337
6617
3982
3940
9645
4771
4861
1594
121
324
5130
3508
1877
2589
5085
9243
702
9479
3634
7460
9959
7588
1448
4623
4352
2908
5538
488
7431
1286
8789
2705
7189
366
5324
2669
1567
1109
9527
2731
2278
5007
2889
2062
449
4009
7188
2147
7178
1003
5815
5013
4786
6284
5284
5103
7449
5495
5746
9555
3520
2290
481
741
13
6196
1322
7551
5861
8820
8471
7991
9082
9594
1939
6595
446
6109
4933
2530
66
581
1747
1116
9531
5866
9256
7741
4803
3333
6697
2999
6546
2941
9925
3402
9392
4698
3513
1101
2320
9572
3508
7602
1371
9650
3761
4584
4572
7578
331
6243
5145
6283
2941
7184
5190
3821
2906
942
2387
410
3907
5512
674
2973
6184
3219
1574
1540
2791
2065
8190
2377
3698
4254
407
183
6829
4999
6493
5259
9418
2380
2065
1212
3068
5405
3726
4367
4970
5481
3602
2077
5074
9720
778
2227
5124
9451
5689
5960
9182
7049
255
3885
9636
7019
3735
7573
9604
4709
2397
1997
9512
3155
7499
5911
6181
3081
8054
9845
6579
7866
2385
1123
8780
8707
5176
85
4153
1236
2349
2254
7302
6813
1845
8311
8709
9685
3205
3792
9733
6908
9187
3646
4172
4564
7686
1526
6572
3729
9911
1036
3009
1888
2590
1363
4909
313
8901
7942
6287
6444
5090
407
5322
2889
345
3983
887
6688
9040
2816
879
663
6491
971
2800
3431
5947
3875
5136
3611
2848
1810
8873
6857
8419
6731
9258
8920
2137
9351
3360
3999
9551
5989
1998
8458
5411
8141
8159
9136
6231
7667
6348
858
3116
2474
7820
7356
9437
7616
5536
2485
471
6925
4798
4352
7614
9735
833
7308
2162
1859
479
320
4368
825
4861
4997
8248
2808
4202
3266
5469
4717
8187
1187
56
8661
9180
68
8504
2753
5076
7554
7201
9522
9807
4496
5234
5565
6669
7111
9146
4239
7675
2249
2625
6201
5330
1347
3385
1567
1074
8206
1044
2178
9207
2890
9495
3425
1198
219
1563
218
6248
3726
6127
9148
9644
8891
8341
5757
5380
4063
1958
9438
2686
1214
933
6678
7728
3241
5216
7792
5017
6580
2347
3301
1362
6598
1443
4943
7166
549
8642
253
5236
9672
7391
2136
7161
1666
7133
3127
1275
4768
1298
2012
9676
2533
2674
9454
8676
1129
4646
192
1862
7229
7421
5218
9676
1449
4267
2728
4639
6543
5381
7455
9649
3926
812
5260
1502
4038
3623
5783
6756
9216
7560
9697
5794
781
3392
1406
2809
5164
9359
1064
7806
304
347
1754
947
7680
3629
7216
8619
78
4768
5942
7477
5030
5857
2878
4517
2131
6826
3816
3650
1023
5707
1011
1762
1068
9106
1794
8340
1669
712
5753
2521
3977
1732
1186
160
296
8711
7344
3098
924
7934
8580
4101
2911
6590
7794
9402
508
9363
2902
6667
8826
8812
8954
562
5302
3232
4426
5023
9943
2024
9232
649
6279
5162
6648
1909
9320
1669
7466
9413
6873
3104
8386
8147
8951
7039
9293
9649
1508
1385
943
4085
4023
6119
9480
772
8273
8498
8851
5360
8534
1120
4330
1496
8258
2764
7726
6878
5170
4017
3582
4782
902
7335
7321
5205
7500
6113
784
5914
8565
2823
2636
2391
6532
9847
7703
7430
8060
9823
5989
653
1286
957
1955
9933
4431
5404
9521
933
5839
8639
9307
1718
8382
5984
6129
7608
4675
8067
23
6828
5153
681
1057
884
3070
3262
5583
5312
6227
5383
4513
3784
3141
1654
2958
2003
1728
937
2154
2425
2286
5203
4530
6581
8615
8055
5994
5385
4603
5404
5958
4288
7067
9258
2993
7545
9537
5739
7869
246
4210
2270
9352
6110
5554
2674
7276
2327
5396
6051
4781
5260
4677
6395
6429
4846
9030
6368
8375
4654
4507
7405
2581
1802
9596
749
5730
419
756
9178
5078
8068
1029
8167
5605
7487
8915
6716
2528
7197
986
6125
6451
7127
3863
330
6993
5230
520
7006
1293
768
8187
9452
288
170
3024
9469
5623
6712
1950
41
3177
5856
9318
2100
9662
6934
9561
7385
528
3105
4067
9453
8206
8598
1804
4538
671
7510
6650
8958
1942
1218
5531
4247
3562
7361
8718
6263
8702
9132
4964
1082
5377
608
7084
9223
9128
7060
346
6368
3350
4070
4245
8764
9060
7818
2617
6101
4207
3018
1475
9969
1554
27
45
8379
376
2105
4895
3552
1661
4693
7048
2342
8324
5777
3017
5863
161
9247
2093
3363
5638
7350
1444
7343
9316
3596
6791
6931
9454
2366
4830
4499
5186
9892
5776
4281
1331
7825
7971
9209
8057
7595
866
857
8320
8075
5250
9182
9869
7055
2613
8699
3345
9807
8079
7778
9813
9495
7819
7450
9950
2698
3537
7244
4182
1879
644
5226
3115
6073
3848
448
7326
5479
4677
6300
4130
5926
2727
6846
7239
6356
868
7513
1087
6573
2035
6897
1596
1965
5991
4694
6620
3687
4936
9612
5385
6428
3831
6169
1567
9080
2482
559
1068
4276
9374
4012
8489
7129
8828
8272
7955
5426
2638
7975
7318
3813
3016
2409
6140
2128
5596
9733
8649
532
7491
5992
5219
1441
380
320
9069
277
8
9916
5888
2491
7501
3497
1226
3078
5406
5885
4075
8311
6555
7795
9697
4431
9845
3052
3046
2339
7916
2717
1092
8680
9236
6325
2303
5607
1909
2197
6191
6512
9052
1498
3287
3144
364
3160
2356
4904
7163
1948
3307
1230
2262
9451
8568
7683
4166
4839
7460
7345
6804
8089
3361
490
2995
5114
6867
2940
5362
6559
6063
3705
9487
4665
7339
2486
450
2016
8141
1111
1972
264
4286
7483
196
5880
9066
9760
7264
5019
1607
1539
739
4845
7871
7307
3121
2927
7536
421
678
1499
6505
7700
8837
4378
2437
213
1782
3627
6884
7299
3054
6839
4714
9957
2649
1818
7514
2662
685
6803
1697
6717
8256
239
5967
358
5680
1319
928
224
2491
5650
5244
6134
6529
7464
9324
2014
5184
2601
1507
4688
8405
5103
421
7672
4044
3242
5211
6067
7262
7359
7612
4792
3319
8902
5136
2998
1946
4614
373
9713
1184
4743
8860
2580
8678
3499
6984
4708
4363
3004
9595
1242
7493
2024
5452
954
1574
4209
7687
4904
7193
8947
8332
5867
490
3708
5023
3612
5482
6147
682
6919
6187
3380
2133
9076
7459
2736
6313
328
8587
8673
3039
4741
1400
340
9125
3831
324
7394
8235
2270
23
5311
7760
1607
7269
1946
7445
8805
8942
3728
9104
1338
9281
9408
3149
7448
1320
666
3809
8737
8950
8925
886
4933
6030
9403
5693
9028
6105
1074
686
4865
8591
9004
1535
4305
6364
2641
9712
1416
9164
3647
9464
9532
8511
7921
9051
4544
9169
4130
1599
809
307
1855
1521
1173
9830
4751
4384
1487
6104
7443
3647
1290
6983
4546
2112
9610
3202
9186
2144
1304
9680
9094
1642
8521
3367
2612
6632
1972
5058
2567
9746
8971
6224
3038
8172
5413
741
4047
2027
626
4338
3323
9018
6030
744
7190
7335
1977
134
3002
8001
952
7651
7222
4657
8152
6473
1910
7656
9744
3074
8582
6650
8002
2825
9448
5613
62
1193
7392
9341
1270
5274
8380
7769
8934
7041
939
1269
9228
2491
1048
6573
2845
4040
7321
1365
7150
708
7982
1971
1254
9865
4748
8088
5843
9227
6754
9288
5547
8379
9078
7260
5811
7207
42
8948
3040
9479
2981
1873
5018
4888
2800
1460
4342
8765
8598
648
1539
4
1255
8239
6969
2926
604
5238
8252
8582
7483
6721
4444
4165
3962
2518
5577
166
7814
5025
6367
3594
9047
9907
6310
4834
3152
3984
3650
4072
4991
2030
9357
2833
4744
3994
8020
5544
614
4582
4845
5103
3516
4851
2709
4616
7029
2348
3512
9699
4733
1101
3263
724
6517
1541
6907
6969
5478
2894
7680
8533
6657
8199
4489
3578
2689
8491
3958
2140
2456
2209
8069
3498
4031
9596
6147
1387
5512
7071
3382
7329
1227
7010
7289
4182
2369
1689
6693
9023
3882
4041
6117
6888
7312
4556
8367
347
2137
3316
1896
6851
4561
2068
9595
8347
5391
597
3778
9991
978
8536
2710
29
803
7925
3667
6784
6011
8167
8104
8692
994
657
307
4032
9137
9983
7072
5355
9050
3494
8266
310
1068
3080
9817
958
1217
9032
65
3319
1107
6528
1175
2639
4098
2852
7466
357
1546
3030
9697
7937
6314
8435
5985
7142
167
2358
54
5722
8546
3145
3658
3597
2180
3847
8348
8674
4767
8434
4434
5111
7296
3543
3004
81
650
8479
2388
7835
500
6132
1026
4159
2638
6897
946
3943
1469
6072
3010
9344
7260
8184
6091
9679
8298
8323
2348
5229
4560
4805
492
4209
7482
6054
6171
7247
9828
590
6981
9926
528
5773
8161
7753
407
6233
7218
857
3941
7562
6424
4394
6440
907
3742
7263
7629
4792
9420
3845
9511
9760
9125
9392
4673
1213
52
6936
6796
8639
8668
6838
7824
5777
1425
7096
4445
6085
9476
3011
6068
9301
6543
7079
2044
968
633
4164
6670
1609
4863
9907
4161
2978
2820
6725
1066
3552
9820
4121
7991
8269
1925
8903
85
7875
7494
7732
163
1064
7192
5895
478
5653
4556
3602
2237
5397
8946
4527
7923
5984
8299
6696
4554
8579
4678
1834
765
4916
5680
3442
2834
4912
4830
8457
7990
5593
1532
5898
293
4653
1864
6145
7161
5965
5708
3642
9565
8644
457
7969
6423
1357
9128
5870
3559
6430
4223
7833
7781
7965
6589
2013
2353
7545
5334
2837
4530
2632
228
8116
8342
5868
5500
4717
6537
4480
5735
8892
4617
2871
2584
4781
9604
5252
9360
4281
6363
720
621
4104
3607
3828
3967
2682
5741
5076
5815
7162
4424
5154
8064
1308
9620
3931
6763
690
1697
3151
6070
3292
4927
8950
9272
2878
1949
8481
1646
852
1622
154
5148
5512
3025
7474
1941
7798
5480
5108
5843
480
6683
6441
572
9141
6355
251
6516
1183
3144
469
4558
5055
4875
9492
2094
1612
9043
5143
9673
6380
8649
7389
7246
7055
7625
8641
1576
7255
7136
7491
6043
7402
1480
2077
64
456
7503
1290
9285
9972
5108
5831
5157
7034
9141
7722
4933
4728
3321
3185
5908
9312
3685
6068
8967
3125
4139
2417
5993
2529
6549
93
3617
1796
6817
3606
9256
784
7533
4352
9308
4384
2163
1350
9766
6262
7517
5804
1645
3557
1232
3368
4182
8233
1445
8729
7708
9024
491
4174
8279
1882
3529
3623
1021
9656
8949
4332
7178
4095
6570
4213
6778
3152
15
9734
6001
1418
79
5125
1257
2439
6951
7470
6212
6357
7959
3503
350
1918
4997
4363
6409
9311
2057
8292
1618
2689
753
3516
1878
7764
6240
5531
1645
3800
7684
1465
5965
533
1237
5412
5176
5860
139
4133
5062
6765
1706
88
2804
5283
6813
2768
7593
9248
405
5584
2703
201
780
1129
2791
3971
4381
2523
3949
6072
3853
2143
6352
864
1647
1416
6954
957
7353
4802
2195
4827
5054
6176
8435
4810
3724
9529
4098
4869
8551
993
4696
3327
5266
9961
9248
159
1405
5432
3551
2877
9179
4883
3797
8131
8826
1048
8901
8187
745
8454
6982
7350
4427
6910
7014
7854
1417
6583
1528
9592
6169
239
4407
8934
5470
3395
4709
7912
710
413
9891
8994
5788
1425
5845
2502
2916
3548
1349
2470
4345
7608
2562
7051
1679
8191
5544
6131
8065
1594
6881
4741
6243
5172
3373
7445
4583
6227
1098
5866
7494
2412
9011
6897
4419
7126
1737
7238
310
9807
5703
69
4786
3496
7597
1851
9759
2189
2932
3453
1930
5777
647
5872
855
1483
1406
3938
5828
4363
1069
9743
413
9857
3697
2468
8924
5957
7625
7882
2965
7177
3702
4938
3734
2997
659
2626
3040
4570
7363
9018
4745
9883
350
5646
4993
1868
1562
5398
9038
6337
4277
3756
7442
4607
9722
1599
3774
2508
9779
1347
6661
5320
1529
551
4472
5588
2204
2243
4945
3792
5811
4597
8647
2695
6328
5939
7530
7866
8452
4261
4002
956
3265
40
8636
5443
4063
707
8822
4908
8342
1152
9997
3612
5587
5128
4550
7223
610
9095
6483
1601
5792
1180
8115
4889
7428
4424
6956
297
5205
4938
9680
3194
8083
499
8877
737
6419
1088
8257
3980
6071
1203
4047
4533
8149
1724
7521
1931
4401
7393
9396
2690
3796
5232
710
5981
1716
7445
2009
2498
7353
2892
2652
5394
4479
650
1247
4224
4498
5851
300
3144
2495
2115
1480
6815
7624
463
398
3204
1545
7847
337
8242
921
697
2540
934
2705
4706
6900
5354
7070
6715
892
3825
6061
5024
6638
7478
7204
9971
8544
9013
8220
1474
1833
1306
1246
4775
1211
9386
428
4084
2862
9363
3392
6204
336
6697
4062
8989
6212
8709
1389
5074
3157
5799
9442
5514
1064
2747
6414
249
616
8162
3519
5814
2431
2839
3510
5835
7707
5394
2626
697
1600
5131
5843
3398
3935
2109
2032
4956
2407
3866
6240
8076
5788
5584
7318
1765
6009
360
3468
7685
1338
5619
8460
1807
9261
7163
3257
5381
4651
6531
2122
6511
1455
4082
4840
5131
5661
2342
4406
3314
3789
7377
6848
4466
5246
1123
1116
3151
8969
8235
8055
7771
9810
9412
7995
5533
4150
8498
484
8230
3198
9416
2164
1030
8704
9749
197
1059
5496
1442
4052
6581
1642
2497
3716
3154
7492
5814
7324
1644
5180
4912
8698
4865
5077
2885
6637
9022
4557
3523
8745
1392
2040
4504
8744
7913
3646
1841
5434
9505
205
3554
1338
3558
6589
1675
6998
9246
1844
8043
9921
4179
1904
5212
9788
1503
310
4671
4209
4796
5816
4551
4252
9498
1949
9481
9321
8963
6413
4557
9444
1790
4167
4864
7670
8631
7390
70
9451
8407
9193
1180
7682
3831
678
586
8590
3795
21
767
4741
7213
5736
3064
1319
1816
6127
3492
340
5882
8608
5414
9844
7866
3011
1979
1499
9353
3440
9647
3712
1517
9439
6015
5800
113
688
4063
3025
6393
1963
3341
638
2039
2021
5726
9948
9865
8333
7123
1100
8553
7356
6782
8861
1590
3974
121
7497
8801
1998
6262
344
4413
5737
6907
9657
6299
5602
8664
7401
7334
9125
1778
2120
102
4767
4425
5183
7833
6890
6664
4165
6433
8285
6528
4909
9406
9548
4483
5632
3823
3466
7640
8927
5647
4259
5265
4341
9275
6842
2642
2129
4477
5454
4088
1100
7196
9277
3208
2495
9035
398
5233
8726
8029
9331
4991
223
632
8666
8661
9467
9972
6471
1932
898
6596
465
3115
7856
7133
1287
4806
7121
7468
7336
3093
3442
6297
1684
176
742
8464
909
1525
9086
3948
5644
8669
4504
3023
2545
5875
24
9135
5852
405
3602
8577
5370
1472
958
4965
4594
6325
1397
4931
8934
5957
9123
1764
8582
8322
3552
5995
964
2013
9794
1396
3684
5113
729
3593
2649
1245
4480
7261
2019
9367
7101
9546
8902
6521
2884
1920
1741
9526
2398
1581
3052
1700
5840
7129
2185
1400
6675
1668
8274
2466
7414
3127
3896
1863
2334
1597
8738
5764
7448
9296
1620
3407
5281
1200
337
4177
1912
858
2140
10000
1064
2588
19
9517
6038
4274
5375
6405
9689
6576
6697
7644
4620
8939
7418
4765
8687
9813
6705
292
8515
2285
2116
4664
4475
476
9983
9961
4005
6638
4237
8818
7057
4535
5531
4982
9235
6677
3564
6572
8704
684
4649
984
5627
2834
9714
3238
8622
2905
6426
1762
7224
5303
7420
4724
7203
8200
4165
7525
263
1660
2256
1654
4855
1062
2724
6505
1475
7355
2485
4685
679
7651
2663
2252
2903
3782
6732
42
2503
7599
7805
6489
3138
9275
2579
8626
5470
4384
4014
7452
9730
1536
1852
6056
9259
5863
4362
4819
2341
1528
1959
9457
1371
8083
2182
4302
8851
9121
9261
8535
8469
818
9049
8040
1874
2263
5608
1206
1249
6914
9287
312
1312
6896
5855
6496
5634
2719
5724
8996
1856
2371
8802
5859
6230
9510
293
3494
5894
9228
7875
3343
1714
5222
5917
1310
2273
8995
3493
2295
8515
2788
4977
8021
5156
7762
1188
2371
6960
7098
4979
5125
6149
2197
9168
6195
5409
9742
7983
1217
4133
9538
309
3322
9528
1242
9408
5969
8465
1818
5244
8046
2058
8596
5876
5847
5824
3235
7185
4267
4072
3319
2301
1960
7301
8383
5571
2850
4043
3083
973
2072
3445
718
9607
2616
6225
6790
2397
474
6987
9215
6948
494
730
1712
3106
6852
6575
3665
8163
1699
273
1939
7104
4067
7495
6764
5859
406
4220
767
2514
9172
1534
4334
2543
3570
8594
6853
4068
5843
9813
1115
7109
3037
6768
1642
9247
2277
7991
195
3959
7715
1022
373
3348
768
177
5739
5952
7647
6050
2830
8629
5466
3414
6441
2795
8576
6578
3176
3442
415
1703
566
5110
38
4234
4421
7075
906
3135
232
4634
24
7576
1962
4863
5569
3273
5058
6949
8759
1986
8752
5713
4565
8741
7866
6743
5075
5797
8922
8039
9504
8978
3828
3461
9345
6147
3811
6840
4476
3001
2030
88
1547
9821
6227
1524
4337
8817
369
4663
6541
4400
4917
2246
9086
6111
689
4000
789
50
8443
5380
6879
2425
4952
7284
194
4577
2109
9224
8616
4580
3962
4258
4194
6246
4954
9773
157
8820
9730
8098
84
9268
2858
8151
2627
7489
1627
4357
3018
1620
5526
4752
6072
3409
9358
5390
34
3702
4241
8247
8540
9296
1854
5534
2599
1264
6788
8739
7886
4430
2694
5308
2528
7214
5574
550
6117
1293
9724
3264
216
1512
8816
796
8719
1840
6639
6843
2936
2879
277
5083
732
507
2989
9178
5305
3207
7073
7490
4144
2537
773
4078
8878
5954
4386
9320
9755
9295
2106
4557
4683
7389
1922
4542
4629
6133
2701
6271
906
9540
4256
638
1921
5642
2023
2209
2047
3426
5767
3933
2600
547
445
7504
4601
7319
1667
2139
2936
9279
5965
3984
228
3016
9016
3024
2632
9071
70
3100
9156
1551
6576
1663
5757
6645
682
8583
6209
4202
8952
7755
2819
275
5220
6360
9391
1080
120
1346
147
8895
7064
3738
5901
9643
5351
7155
317
3859
4034
9174
8354
1437
598
7406
9782
2545
2431
1869
3132
6615
2755
4858
7228
3697
3913
1311
5636
230
1532
9679
6836
5368
6789
4257
9363
2350
9828
6659
2564
744
8911
8937
9059
9530
8292
8423
3763
403
6844
3749
7590
9004
5373
4052
6193
1798
3500
5155
3760
2392
8082
831
8024
3707
1072
6471
1596
2199
2424
4320
330
1133
7292
4205
591
8832
4228
5057
8464
6146
5131
8156
5449
6316
2858
6409
2648
169
6989
7721
7756
1005
2063
1427
4616
3766
4168
4076
7041
494
2243
3093
4121
3206
6641
1653
8888
2114
2714
5665
9087
5979
3532
8407
2328
3148
663
2224
9961
879
9069
3130
264
2334
6019
640
5069
6142
805
5771
6469
4661
8774
4370
5525
4317
7681
413
3556
8744
1543
6252
9359
6718
6142
4181
901
4334
4487
3989
9760
8863
2952
4706
1892
3723
397
3902
7784
6145
100
9534
6242
6154
1834
4067
8707
2776
6318
3469
6585
79
9191
6217
8158
8330
1547
5075
1218
9761
6049
5717
4967
1011
4324
4976
6091
1354
677
6287
87
7504
1424
6956
4446
1441
896
8437
7510
3402
2551
5993
4483
5091
4769
9954
5836
6484
3593
3525
7214
7138
3542
6689
7105
4568
1774
1427
5432
1573
3624
5865
5290
5437
3286
2640
4114
8056
1059
9279
327
1131
7148
8989
7605
3910
7995
5607
8070
5447
4269
6782
1318
966
5708
3025
9346
5388
1555
8181
4984
4029
1092
6464
7333
2004
6670
6087
3654
167
8843
8209
8397
7161
1814
4746
3866
4225
6093
9533
6164
1876
5761
6286
1360
8106
5284
3801
3332
325
7427
6155
4121
1612
6438
9732
7936
4225
1989
3684
2983
6687
258
3628
569
3244
1429
5723
347
295
5080
2326
5362
7559
8363
4357
4572
7214
8187
2726
830
6899
3083
8152
1000
4226
8553
2731
6550
7838
5022
3119
6859
8453
6392
4165
2797
7440
2509
3943
7667
5453
4776
8408
936
1332
8905
4925
7949
5812
1669
8897
8733
9599
7529
6239
5895
4416
2436
1012
6742
7954
9994
9358
6919
535
2214
1675
2080
9416
5472
290
5482
9595
5789
9549
7510
8664
5300
6815
2649
742
1963
7625
8669
4338
2113
6385
3716
4816
3777
2377
6408
1161
5172
8074
5827
9128
1822
5127
1910
4481
3221
7512
96
4133
541
5873
4938
7197
6242
5109
9957
7406
6048
9843
2993
8549
1561
2658
6240
1280
1747
6487
8505
6513
3294
5062
6931
9418
4135
465
6204
9665
6999
3608
6987
2243
7875
2649
723
2079
7416
5603
621
5459
9479
3593
1133
4935
4272
8572
3124
682
6981
845
7927
8453
4247
5839
3823
4880
7452
5006
3040
3768
2873
2829
3098
11
5344
1992
2820
8317
5950
8457
931
5137
3762
5165
9814
8332
5695
5359
6927
6991
8509
640
5712
3106
130
2641
7354
7729
4586
6975
5092
8185
8529
9346
3422
6783
249
4392
397
3199
6116
3091
1306
7487
8605
7473
7573
7336
9149
3922
2016
9993
9685
3124
4318
7092
6393
7029
4486
219
3379
5976
1414
2404
6087
6004
7352
9587
2115
5951
9270
7839
4282
9458
3560
2002
2733
6726
5664
2722
7236
3907
2954
2984
1642
2258
8485
2190
8837
493
2907
1027
5401
5007
6590
2596
565
4146
1544
4277
4243
3810
7969
2963
3543
4575
8828
2557
575
2390
848
8136
4067
5846
9437
773
6485
2161
7776
2778
3793
2134
7147
354
2035
8363
9493
2135
102
3380
6612
4990
644
3450
773
7102
5520
8319
421
1296
5525
3030
6836
1762
3642
2417
8951
6785
3223
3260
8066
2551
8895
4842
2399
8566
7016
9558
7517
5303
7406
2729
9260
8866
5709
5424
6575
8286
2889
661
9827
1206
6953
2285
9665
6326
3370
2851
748
8465
5763
7817
7479
6220
4902
4491
4135
6183
4654
1498
2475
5724
1575
8225
3044
7886
2101
1120
5744
7993
335
3668
1967
2942
8650
2562
2914
6378
2730
5668
2931
9675
9170
7325
3635
5412
5155
6242
2433
6955
7808
6746
659
2745
1704
5476
9585
2015
6142
5414
8216
8898
3534
2449
3079
6608
8616
6337
7025
5954
125
3563
3878
6941
8661
2344
6957
5574
2293
8514
5100
6281
6713
8678
9764
6070
9101
4419
2296
4379
4525
5692
4715
7045
7784
9807
8253
8441
194
8701
9851
791
4109
7942
2869
3403
157
4745
5009
5224
3869
3056
7735
726
4543
1897
9844
981
8224
6620
449
6260
3207
5936
2410
5897
3270
8117
3852
3335
3668
4285
3770
2865
6400
4455
7555
1019
2848
9628
11
1580
2788
9897
2413
2745
3924
9750
236
1847
9504
8439
4711
6011
5168
4838
4839
1443
3863
7030
8801
256
9758
8732
6073
1021
853
7285
1227
7981
8121
5868
3945
12
2976
2567
9147
3109
3185
4284
6855
7403
6236
2086
6402
8353
1490
6680
957
5242
1527
8710
4760
3425
5699
4990
9017
4003
1583
4297
748
5148
7734
8118
7407
480
6539
2087
8692
808
1576
4322
6459
9666
281
7396
1927
5486
8096
7311
1191
9126
469
9045
1461
9585
6344
7132
9758
6646
5453
489
4718
3227
2381
5627
5332
3006
7883
3793
789
6893
8738
437
7724
7012
5936
4444
7007
8099
2988
4725
916
3365
9334
7905
255
7922
2702
1578
7730
2662
8751
4672
8716
7617
4833
9043
8225
90
8952
4151
9367
3852
6873
9805
6292
877
6338
8657
9818
1197
7779
9417
7274
5676
6103
1321
5863
1011
2966
3801
8322
1872
5648
7580
4931
9255
2175
6036
1092
4821
9840
4099
3588
693
5781
9842
8289
9033
2558
6474
1233
7935
4391
6708
493
3077
2126
1690
8843
3142
3124
8046
7730
1839
4363
4016
1266
1399
653
9949
1005
7063
1360
6242
6888
2941
1642
2419
6647
909
5540
2050
6167
6481
7651
4600
1980
4500
1287
2302
7085
7669
130
9608
7344
6192
2977
349
3944
2877
92
2747
7233
8705
5064
7938
8580
759
8552
2770
6309
101
439
7098
2002
1687
4332
1118
2333
426
6682
634
1713
4142
154
2316
1733
7181
4511
3525
1752
1225
3087
8063
8003
800
8378
9032
4284
7009
1278
3777
2045
7509
9866
2045
2485
9108
2499
4463
6351
7391
8316
3496
7478
62
2695
6469
3328
5917
2315
7579
2406
9130
7193
9814
9322
9507
9353
1489
4330
2984
3128
7479
521
1887
9346
3048
2095
2309
7469
6800
1697
9451
3289
6976
7127
5660
2020
4892
3441
2668
1096
5647
652
6601
5311
8280
2024
7886
7069
7281
7175
6583
3825
4771
8023
4152
5283
166
5117
9872
3664
2693
6136
8725
733
3315
8858
2100
1005
1906
2001
1324
3111
1261
557
7013
888
6499
841
2040
4245
4878
4968
2023
4118
7292
6910
8238
5972
1859
4792
8165
7624
7057
58
8930
5808
4997
5921
8631
4086
4743
2484
8006
2784
8141
8825
640
9213
19
1512
5401
8757
5250
6041
5969
8450
2725
6233
7766
6335
3130
4788
5002
6080
4799
5635
5129
643
97
8760
7129
3581
7419
7298
9185
990
5501
3037
9454
7860
8824
6171
5340
7875
1406
3343
3948
3219
2850
2374
7792
7471
9230
9209
2079
2370
436
3030
33
9903
6678
3213
3895
6337
6832
6255
7052
2129
5624
3596
8393
3458
7760
5590
4247
9502
5389
3587
9628
8229
8052
7299
2696
8409
9072
7155
2254
9319
45
2306
405
1454
7842
9677
9050
2717
1044
9523
1376
7674
1129
1365
9775
998
8276
1547
4325
7894
4622
5243
8960
7536
1394
5628
9932
2112
6829
6036
669
811
9426
3311
2975
8580
7777
2220
4810
7727
3323
8295
9607
8797
256
1911
2235
2849
1177
8232
6497
8555
4001
5323
9133
8054
6629
8639
4237
926
6907
3359
2484
5269
3186
1008
8736
807
8823
953
9331
109
3072
9637
5768
966
6646
3635
9536
3564
2908
8527
9629
1729
9911
6729
8545
8121
3132
5108
9859
6643
2954
197
9649
1893
1538
4671
8173
2665
4692
969
3979
9781
3804
329
9947
2977
1114
3213
6299
2732
5262
5764
9360
1165
9956
2956
9263
3910
611
3970
9107
1454
5355
6640
6596
7470
9833
8703
4894
5808
2042
3390
4424
7274
1023
1998
8075
8093
7662
4886
5021
1969
5989
3951
6781
5299
4799
9583
6534
9423
2918
9140
1655
1207
2304
4420
9834
8450
6022
5001
4405
6441
9077
5758
4454
5049
5362
1710
1881
2714
2329
7427
8265
4574
1010
5995
9503
4382
3013
9284
8517
7258
2858
1019
5447
6110
3446
4465
7949
8099
1017
135
6859
418
9855
8318
6597
255
3457
7508
3320
2312
3016
6791
5571
8495
6804
9427
6701
3318
1173
7645
5560
4456
9430
5654
6643
9891
7791
6330
3154
4751
7507
2697
6819
6819
4748
9288
7547
2490
9337
2653
3127
1248
1671
9899
4202
9766
5213
4373
6056
8692
1409
7087
787
5931
3162
6005
3359
9879
8791
6698
8967
2787
4847
5121
3232
8328
755
2298
2385
5877
1440
2044
3878
2713
151
1706
5297
3044
3205
9970
8556
7981
4284
294
1888
6440
4036
9955
4899
5330
306
5539
9045
8055
7397
3896
1795
9534
6600
284
6189
7620
1312
1322
1777
2988
131
251
9220
2896
1529
6028
6858
2829
7080
3036
8312
6361
720
6108
1458
2340
7630
1049
4713
3628
9924
5419
3712
5824
143
8563
1131
5290
458
9824
2079
6570
8927
4321
4356
7358
6796
3399
5626
9398
9205
8508
6650
3982
6430
6664
223
938
5710
5836
8021
3201
4652
7551
396
1775
2183
1972
2201
1969
7895
3104
8664
5549
1828
6731
2858
2154
5097
2671
1348
5728
3811
6165
6255
4013
547
6976
7410
6549
1806
8542
5367
1691
2768
1639
3233
7336
2105
1844
8956
2129
7396
8582
2298
4824
6319
4042
5744
4962
387
8281
1410
2704
8740
8339
4057
6006
7430
4732
1452
1290
9599
9777
9916
487
9863
4101
2089
3787
3817
5688
4211
4984
9498
1375
6404
1038
26
511
7038
8337
4063
956
2231
6443
8393
4306
259
7745
7246
7746
9160
6518
8518
4031
1591
2811
774
3599
8753
730
5510
4952
8870
4912
4802
1017
6070
4787
623
2696
730
4794
2254
7156
5836
3599
1318
9941
2402
4873
7788
973
2
8688
904
6564
609
4826
8592
9998
2925
4901
1944
8859
7674
8972
7035
6217
9607
2339
9613
3409
8575
8045
4537
8263
971
8938
426
9442
4081
3042
4910
8401
8615
3061
5729
5261
7756
1168
7295
5036
141
3650
4604
4549
3267
8545
1833
7673
1378
5353
8855
5281
9996
5860
3727
5629
1949
7347
2668
1137
7141
6491
9154
1319
7005
8741
2156
2482
4712
5603
1395
4497
5463
8360
4702
3380
1833
1512
2105
7947
5965
4809
5678
1650
32
8502
2753
70
2027
4060
1181
5329
2644
9046
6502
7331
7394
2544
6036
14
3980
8066
7950
4065
7540
9696
5824
1116
4314
6216
2682
3746
2610
6462
5170
5445
7524
5359
5368
541
4993
4236
6904
5051
6410
9315
6126
5261
5375
5548
5153
8120
1331
9626
3917
9599
9169
5581
45
913
4272
1422
2416
9461
9
384
906
2047
1370
8768
4250
6625
3533
5966
2054
1714
6609
4839
4145
2144
653
9427
4350
4919
5920
8397
8007
8208
3901
3108
6441
8934
7095
4822
9258
8717
60
4543
6931
2794
1832
1205
404
6373
8252
5999
7198
224
4115
3826
3034
8900
6015
811
6506
9541
9114
8544
8777
3887
9321
7253
7740
9015
2350
7591
8311
4385
6487
3810
4115
8492
5214
8782
4070
2683
7370
7889
4579
4397
7292
3637
7670
1541
2711
143
3067
2895
6784
6107
9564
5020
211
965
7313
5580
8377
8730
2979
7574
9395
5993
7084
2387
4945
6736
939
6222
7896
8747
9472
8663
4420
891
1252
3595
9515
7964
9725
3278
6496
3864
2114
5277
931
5085
7128
9440
7662
5586
2737
6669
28
144
7259
1612
6730
2228
2823
2373
9575
793
9525
4632
8750
188
3810
8503
3788
376
3502
1698
459
5699
200
3892
2898
1449
7075
7134
862
7868
6305
5184
913
9873
6760
8068
2458
6060
4009
8801
5506
5496
5018
8232
929
1731
2610
5114
2367
2273
3437
1726
8114
3525
9141
5421
8985
4170
4681
8169
5577
638
9324
7059
4364
6633
2871
5885
4963
8234
1132
1574
7046
1096
6711
5536
91
498
5844
8792
4221
7213
2124
565
3792
5579
1408
8843
1727
7247
8034
4713
9770
5068
5527
6198
9349
6286
4454
2325
9675
3046
4047
7080
3447
7548
363
8222
7595
1630
3717
5743
3365
329
8405
7400
5104
2848
891
9231
9972
199
2162
7889
9501
3843
8189
7656
6204
7910
9352
4788
212
5051
7372
4630
7511
3103
1286
1517
1810
5440
6010
4205
380
1397
2302
8112
6862
5172
8735
9326
9929
7660
9221
381
1254
6679
3287
291
9567
248
3194
6416
6230
3272
9296
596
8216
589
549
1153
6352
8514
828
3264
3309
3097
2669
7354
5274
8336
9184
3364
7058
589
6287
5749
8057
5360
5529
2490
3266
6407
3452
6806
3796
4646
3104
2974
8524
4661
6825
2771
5951
7369
591
6181
7943
6412
754
4177
2113
441
8356
9648
1202
20
3455
621
8234
7047
4836
7998
5447
8183
6866
8108
3774
4030
9417
7709
3450
8158
8397
7867
1656
7955
1553
1653
4908
589
4513
4906
2082
2409
2539
3447
3487
1404
1333
2460
3689
6312
7356
6599
7093
1162
9785
2911
6188
9819
8191
4183
2279
705
6084
823
6623
9515
3099
5083
9435
506
4960
528
2974
9367
8727
9699
3955
4602
9347
1138
9457
7512
3685
9701
4882
90
5612
4274
9203
4184
5230
1853
40
1209
3870
152
5059
5667
4722
7967
5628
3498
4346
2052
7805
8242
9390
5468
1513
125
518
3497
9238
2676
3691
5089
8041
1176
8418
4679
2271
8181
950
8433
771
2216
9912
3905
4692
9835
9076
5698
8138
1131
862
3405
5326
64
3628
977
2033
9176
1291
1007
4394
819
2447
9941
112
3313
1793
7604
295
9118
6761
3762
4166
3851
3265
1424
4758
711
8384
1875
4917
6331
6386
4167
4829
6894
4274
9487
2744
6523
3720
6070
4795
4178
5708
1933
382
4366
5700
5189
689
9618
7689
6959
1495
2030
2760
1141
461
9121
483
1825
8200
9831
7178
1624
4458
7219
9486
2826
7489
2985
6860
7782
8877
9200
4849
7343
235
9424
2328
6188
5601
6739
6730
6372
3639
8782
6029
5857
3529
7881
7443
3964
6488
9019
1373
5467
1615
922
9485
6088
1535
8738
7778
683
99
6970
4150
975
2437
2845
1236
7188
8104
7293
7875
5257
7470
2888
249
2143
6135
9820
9644
8571
2071
3914
839
7381
8207
4765
2196
5834
2797
988
8991
5750
7857
1715
6256
5363
785
9660
6450
4573
2712
9429
4759
3917
8493
7844
2647
9652
5154
596
7763
1767
7756
8964
4058
2609
9080
3282
7791
4028
1105
3716
4544
3220
3353
5617
8432
5293
2972
2424
5321
3482
4162
3694
1869
266
5876
234
3878
9840
2915
2753
8406
7293
6766
458
2739
6823
6649
8276
8456
5832
7649
718
2231
9175
7940
5238
1636
6518
6441
9932
6721
7967
3412
2273
1145
1920
2781
9850
4544
6926
6867
1217
2298
8622
1471
5637
5130
6760
7604
1709
1923
6281
2569
2987
9822
673
5370
5661
5432
2795
8845
124
8022
45
5516
8227
2765
9040
6120
1128
5480
3697
8002
2819
6441
4590
9340
2579
9819
7304
607
9567
2960
7454
5570
2182
4797
3058
1893
7778
461
8702
4427
7971
2503
3803
7111
3556
5334
9484
8673
7538
7380
1817
9283
272
7717
1785
2311
7968
2331
8672
205
4436
6101
7253
1589
8226
1225
6009
7497
1869
8377
9157
7468
667
4270
3602
911
1068
9970
4897
3862
7862
6823
3528
4662
920
7618
4364
8736
159
6227
3840
1842
435
9611
2992
1543
6216
6965
8362
3869
1436
2202
9927
642
3925
3951
5245
3882
621
8990
3394
6252
2589
9958
6961
7991
9879
6188
1405
733
4858
1795
3363
6
7409
4252
7327
2468
2495
3935
6835
4380
2046
7951
3818
8243
7868
2435
6623
577
7073
5846
2215
4177
533
2032
7983
6369
9684
4393
1739
9009
7814
3418
4460
1737
7294
7713
8892
8982
8951
5350
6599
1731
5658
4331
8344
8665
1284
7447
8981
1734
7088
9956
2121
4984
9272
5588
8774
2756
4602
9257
2553
1884
1774
9385
3473
2626
7733
162
6010
5259
1757
9260
3252
4892
3041
5914
1501
7383
586
7615
8518
9783
4979
4627
4573
5456
67
272
2760
4397
5468
488
6686
6953
2982
4445
5038
3487
6053
6405
7145
7244
4958
2511
9651
4235
4413
8526
289
43
7212
6070
8133
8531
4512
5500
7858
3292
8937
1840
8307
3031
9180
5826
2980
8878
2445
4040
5036
5009
198
3825
6435
7017
8030
3520
934
9268
2334
818
5976
349
8850
9744
7255
6474
3480
5594
2883
3576
881
3672
6204
7772
7418
409
9036
4200
1774
2225
6913
3333
2718
4918
5012
6866
9710
2468
9940
1528
319
5657
607
5667
2668
9524
6828
3920
8298
6743
9929
7578
9256
8151
5600
3412
1409
5291
5369
2208
7153
8560
7305
9203
8816
5445
189
3466
6345
3431
6951
7504
6285
9593
7772
9542
1797
9552
5451
8476
8603
9007
5899
772
619
9831
3293
6676
2312
7588
6376
4759
2464
4933
3648
923
2455
6766
2791
1989
7645
5799
8791
8297
8257
7142
579
2118
9468
4255
4492
7671
8088
7345
9785
9878
1157
668
2249
2579
4367
784
6428
4026
7191
5840
9527
5961
8142
8529
2474
8581
4020
9268
9447
545
6720
2238
1056
5882
4459
9147
5432
6221
7885
6012
6728
6128
7507
9160
8876
6529
6963
8140
6518
1715
6639
7262
2263
9642
9845
5799
3189
6534
1366
975
6449
1082
7043
3993
7454
4466
343
9249
1803
6386
5894
7872
7224
2916
4860
3166
127
86
7621
6987
7280
3077
6701
8533
5908
1842
6586
2849
6669
3178
4209
1409
7586
9777
3114
8381
9357
3917
3650
3874
7830
4160
9323
8599
4302
6955
9015
4060
3756
8037
3492
5129
6343
3873
9768
5100
3921
84
2572
1165
6549
9110
5636
4286
6944
3503
5031
20
7101
6068
6358
112
1839
4845
3801
6549
7518
6863
7290
9199
4580
6335
4638
8849
7083
4249
1682
8525
5491
9458
5673
7362
6744
2140
7353
8225
8460
319
2598
5594
8394
7382
6377
1333
1426
525
7725
425
9758
9186
3402
10000
3171
7344
7741
1863
240
6490
9937
3491
1351
2475
355
7732
8797
8032
4129
9866
4407
8732
5133
3785
563
6420
2587
1404
3571
5865
7216
7637
7185
7417
2634
2630
3201
8844
425
6257
1388
183
2974
5595
8288
6972
7037
6952
7941
6286
4214
77
8031
1524
3755
5356
5889
2809
6278
915
9608
5875
6795
3798
52
1272
8917
3990
6909
9407
9443
8127
1690
1854
8804
7420
3371
2143
4480
3517
2559
820
8968
4763
2364
6346
2113
2529
1083
2790
2384
9308
93
8480
5413
2181
9511
2458
4441
3700
5481
2673
1682
7820
5150
8978
1694
7452
2420
2893
9448
300
7633
4057
6307
9602
2634
7500
3069
1964
9317
1860
368
5925
5227
5567
2804
8256
508
109
2770
1590
8444
3639
2719
8282
9405
5256
6579
4373
6529
9889
9331
8489
3802
5453
3974
215
5888
3300
7774
3967
6307
7497
8280
4127
5134
4074
795
7658
9859
1433
8166
4683
5945
5773
6134
5719
157
7237
7642
2385
917
7883
5093
1479
222
1538
589
3596
1353
4574
282
5530
8573
9441
1762
5398
5372
1803
2158
5313
5355
2825
6060
9495
8380
2487
4615
9958
1249
1176
6776
5904
8618
8157
3200
7026
8995
5182
8140
2819
40
1748
4506
2106
4094
8105
9912
1922
8887
9701
4336
8842
115
5947
532
2275
6414
8417
540
6546
5789
8128
8466
1490
2869
6879
3200
1895
325
5647
915
9055
4874
2227
6144
4164
8673
9828
3483
6922
2437
1973
7942
4002
9334
2145
1611
621
1791
3722
390
2000
6669
3722
1613
2021
880
8060
3142
8103
7102
2155
6631
4971
7241
7253
6312
125
13
5041
4504
5177
6263
2996
7256
6954
279
8144
945
9833
9666
3469
5387
1231
4523
5205
7574
6581
26
757
2887
2102
6556
2285
4669
2859
8002
6211
3612
6093
4517
6498
9087
6410
3490
7001
8519
6866
6149
5209
7589
2763
9278
3841
6052
3757
7996
8460
605
4422
8203
7560
1001
942
4696
4293
437
3045
2601
8607
5796
5243
4136
5824
1963
4320
6255
3716
781
3117
8788
6741
3769
8903
7854
6054
5059
2487
1842
8694
8184
7200
8612
1167
6128
6360
1065
5240
7459
8167
1313
7013
4060
8501
973
6448
5712
1230
9848
3290
844
6947
7815
9053
5734
13
6561
7562
3514
917
763
2415
2212
4041
3226
926
5739
7010
9534
4120
7966
1759
8814
1715
5623
3086
3836
6273
1973
3407
5875
776
9782
6661
2389
7026
6423
9470
6539
1868
9725
84
7741
2360
1365
7110
9654
935
6352
6748
4149
7079
5182
4445
1850
868
5558
5485
5393
1918
6432
5761
8333
9765
8589
1631
1986
9957
8517
631
6361
7489
3357
2876
1466
6941
272
234
1629
898
8291
1771
3365
5313
1865
5461
9025
1079
835
8351
8110
1703
9802
4960
666
4763
7389
2405
1617
7987
524
1634
6255
6877
9916
7149
9733
7576
1840
6157
941
3126
3789
554
1495
5907
7852
8482
414
8366
7997
9665
7812
5752
7506
6036
8211
7737
6712
6915
837
7206
1890
8970
4955
8923
8548
1824
926
3750
4234
9619
1281
4117
3096
4520
5030
9232
4963
5948
1366
4772
5920
1836
8388
5722
6505
8100
3866
7495
8318
76
3839
2689
4095
7984
1922
3438
4365
4257
7629
9458
2522
9610
5454
1454
6822
2456
3379
1767
6252
8874
2631
229
6374
2868
7495
7800
2875
6434
8507
7645
2973
5835
7414
3665
946
3018
3873
6475
8443
7087
7142
8730
6648
6582
8971
7068
974
1243
6390
6395
2141
9859
311
5949
5346
1387
5929
8630
2988
5649
4634
3081
2805
6768
7109
6713
1166
4687
8962
8536
1017
3716
5965
4110
8673
2152
2429
9895
8704
1171
3967
6692
5190
1482
4993
8390
8470
2694
4730
7926
6936
6355
9776
9945
7167
8712
8849
9667
4647
197
3026
6569
8671
4675
7835
968
3168
1393
9534
5680
7430
1960
5756
230
4405
1133
7501
7633
8723
9372
9132
395
5303
2492
5645
5023
1872
7652
3845
8495
4073
1645
1376
7912
2454
9002
8894
1388
3901
4917
2863
2505
3483
4648
5020
3627
3068
9579
2712
7041
7277
6443
4780
3513
9878
7022
5321
8526
8511
8055
341
8478
9995
6536
5002
7034
2339
3324
5297
1901
114
5774
6700
3061
9234
2244
9686
8830
9961
9994
3999
4018
4986
8453
9419
8757
2441
6381
6292
7479
2
9911
1035
569
2244
1172
6789
6678
7487
8707
4403
1728
5278
814
2567
9867
6241
2981
6218
9473
7881
1742
8075
9397
5324
1845
1009
5125
4959
6498
2147
6367
7881
7364
3113
1966
1649
5463
3300
1553
1795
5637
566
2621
7964
8011
1293
2068
711
630
9585
6081
4437
8367
3991
7737
1916
444
7825
1714
3512
5399
3872
4080
8843
4846
5906
4996
5866
2348
9435
7761
3438
8000
5881
763
9091
2383
6009
9563
6575
6093
9566
2523
9013
7269
4353
333
4667
6591
6903
1918
8649
2162
6865
7085
5518
3492
6214
4460
370
6719
467
8058
4797
2
9610
8860
5786
6985
9167
6367
5450
3876
286
914
9456
283
3802
9112
9812
2389
8032
2042
5786
1932
3743
1674
4730
6690
7734
6683
9662
5261
5597
7302
9605
6105
3410
2265
1246
7659
1797
8206
9282
6534
2011
6288
3319
7772
737
665
9639
6019
7505
1770
4390
5913
941
3089
2940
6833
8720
4183
6860
3882
7730
4961
9087
296
4835
2267
8103
4388
2331
3733
7672
7854
2389
7722
3921
9541
3072
4319
6573
3953
2646
6558
6131
4426
745
6418
4942
5648
9930
376
3455
2998
3642
9079
6518
8768
8648
9232
5728
515
9214
6681
2416
1919
7410
6587
9635
5544
8724
8565
6037
3392
2088
6965
776
8087
1759
8794
3779
9230
2716
9886
855
532
1891
9095
9817
4434
2958
5404
3197
7903
1744
1165
8281
6368
1329
2192
9910
5450
7283
8174
8207
5318
1188
3688
5964
3145
83
3324
836
2320
3591
3964
3995
8574
4238
2815
9430
3082
1088
2696
8968
7336
3242
972
9229
9612
8251
2882
8034
2563
4604
9054
7579
2844
6789
5613
4125
4453
1521
9234
1842
7627
1988
9056
7205
2407
6260
5747
4656
2702
9170
9156
961
7841
1752
8801
7157
978
7415
2228
36
3004
4954
3933
6565
2329
3704
7108
1332
5015
6427
3598
6218
5140
2043
7172
6363
5766
5891
5372
9269
6671
5026
3144
982
8660
3726
8023
8038
3503
5013
5273
2214
2032
6383
8210
2617
2380
4329
2164
9432
3779
5900
4288
1860
2056
4561
2281
898
5126
7090
4734
2864
9786
9518
9808
1664
4091
317
8077
71
3132
9216
4235
964
4567
3450
5583
2480
4594
2147
3795
7507
2150
468
7314
5730
5458
7280
8181
9064
2433
7405
962
1636
2445
6855
4363
6407
3551
9414
5350
6767
9225
6044
8237
8502
1429
1080
5894
2043
4547
2920
4808
910
8826
622
3424
6152
7705
4127
5327
308
3621
4029
3139
562
5268
4697
7978
9655
1456
3658
777
2442
4967
5887
1626
4504
6563
131
9682
7527
7514
5563
852
9335
8395
2388
2065
8925
6476
2551
8710
9389
4711
6975
8917
1118
9835
738
4209
3704
50
2239
8262
3129
4904
3690
1971
9500
8735
1284
8038
3791
1081
5185
9101
8811
8134
1095
3108
4536
3774
468
1922
6701
4492
4505
6986
5414
2764
3612
8995
9572
2452
4430
8574
537
7617
5907
7285
9582
4512
9341
4255
7278
2198
4777
7187
3919
6763
3011
421
9955
659
627
9084
1232
8311
8034
5252
8719
2103
7172
5995
5001
3333
8217
1646
4271
1520
1403
8877
5850
8983
7519
8217
6328
3062
5017
6909
8209
9011
429
9922
6729
1944
2789
9112
9251
5360
3528
6212
1414
9852
2900
6485
923
7581
7853
2432
9043
8962
6675
9530
4222
6558
8916
3114
4618
611
1740
833
6340
2973
3520
5399
6771
7512
2378
9149
1416
1386
7070
2693
6905
2677
384
7485
7779
3324
4941
7000
3990
5543
9824
8608
4125
468
5467
2692
2899
2555
7603
6879
9072
9930
5950
2140
7626
1871
3157
5420
3859
9977
9109
9326
9038
1914
2485
9514
2102
223
9771
8005
5407
2435
1382
3070
6005
8717
9708
5528
7635
922
9033
5932
110
4657
8113
7034
7181
4713
6581
629
1666
1140
3269
150
2017
1914
4403
9473
5375
7583
5877
3434
7152
1895
1922
7234
116
40
2629
3424
9211
7864
5145
838
9326
5785
8701
1111
2657
6636
8262
4431
9257
9393
6338
1815
2995
3347
8971
5420
6656
4035
7339
2635
9411
7588
1574
8750
9762
9668
469
6998
6073
8094
8356
1073
4662
4818
3410
8985
5920
9010
431
7818
6790
2199
1091
4224
4291
5148
3930
2351
1409
1492
2957
5294
8123
2245
8277
8201
8727
9304
7466
1380
7706
9217
6424
1418
7234
2327
3285
5322
7917
9949
9925
9589
1240
9392
2590
4395
5078
1921
2624
492
5036
4242
3264
9090
8660
5490
6452
3247
2647
2352
9713
4284
5707
7425
7826
2668
4851
5826
782
1482
5567
1733
2527
4660
8605
1747
7979
1056
6537
6164
3595
1184
165
3118
7493
2877
9867
4306
5867
6864
1587
9450
2313
2766
5423
8189
8948
5739
172
1467
8147
574
4139
3031
8163
6766
5133
1333
5139
6755
2081
5038
8079
1480
1040
7377
4466
1521
5647
3830
4098
194
9711
3500
5544
4295
3843
5114
9542
4006
4364
695
2416
9673
1301
5210
2490
3138
2346
8299
3130
7642
5804
7019
4944
2387
7132
3968
3150
6001
4959
6969
7406
3129
7437
9326
5715
4465
3112
5035
6424
2495
9936
380
4902
4590
1667
8157
5978
5983
9324
5405
4352
4443
8700
7590
5920
3556
3062
7948
4549
1744
9115
1225
3858
9485
4798
1777
2038
2520
9870
3308
7350
5015
9776
5510
1960
2682
6502
3963
445
9905
8301
9925
7964
8829
7049
5505
4055
4618
7918
3239
2069
5446
3385
9618
5195
1125
8688
4464
8111
7986
2088
9399
8892
7003
3682
5880
6933
2221
933
3981
6634
5774
7851
707
9218
2654
3084
9310
3547
4764
99
1305
8626
4768
9647
190
4419
9752
6411
1975
3564
8737
2062
4443
6282
4939
3092
3670
1991
6442
82
1425
4016
6497
619
4882
5478
3978
3573
7557
827
5833
6043
7845
8125
7421
5632
3355
2271
7564
9811
4669
8643
5985
9703
1794
441
3904
5478
634
9353
3308
8177
3714
3736
4668
3364
3946
8735
7595
3731
344
7458
3592
4976
5393
3317
9291
444
8214
7400
5038
5759
9313
8835
8116
4713
7977
9440
1319
7816
2770
3047
1137
2038
2581
8430
425
6471
8929
2233
4543
2787
2768
2724
3414
7482
725
1138
4725
13
7726
5835
8281
7561
6776
2579
7817
6464
2944
3686
8430
5077
7399
6462
9800
689
8088
5615
2211
4846
8754
6757
6138
5732
8383
8777
9597
9008
7219
7524
136
7118
7880
4585
3913
9404
930
5512
3077
4595
117
6726
4813
5059
5088
5685
4546
112
9441
421
2218
7149
5691
2229
9439
3381
4117
6191
8042
5440
1240
8499
9940
2183
492
4921
6403
9594
3629
3724
9885
8738
5186
6335
617
2842
4855
3857
8496
1469
501
1833
4001
7225
7524
9846
5093
2395
3985
6365
8664
7582
3024
897
9743
1815
5851
2177
2897
2456
9120
9491
1117
2651
1142
7192
864
9851
4477
433
6005
2070
7165
2384
4499
9733
2732
9748
287
9153
8957
5256
9169
2357
8045
4690
2889
1196
2205
1229
4776
5883
2912
3461
8995
3335
4159
453
9164
5095
3941
1389
8909
2564
5444
1473
7252
9470
4550
8299
139
1857
1901
7737
593
5573
7951
7160
3401
2651
6929
5530
5099
1334
7118
3226
9718
6716
449
5229
5767
6149
2170
8685
6420
5382
7997
1036
3296
682
1448
8834
7483
7983
4731
836
1443
4810
8219
9456
4751
9216
5205
1535
6964
3633
1516
5185
4080
5275
7183
5612
7863
505
7436
3870
3004
6213
590
6497
359
9587
9850
3846
85
4763
524
389
7953
1075
3484
8623
4044
1502
5574
6928
6727
1493
2082
3112
5962
7723
7741
8297
9566
7441
547
6973
2278
1071
2485
5321
4311
2042
3965
749
4652
873
1631
7894
7456
8700
6241
6052
1029
2561
1202
4130
7831
6111
5324
3565
9064
7389
6155
9193
1520
1923
6680
3606
1919
3098
2092
7919
8180
7324
9301
6343
4630
9939
7340
1862
8425
4953
2405
8260
8394
1651
4327
8076
2836
3217
7172
801
9510
2291
901
258
1205
8542
2795
113
3069
8574
27
6768
3965
809
9301
8589
5959
7323
6015
2985
9714
3492
8943
5372
1032
5556
475
8249
2492
4083
1192
4584
8360
5446
4302
4285
2058
4325
2104
2596
2602
4016
4113
6765
339
5902
2193
5770
6181
6516
231
604
6720
9811
1486
5432
9168
3959
1862
7551
4002
6993
9232
7718
2463
8084
6900
5823
1701
3509
1491
3654
4805
1902
7894
7337
5710
2442
4164
7334
3211
5307
7221
8179
632
5503
37
7311
594
7186
7641
8482
6125
1947
537
3798
4747
1172
7397
3843
7161
7547
2747
4124
4514
5800
7034
9448
6818
4541
9295
2380
3020
1392
4652
6100
100
6632
4600
9500
8140
3328
3108
1209
4503
4249
4007
6679
3783
8861
5338
9528
5624
5225
7702
5192
5135
9384
2637
8845
231
6456
7356
7620
5266
2354
2389
2678
7452
6745
2790
3442
2189
9715
3888
7160
5786
6112
7842
9600
5085
8750
5971
7113
1810
5845
4795
3514
6371
7093
648
1345
1246
5096
1481
6699
1662
3654
6222
7592
255
9773
6401
8641
3250
7815
3374
4820
864
9546
7531
7777
1709
7749
704
5212
1333
3289
2414
662
3188
4140
1996
2323
4613
8709
6746
5550
8593
2215
4135
1269
4455
4519
3706
7949
9054
6661
8136
3759
8044
7063
8141
7423
7521
1928
8469
3854
1442
9867
428
2397
7462
2226
5748
3471
9353
4449
6637
1494
9914
1688
1592
277
2716
2254
1424
4957
4293
7930
3855
1999
1166
1856
6148
7605
2887
7671
8229
1586
1143
6709
8191
7892
4836
7045
2175
1691
9106
7227
5350
892
8714
6289
3076
6304
9946
1854
2383
3772
3998
550
3440
9386
8676
447
3779
6281
240
9357
8940
9077
5986
9216
8150
3946
2683
5506
6731
5366
1192
6694
6158
9399
9224
8822
5043
1217
978
964
4460
8406
9868
5025
5745
5960
237
8330
4694
180
9140
3441
188
5240
9538
2683
935
4678
2853
9962
6601
3458
7631
2309
5842
2607
596
5534
2311
1517
3129
8854
5022
8485
8102
675
1096
7999
1804
9340
27
6698
1900
3356
5993
4577
9231
5945
4071
1396
6341
6080
610
8133
7687
5794
2598
7274
6086
4621
5203
9515
1136
8646
6619
6242
9030
1699
6526
378
435
5942
2734
605
4578
6923
3022
5231
7990
6962
6683
4872
1185
8063
4363
8293
6654
8952
8762
4448
4544
6843
6109
2008
4297
5038
9076
6871
3762
7548
73
6340
6487
1436
1746
1905
6440
3690
7183
9667
8685
3476
5887
6998
3622
1434
240
8519
4221
1083
228
3763
7300
5545
660
6418
2146
277
8425
8038
1711
6288
6758
7631
5843
6129
3471
6638
3764
8865
9519
8869
8092
5271
2885
5698
3887
1509
6933
156
4819
5592
627
8862
9532
7471
7163
4938
426
7631
8113
9031
6873
7038
2348
6398
5136
4814
9039
7485
7217
9789
5751
3685
2380
2453
1060
4611
7766
9079
7845
9817
4542
7245
8321
7330
3023
7524
7249
708
9865
9119
5734
1185
3760
2400
2389
7895
2517
454
3076
5949
5765
7597
3425
2867
9450
1220
1451
4814
6728
2270
9036
7866
2197
5116
2314
3007
3695
622
1991
8933
4739
300
8158
3050
5825
5572
8239
8123
7768
6841
384
7350
1913
6072
9854
8517
8431
2470
2086
5071
9828
5989
3577
4410
1793
1574
2200
376
2077
800
2923
9035
6802
2971
8456
8968
2789
8964
1626
140
5268
4665
7857
1231
3470
7053
7408
6076
6996
8535
2281
5368
1118
1291
1265
3773
1138
5837
8371
3957
6699
4992
675
4425
5128
5294
5082
2105
854
3222
5875
4688
4680
8675
3813
6689
4841
7496
8608
6791
2719
4835
6045
9532
2563
6092
3947
7537
3748
3845
5076
8733
4250
2223
3361
2120
1399
7436
762
2401
9226
3222
4595
5882
823
5956
6115
2962
910
1389
8942
7519
550
9877
5984
3219
3564
3665
1790
7708
2159
7540
1243
5028
2581
8179
5334
8488
8571
6866
6290
2718
8226
8533
3857
7915
2776
576
4178
3517
4318
2051
5194
2762
4742
5839
1711
1518
6697
6966
4986
307
9237
962
6561
590
9340
7439
2785
9396
1219
8031
2358
9373
7818
6649
6546
4136
9315
939
7408
5305
4078
5728
3431
446
6711
3395
2859
4311
996
5135
8723
5114
5375
6483
9817
4889
3163
8800
4897
5413
6579
6256
9059
8307
9636
7127
9420
1360
1868
7871
8920
6469
1083
3915
1265
478
5901
1931
7817
1281
5612
1839
9256
7249
2558
4512
8762
4365
7196
1697
329
1872
4476
3246
393
4295
2896
376
4805
7767
718
993
2152
2310
5569
3705
5228
3461
1370
3109
9880
219
8315
2070
4807
1188
3603
7028
9085
2263
1655
1361
5863
2819
8909
2889
5073
5143
993
7524
448
1332
5987
5186
2607
7523
3722
2755
4815
3738
1194
9605
5532
828
8051
1469
7410
4510
2319
6677
8591
6221
5864
759
3093
1510
1648
7224
8650
3734
3167
4258
8742
8629
4521
6065
7344
4254
5687
1203
8973
924
9989
6393
5598
5112
2609
9415
5031
6350
8947
2201
2639
4607
3707
5159
1713
8131
9574
5805
4507
5173
9489
9509
5136
6610
3063
1620
2540
6528
6796
9734
1510
9221
3670
4550
675
1213
9280
7013
568
6856
8875
7970
49
214
5495
5100
4784
6664
1311
8300
8547
6668
8393
5967
850
7862
2830
6550
9888
2193
1515
2488
5829
1362
8769
5952
8548
2532
6867
6526
7150
2866
4442
2177
4524
5418
4671
366
992
356
8973
9907
6189
5007
3172
8228
1691
9445
2583
1761
1160
2817
1434
3146
8548
4703
4158
1810
4624
7494
753
7660
6472
3010
1727
2188
6222
6830
5308
3138
7481
2481
3587
7727
2236
3323
7033
4141
7104
6310
9528
5309
1334
4415
2671
8380
3602
902
5596
34
6120
7144
4998
5670
550
4067
5232
9236
6874
515
6099
5638
3392
2768
6383
2318
8586
90
8404
1379
8874
122
9502
4813
9164
3381
3476
658
1082
4828
9682
2902
2041
7650
2911
5669
2274
4747
3289
360
7751
9249
9584
900
5188
506
4796
6887
4230
9487
5435
3335
4761
1876
8689
9990
8739
6376
3349
5447
6759
6903
5649
2996
2939
3802
501
5676
8627
550
4996
1909
5652
492
2326
2951
5323
9296
4579
4159
6723
2304
4871
4325
9125
8857
4883
7582
274
5270
554
624
8144
2338
906
1575
8249
7914
7339
1675
1596
5845
7140
9378
5081
8840
9046
1571
7401
369
1350
6812
2813
2592
3035
5105
5291
662
7940
7844
2587
345
5590
7373
6448
1858
9628
6390
1458
2328
5559
5987
1697
9716
844
1968
8218
5168
1388
5398
6611
3523
7475
2579
9502
6070
3049
1124
3821
7908
5662
5145
1047
7776
605
6179
5510
8258
4092
9477
3996
1258
171
1659
7969
3645
8484
708
2984
4557
7734
6152
3754
8359
9857
8674
649
9302
8879
3598
3310
4139
6798
114
5461
2831
4262
4397
8075
7075
5721
4446
635
9790
8722
9708
6948
363
1877
289
3568
9971
395
5734
6150
6036
9322
5566
6148
4587
2289
205
979
7718
466
513
5940
5430
3704
2656
7053
3932
366
2423
4411
1630
1866
2083
3834
7282
1569
7016
836
5376
882
4144
5916
9489
9368
2560
6193
7701
5333
2041
827
7117
254
6423
5858
6451
1994
3337
2518
9601
2011
8286
5282
9933
9382
1115
5533
1901
4391
1506
292
8070
9691
9542
4744
1768
7638
8147
1977
9342
8325
8107
5100
8098
3519
1899
5700
2014
2037
1887
7468
3622
3585
3794
2042
4887
3530
4925
1304
8567
1383
5757
413
5092
1579
6229
8670
7286
9243
8308
1458
41
1749
1727
2829
1237
805
5069
2333
1886
2500
5058
3006
746
5018
9555
2898
165
514
3087
718
1521
8778
7216
2548
5657
4023
2676
4797
8520
2024
1752
7912
5628
2256
4861
1862
8993
2656
2584
7648
226
4625
3941
3829
9955
2274
1963
565
7989
3047
3710
5102
1994
7089
4297
4928
6029
3543
1810
6250
1205
7132
8539
4119
3349
1632
105
1085
3580
9898
1790
2976
2484
9472
2893
8852
404
9744
4773
6462
7960
3329
184
2554
7189
6174
583
2645
4699
3242
5584
2524
6283
136
8787
8550
1098
8778
7189
9993
5803
4583
6601
9406
4836
8587
2647
2549
8178
306
1402
5802
8229
2444
3736
3956
9306
6171
9145
5475
305
4025
1549
7100
2872
9405
3304
9055
6516
792
5341
880
3748
616
5613
1314
3847
354
7323
1325
5513
2390
8222
9573
3077
1857
1711
5030
7776
4231
4087
2068
2566
2949
5092
4647
3009
9117
3993
5756
2726
7281
2352
6931
4276
3703
6620
8368
2287
1857
3138
3237
2313
3692
8918
46
1003
4690
7448
8568
1834
1120
1170
2359
1245
8929
1715
838
3259
5998
5190
8494
2851
1587
2032
2882
9533
8524
8303
1083
7938
4135
1726
7885
2343
2124
7773
6513
2866
5178
1849
6429
500
2507
7141
2554
4357
7668
4861
6497
8862
3563
8519
9155
6027
3492
8046
4922
4135
9726
3465
598
6906
3830
9354
9006
5456
6402
5735
1755
3072
7157
8914
3620
8539
7467
6659
6118
806
3313
7707
6330
117
2664
6401
3083
6435
8344
3440
7014
1002
7411
8631
9773
4652
5219
539
4000
615
8013
3423
6024
6132
1174
468
5882
2416
7483
5457
8561
6227
5252
3400
4993
4970
2788
3555
3212
87
6471
6947
6429
1277
3351
2108
5115
749
4662
8457
1701
6926
3913
6084
8683
1211
4313
7849
1813
7128
5764
6847
4743
1760
8886
4526
6292
6957
7669
23
9312
4030
1611
8803
1687
4224
8831
8312
9991
5029
4525
8878
3874
4950
3544
4612
5600
5592
7420
2929
4868
417
3282
3128
1554
9339
4545
4208
1806
8434
3811
7415
2116
6180
6465
9115
4377
1980
3181
6168
885
8954
4673
1765
4432
8193
6681
1814
6424
3660
8690
2292
5129
1263
9379
5332
4862
8490
7185
993
5942
2636
4675
6350
9258
1698
8543
3660
5661
5746
5218
1061
4152
3032
8735
7757
3205
7725
4678
1437
8694
1609
4146
815
2430
604
9693
6484
5717
4565
6298
5446
9879
2894
6438
7475
2755
5751
9217
7369
5419
6534
5580
5796
2969
2602
9244
7097
9383
767
5489
1975
8629
7666
4096
951
5514
3092
1846
735
8496
3198
3737
5049
8946
210
2972
5376
8672
7513
4301
1438
254
6006
8583
4648
9451
3982
498
2448
2838
8004
8834
1322
4897
5610
4479
6146
6858
3663
9761
2386
8207
1745
9573
4098
5882
9167
6773
5948
4185
4469
7828
4162
1856
3303
3448
4085
6711
6777
5229
8580
9440
5606
1789
4630
4016
2022
8875
895
5377
5073
2357
5724
3690
6616
3188
6265
9275
4466
1849
8104
7970
9447
6827
4928
8951
4234
8749
327
1202
8396
6059
7526
8100
328
4344
4607
2552
5666
4473
98
5057
3894
8803
4056
5326
2602
1999
2536
4541
6807
7941
1898
850
6469
7867
1225
6014
5080
3413
9569
9732
5871
9554
7559
2058
5165
5052
4288
2388
2662
7651
2462
7416
6475
5151
9420
8914
5653
6460
9986
8219
2328
9344
6871
1509
79
5350
1322
5126
9541
6024
2394
7977
3967
3364
9058
5292
7309
7609
6355
6032
7254
9333
7690
1177
1902
8886
4587
4664
4301
3849
1298
2079
3820
6451
168
4979
7651
456
7972
4192
2757
3857
8510
1846
402
2482
8846
7808
1916
9445
1574
7067
1379
1017
1350
6030
5466
1160
3292
7298
8517
5779
9075
5673
539
114
2962
9452
3505
1377
92
5090
2111
3148
545
103
318
1636
7518
7337
3755
6774
9612
6646
6637
343
8892
3671
6033
5016
3861
6234
7805
4317
8598
235
1360
2487
9461
1898
6400
2178
7569
9232
3442
4588
6304
6348
1801
6849
9412
1158
4178
3693
4062
741
9194
432
6020
8756
2587
7769
4401
8709
6728
6436
9398
1025
7637
6099
134
4866
4523
8827
9987
1604
6500
7554
12
9718
3298
7098
9810
9726
8461
145
1166
8922
2123
6960
7830
7069
2481
2656
7773
3208
9655
3750
6403
158
8956
6091
8201
5556
5763
3170
6792
5834
8921
3219
7666
7405
2137
863
8481
2621
6599
8660
2809
833
5273
7793
6330
5992
6386
8019
2843
1315
307
6754
7796
8222
620
6920
9254
9086
1670
4475
9080
4143
7776
8087
244
5160
7350
761
4148
3822
5696
65
7821
9170
7941
3167
3430
5252
4409
8973
5442
9723
4481
6956
6604
4248
6918
4261
7156
6014
5182
9298
4584
5372
6614
4822
964
1773
5679
5359
1469
9511
7138
349
1291
9688
9798
1758
2920
6089
8724
2045
2202
1683
7065
3519
5144
8925
2499
6249
1275
8933
9387
4425
6705
2814
2777
2971
5238
2294
6322
8445
1002
5668
8305
1033
1886
4508
5826
9541
7316
5247
2827
7739
1388
1272
2009
5755
3469
6735
83
7188
4393
7810
463
9488
274
764
7038
2438
955
7015
4286
2792
9313
8239
1095
2991
350
774
6422
4789
9369
5399
8379
314
9654
1043
7236
3673
4866
2080
3240
5860
3959
5773
6081
2795
2271
2918
9519
3303
9157
274
6805
3614
8368
5321
4205
1204
4320
1097
2869
4641
1191
5107
5485
5062
8943
7749
1577
3783
2163
7880
1646
5108
4585
302
1214
605
3426
9568
963
2315
9650
8836
5578
3644
9121
559
7759
9834
9549
7375
3763
4131
6518
8917
3950
5708
8296
6231
9778
5930
5353
5373
9939
3552
8925
6123
131
7323
9328
8022
192
7108
6353
2714
1025
8373
4547
8415
2421
8039
5788
3259
45
6079
791
6281
5638
5653
6614
2128
4939
2085
9972
1581
4922
9285
7015
1738
1260
2317
8211
2666
3219
9248
7871
4095
3108
5086
199
7152
9289
672
2756
4829
6216
8470
4372
3120
5292
6737
7947
3490
2241
2685
3913
1534
1049
7746
702
5730
7040
2499
8537
2274
1745
2378
3345
1896
596
9659
1835
5933
2511
4672
677
9708
5789
7504
3038
5786
4227
4304
4549
3970
9163
417
3593
2592
6246
7911
5031
5406
4460
3779
5906
3499
9344
8082
3427
5724
6987
6427
8596
1420
5558
1251
7896
9544
9035
1683
4278
6589
946
7647
2159
3707
8867
5462
1000
4041
383
8310
8894
5596
6547
1022
8763
9993
8175
679
1343
6194
471
1757
413
6849
5699
9597
9054
2294
5043
862
6738
9348
7126
1419
3126
1365
9724
8233
2165
981
2887
2691
8627
8510
7982
2280
9969
4288
431
2652
6787
1387
3501
9665
6353
2121
6758
6985
5569
8681
816
773
863
1952
5181
923
8359
6836
3011
394
4618
8319
8545
3553
8267
6351
8047
9589
8421
9411
1448
2218
7964
3404
4149
6185
8323
8332
9510
7017
3042
9390
4039
9018
6557
2947
1361
623
4048
2835
9931
7256
6626
1646
8548
3914
8493
2681
1245
7432
2499
3574
5906
202
699
7509
7422
5589
973
2143
9754
351
7729
7269
9244
1027
2809
5914
5534
829
3952
4971
8675
5624
8644
7798
8811
8032
5771
3224
4386
1522
4338
7547
2686
7256
5044
7052
4259
1749
8578
6470
9874
7295
2740
1158
1754
7173
5848
1288
9741
9773
8127
6942
3137
8602
9931
3223
9454
5257
3091
5666
6363
9002
6902
6714
4247
7167
620
9879
141
9062
5994
2263
6550
9073
9599
6301
710
8525
930
103
9222
5005
1779
3098
4327
2217
5167
9557
8096
51
4272
5000
5142
1479
3482
2641
1826
4275
8785
2072
4403
6477
6765
8254
5923
3919
3103
5904
8094
6613
4479
9602
7912
3234
8646
4786
5269
3041
4658
15
1632
6611
4582
9130
1179
965
8514
5878
6928
5953
6730
9033
6282
2901
1529
9525
9525
3298
6703
7810
4369
8810
1715
3158
7802
1055
9975
9409
8434
6439
3861
5156
2762
3483
1098
4871
1241
3589
7087
4521
8002
2040
211
6466
3200
6526
3303
2696
3342
4096
3588
9495
8923
7078
789
6760
5044
2750
4657
3408
5353
2623
4848
8136
8777
8425
5062
2296
9290
933
8332
4225
7027
8850
841
3303
5832
6323
9009
3119
9378
9186
1802
8746
9993
6995
3367
6929
7971
3312
4709
4892
9315
5465
591
263
9309
2396
3802
978
3987
9305
4168
742
3348
4412
5982
7593
1052
2858
3832
2101
6674
3722
7674
1684
5773
459
3091
5529
2409
7817
3061
8356
7199
3753
8260
1424
1137
5968
1581
1036
5444
9535
112
297
8377
7333
8174
306
3062
3428
6616
1799
9564
1613
936
359
7746
6936
3901
2282
5684
3572
8614
6854
7769
1789
6371
3778
3906
7221
9212
2155
5421
5988
5524
9044
9002
9020
5783
7891
9265
7076
3387
8535
7472
7794
6472
7489
5273
3088
7796
1226
445
6138
5228
4431
918
5848
9717
8833
2147
7176
5657
5949
3275
6451
198
4045
8109
7704
6196
9577
2218
8114
5832
9680
5593
8607
9578
7045
6362
6607
3391
3688
6297
646
2714
3619
4412
5694
2258
4988
9965
1896
3960
4927
456
6878
1752
7199
6768
1459
3145
1841
2014
8558
1911
5158
9359
1524
8273
9159
4810
9359
5925
9793
7732
3629
8622
3214
2834
6565
6344
239
7783
7618
5783
164
8575
6764
426
6968
4969
257
5007
6190
8993
895
6088
6060
5042
8064
691
1470
8518
5234
2534
6505
7306
765
2155
7821
203
5665
7304
9789
9101
1906
6580
3493
4093
972
6537
2893
9969
3471
7171
6254
6112
6530
3540
9369
4401
2795
8230
8837
2132
262
1623
1907
681
920
2979
6851
4730
7438
4540
6647
659
9122
8435
40
2635
2137
3763
6907
3346
3683
795
6294
9319
8507
1498
1540
8202
6766
7265
6753
6146
4316
1111
7062
368
8917
7420
9890
3410
5018
3064
2312
3766
4161
1413
6234
3705
4385
8582
5878
7396
7986
4672
9625
968
281
1672
3660
2176
3291
6840
1637
4318
6141
5623
829
7247
3426
1240
3328
9935
6049
2886
2580
9764
1358
6044
3647
8774
9185
908
7725
1243
4162
2966
9566
6222
3827
2967
915
8161
6525
1925
7470
8482
9856
6590
3610
8061
8515
3848
1326
4325
7793
3545
4265
439
9637
6044
6224
3475
6032
9004
6540
1959
9396
4574
3536
4253
9681
5548
9368
6426
5277
8514
9620
5134
9291
5235
3298
2318
5790
2606
7676
3909
7925
85
7172
8357
9510
9039
32
8757
1427
1487
3226
8407
1235
9995
1041
6542
9668
4930
1812
7627
4252
7688
9802
4753
2987
8585
5258
4604
5997
7411
3857
6730
2832
2410
151
73
1524
3817
1110
9599
7905
8291
970
120
7598
2142
7776
5312
8990
9026
4253
4827
5331
8426
5314
9089
4136
88
4975
937
6278
1886
4015
141
7517
1297
5637
7196
6577
242
7742
8245
4177
7775
4485
3525
352
8248
3807
6427
3241
5230
7183
233
7223
6492
6065
4771
5868
9541
2245
210
1184
9131
3704
4298
2637
4319
7297
9597
5446
701
6120
3862
4862
1749
8592
395
1387
5802
5566
4168
637
4564
5278
8849
4266
2036
3219
2827
2001
7520
3697
1197
3075
4161
4094
2131
8998
7507
502
9834
6080
6014
7869
8077
9146
6508
5627
8931
6797
5118
8755
7242
725
9835
5038
9341
6933
2940
5743
3312
5990
3675
8368
7092
4980
4308
2418
55
4284
5770
6681
5656
2548
1032
9704
1330
2630
8920
949
3775
9836
6481
1525
3604
1840
2791
1628
2321
7325
1484
5516
8856
9635
6852
3289
8854
8612
6286
9912
4746
2694
9213
761
4731
548
7019
5500
6708
695
336
7088
3415
5415
114
2930
3281
6869
9140
3309
6127
2550
8826
2724
7102
3493
7209
796
8066
9082
6260
1728
5096
848
844
3019
7183
7459
362
8844
3392
8281
6541
9003
399
7508
8900
7504
7319
3527
1465
5553
2012
3660
8701
9112
800
8658
3818
4949
6424
5921
3523
4984
6674
8935
748
3943
4815
9485
1392
3136
1427
5781
9162
6933
7612
9831
4226
2012
9856
942
4315
7637
8592
7010
6454
6320
7386
2292
981
6565
2232
1693
4272
3429
5040
920
8342
5683
312
3865
1850
652
3273
3680
7449
3539
699
4766
5055
8150
9164
3383
4152
5949
7482
3166
5274
1943
763
3928
1451
4864
1162
9344
1699
7762
2069
3179
2608
7027
803
6422
1578
2190
159
1673
902
5203
8869
990
7469
2224
1318
1850
9396
5319
7588
5245
1585
8205
6011
2969
2273
4182
685
1707
9597
7789
1628
8890
5906
7703
2862
4687
9891
2811
8288
7299
5145
3979
9627
4734
7186
8994
7256
340
9344
7123
8564
4478
6658
8176
4321
2273
6780
7365
4987
5296
7147
9088
904
5873
6462
2892
5509
1469
82
5767
913
849
380
364
2983
9485
2723
1363
9819
6731
5635
1519
5063
3116
7271
8691
3137
1929
6387
1016
5509
649
4059
3623
4759
2425
6902
487
9579
6825
8925
799
9101
1304
7613
1545
3981
7547
1520
3827
9346
3831
6503
5054
4996
789
5062
8155
54
9027
265
1817
4463
7540
5186
243
7232
8174
8107
4842
21
6220
3109
3884
2169
4856
1363
4739
6333
5934
393
2013
8376
8452
7572
9371
2008
3513
8251
6650
5824
4677
6954
1171
3054
3799
2291
7464
2833
5054
4143
6656
6698
1504
906
8251
4702
6879
5328
5714
256
9676
5029
527
1709
2629
6555
9965
1696
4397
7112
4805
2634
3008
6031
9251
4921
258
5116
1272
3031
3273
7305
1797
8962
6943
5049
8492
9245
3850
6699
4482
7183
7732
6166
5401
614
374
5621
9563
4588
8950
9901
8648
2854
4502
4194
844
8748
9551
6031
7634
8554
9442
5325
5824
2422
8551
8462
2790
5115
3718
1231
7254
2718
4858
1595
3315
9160
2374
3603
6272
1923
4347
1578
4514
5464
5309
2073
4313
3353
3254
6058
7889
5777
163
8628
7241
6353
1214
2235
2920
4152
5
4880
953
5902
8346
4231
5092
5040
2452
3701
1306
9180
5559
9327
9739
9558
7463
5709
4902
3158
970
8766
4537
3214
7336
4444
1836
5313
1230
9679
233
993
3268
7416
2349
6068
7566
9342
561
6336
1156
6749
4757
560
4742
1978
4176
9506
192
2864
7997
8582
9420
1792
5251
1082
4696
7888
5563
3164
8629
5154
9108
4538
5615
571
695
550
2310
8217
443
9401
3737
6970
2329
5436
3242
8965
4653
7256
8872
2440
695
3306
7997
9275
3793
795
5552
3838
4597
939
1750
6907
8984
7039
1596
1790
1030
5293
2952
2990
5981
4522
9376
5551
2982
8960
4053
4140
9974
5462
3522
9014
2286
3892
5782
1645
7479
8133
8904
867
894
1127
6574
8969
7658
9089
9113
7076
5006
2455
9380
9626
222
6437
7340
6152
2100
5480
3250
6545
80
1848
7173
8315
7197
8325
273
4233
5922
4896
7110
4167
2205
8574
8131
5295
8648
8263
5954
5789
5122
6117
9743
1139
5318
5667
2551
3757
8784
8933
1560
5618
5528
9053
3006
9633
9174
7897
1994
5358
1023
1994
7988
4445
9002
8324
6708
5213
8641
9517
3114
1481
1061
2145
9802
2010
2298
857
9626
5810
7793
60
6195
1809
4052
5995
8410
4352
9785
8123
1405
7911
1732
8758
1291
9426
8373
5280
7327
8175
2331
1127
1593
417
1992
6191
6344
9369
4426
3572
1263
3781
8887
5778
6268
623
4717
6922
5081
8368
8577
4887
9897
5696
1332
5710
1888
3528
8324
8090
7566
6293
9050
1783
2791
2526
8122
3739
799
9054
3393
6668
3735
9350
2731
1963
2756
2196
8149
5743
6558
6981
8700
9048
423
7556
621
6657
2815
615
6211
6406
586
8561
4768
717
1320
5198
9822
6368
3711
1400
7021
1132
3356
3279
971
7160
2751
6881
474
3999
1291
5686
2999
7283
8660
783
7815
775
2065
2258
1950
6002
5106
1592
9644
3451
4851
2725
4973
514
6554
8933
4820
9518
7338
8014
8102
3905
122
1498
814
5240
3779
2768
9453
3199
7730
1956
9048
3439
4725
4803
329
1251
3860
2974
1113
915
7380
75
3578
1298
4782
9502
4696
8538
1379
4233
4199
6739
7990
8865
4850
9696
7289
7692
9644
7355
4932
8981
2990
1654
2384
2878
7074
2172
403
252
2396
7963
312
8249
9302
4932
7878
1341
8574
7065
9506
638
2399
3030
181
9945
6409
7838
788
3040
233
6314
511
9380
866
7473
9982
8627
1537
4740
8880
5845
7129
9460
6292
9488
1355
6223
8544
3303
4047
5453
1564
7075
1960
2421
290
8170
3397
8189
2703
5277
3482
9017
1415
4232
9488
7581
5349
61
3078
3917
7033
2248
3979
2772
6909
9094
5072
955
4285
480
5114
3967
39
6720
678
7069
3302
2284
4139
2464
6640
9952
5680
9893
1661
4084
2951
3324
6858
5256
184
5785
6337
3557
8869
9717
4466
5293
8964
9722
5388
8923
6221
4008
9553
3783
6993
3924
2541
4047
8309
5213
4297
7172
2206
683
137
3513
4024
8740
7018
1482
1583
8781
3707
9153
4927
1485
499
7029
6923
1470
245
3281
8758
7705
1714
6831
3175
3445
3509
5661
7309
7086
5922
9024
1482
7344
7772
8516
3656
6752
6363
669
4548
7884
4183
410
9385
9969
851
7084
9480
3813
2107
1298
1965
4565
8849
4200
8754
3996
3041
2173
2831
4737
3099
433
8820
2979
405
8730
9732
2657
2708
7369
5214
5302
1183
5943
5149
811
6960
8201
1111
5610
2043
2151
9033
2486
9433
5677
3759
5581
5889
4750
9411
8422
3641
5185
7499
9405
8452
1018
2043
2052
7260
6768
8810
3883
1611
8337
5312
2850
1621
4530
6131
6960
2762
473
9662
9600
3556
793
7682
1211
5149
2158
7279
2647
6635
6138
385
8547
9543
3786
1112
616
9226
6432
2533
5869
6676
4365
6148
3095
9018
7843
4189
6647
2821
5532
2365
4372
4735
6005
9941
5310
5230
8594
8377
4710
3759
908
5769
7032
1825
8774
3235
2754
1273
6508
9119
318
2348
9129
4647
9731
6499
2175
2718
4589
9761
2609
5382
7832
351
5971
87
9568
1282
47
6724
4469
9183
4343
8798
4807
5712
881
8769
8401
7186
8085
8687
4325
4374
400
1335
5336
1672
9801
8314
4230
1202
4864
5488
3238
2861
6099
1033
1612
8285
8985
4059
2154
8449
3851
1307
5725
367
1695
3927
7
1316
3110
7781
3462
8439
6394
6310
7128
9473
465
9592
2684
4795
9786
6680
4116
1364
6297
6509
8721
300
2362
9073
9996
6813
8945
7136
9204
2972
7582
2649
5174
2777
8510
2104
9612
3848
9980
3586
9508
4325
7199
4103
4229
407
6706
6880
1359
3774
5663
5453
6656
6198
9504
2468
5628
1550
7319
4846
8140
7750
4498
5988
4803
6560
4020
2343
2676
6358
5256
6042
6084
7788
916
255
8174
8700
9830
6870
7394
1547
7806
946
9435
1984
2263
2378
4550
6215
8540
9406
6486
726
2644
29
1927
978
9644
9395
9730
1872
4724
7847
4270
6048
8170
2230
2397
7835
1576
6130
1016
95
5444
4406
3253
7597
5885
6754
4883
2112
2612
2263
5310
9549
8947
1748
4506
9056
5427
3833
865
9412
162
4457
5074
3763
6356
1077
6456
6130
5867
5785
3042
9774
969
8839
5214
8770
7286
6841
2786
5855
8336
2582
3854
1813
659
7552
818
3784
8238
716
942
7969
2295
5323
2865
7488
1610
4621
5730
2354
2925
6483
6188
4414
8788
5458
8935
56
8097
4543
5678
5690
7434
6218
6635
9312
1123
9942
5449
6268
9697
1124
5232
5409
1315
7250
9162
8331
2765
2894
6506
3169
1505
3069
1726
7999
4283
7135
3142
7586
9360
228
2814
7053
2317
3216
3360
3535
2482
2477
1832
6888
7838
4032
3658
6892
5453
1583
1267
5384
1355
8172
9774
6366
628
4112
243
8189
5126
2796
9030
5719
7345
9647
7397
1619
8650
7155
5416
1168
4039
9937
7347
5818
8431
5472
3191
8402
1515
7276
1529
568
4919
8355
670
4690
6004
8659
4411
4197
5359
7662
6121
4300
2177
2356
3576
383
9017
8428
9440
5282
1896
909
5363
711
8809
2803
2923
3895
2645
7112
1412
8961
1753
6365
5956
2599
9700
7090
1412
9497
7710
2096
4133
4013
2190
2027
6052
4853
583
6163
966
1296
1919
307
5225
9017
7708
5422
6574
5703
1302
6769
6603
486
9753
8067
9611
5869
3984
9003
2306
1174
6013
7691
9339
7658
6491
5154
8130
3604
2436
2025
4001
54
4654
378
6025
9767
156
2218
4282
3980
8377
4627
8849
9661
1057
5995
7870
7730
3899
291
7674
1898
7588
8693
8255
8755
6448
9744
980
7189
5347
2382
7509
3110
640
5890
2444
5555
3314
8642
7480
7346
6352
911
2668
7964
6154
8706
7747
5122
4113
7118
7880
3582
288
5298
1536
1324
6469
732
64
4892
5409
4607
8274
9643
290
367
3046
527
218
4911
1888
1618
6918
1422
6559
6749
8779
6785
1162
1047
3060
6293
7534
3726
4535
1596
3795
5690
7304
399
3778
5433
4648
9561
1585
5964
6035
548
8629
6792
5381
7068
6264
7889
3722
4040
9885
805
7798
8612
7437
6108
1210
4791
61
8639
9843
6868
9662
2352
8970
3466
1004
4546
4177
1389
5193
9169
722
8334
6511
1416
2729
3119
7696
9523
2311
6476
141
4780
5555
4436
9443
9751
8909
3848
3074
3140
7275
2660
5400
5573
6555
111
9882
7865
5759
5409
4358
6314
1958
6190
223
8105
9235
3204
8040
1098
8465
3351
7385
4101
5829
9317
4358
9605
715
9204
7604
5291
6554
7649
3288
7443
1971
8630
9168
1819
4086
5931
3358
5952
1368
4145
4265
6331
3622
7187
257
5672
7073
4603
8952
377
7391
3515
8118
1101
3017
3467
2922
90
1478
1529
4622
9198
527
4338
7315
9877
3198
9892
1844
7057
6435
8748
841
6888
5690
4287
308
3387
7850
5785
2982
8888
3182
9199
7255
47
7920
3735
3100
1465
865
4172
9124
5144
878
5478
2826
1881
717
2157
5017
4541
3701
2135
5838
6052
7810
87
9099
1660
1246
8653
2130
8624
7053
4986
8572
988
5400
3536
3746
2840
4692
7605
9877
4112
8956
97
7358
5391
4370
4259
564
2759
2206
1461
7038
7111
2625
2524
7561
9773
4774
943
4756
1341
222
4199
3491
1939
8737
5619
9244
1368
1265
4201
2766
1420
1405
6273
8314
1007
7053
1826
16
7020
2570
5302
6105
1987
5899
5922
7692
7221
2915
2831
8026
7221
2971
9739
7743
5858
2322
5498
4045
4929
2453
6369
3339
4776
8288
8585
6964
8488
236
4524
5254
4568
8033
2728
6999
5750
4383
712
4530
6808
7107
7296
9839
5600
4084
260
9950
7921
2785
3870
5272
9583
4545
9417
3798
2402
9719
6268
6802
1636
5655
6314
5827
3301
3189
1453
9957
9217
9255
6058
1892
1166
3210
6348
6978
6988
4805
205
23
1848
749
861
1247
4492
8809
2517
2752
2640
2915
342
4879
7521
7186
5611
1598
3551
6102
1102
4322
7384
7476
2211
9064
232
1799
9774
6609
7481
4350
7812
2741
8001
7069
9512
5411
4793
3702
4871
6230
1890
821
557
9439
9136
6777
2178
9712
505
6889
9302
4600
7816
1937
3814
6353
3670
2330
4398
50
7030
8103
6502
7939
4192
5584
4786
9505
7322
8753
1020
5150
5341
9083
5532
5141
2287
7052
6816
6779
3652
784
144
113
2955
8433
6162
9371
9592
5230
4805
2677
5075
4229
9942
7652
637
9526
7939
9552
5407
5550
9513
9032
3762
7132
2864
4016
3706
7559
5349
9805
1554
6966
39
1811
8345
6514
959
2623
9744
8896
560
1263
6479
1555
8247
6120
9165
313
4656
2317
5035
422
6134
3012
5328
9920
3622
3958
1074
4479
8931
471
200
8971
1349
1715
9309
455
4380
1870
8898
2533
482
7088
5820
9121
2137
434
4074
8042
9292
6275
9020
8838
6179
171
9038
1604
9684
3734
7177
7222
6752
3144
1979
1228
3035
6628
9319
8716
4911
1952
4476
557
9655
3018
9770
4631
8044
9115
1258
8272
6217
3398
2509
7828
5478
8429
6227
416
6806
463
5165
1238
3863
3983
8192
3384
3772
1789
6391
6500
2440
6957
5932
1227
198
5383
3977
6396
3884
5766
3144
4362
1913
7194
5064
2730
3136
9130
3654
6055
6738
3254
5991
5853
7686
7510
9540
7755
445
2241
3378
7337
6262
1525
2349
5593
9906
1049
9638
3076
2823
3506
6918
7774
2886
2261
4093
4864
514
9509
5940
1890
2994
3834
7206
6996
7773
2600
7320
6492
4664
8963
4771
4828
7771
5457
3261
3721
6701
1758
2960
7624
9364
5073
7630
5831
7065
8506
2904
7432
2485
3046
8178
1072
445
9777
9753
7900
6546
7390
5149
1892
3417
8114
2300
6716
1657
8250
740
9506
3167
2756
7166
9860
9564
6737
1308
3575
3501
5969
1439
5122
6204
9818
6383
1920
1448
1062
8552
5290
3005
4907
1575
5378
9270
2021
1510
4525
7627
6058
8739
1895
7619
3298
4194
4607
1461
8446
4171
5397
686
1520
644
790
5614
9645
7989
3107
6441
5673
4478
6175
7061
4047
2735
9199
6363
8857
1342
677
8312
9902
622
8082
9567
9100
7835
5386
1156
5031
5510
7320
1172
2622
7068
7291
6516
6077
2785
4527
9093
4081
43
9543
1065
1030
8046
5730
5840
8586
1419
7984
3438
3173
5841
8500
3498
2825
1412
8627
2372
7553
3914
307
6374
4022
4303
7321
393
4043
3642
1037
3781
6266
5405
3595
6786
9149
3357
6241
4395
1647
8555
7337
7134
8002
9350
9879
6742
3406
8050
1848
1753
229
2342
1261
9263
5067
907
6803
7062
9935
4204
5067
4251
8762
6477
5740
7083
8571
1254
909
840
1601
1630
9842
697
2057
1952
1968
9862
2256
1174
3499
1730
4933
6844
6151
5041
3648
4390
2763
1817
3687
6313
5750
8080
4595
3137
6480
7563
6399
6292
2102
9204
4025
9999
2968
5086
6907
235
1248
7822
209
6875
2572
4782
1846
2788
964
2630
8444
3415
3231
9913
8469
8731
1954
5241
4330
9710
3007
4915
5904
7942
9941
2019
4937
5696
6228
2488
8127
5023
7998
5691
8550
6309
6698
8291
5183
3529
8829
96
1352
9622
2042
7005
481
3162
7369
3358
6260
7189
8728
2362
8615
2824
228
4707
2879
5203
7898
153
4747
2979
4834
1372
9119
8607
9971
6935
6088
5395
9784
1143
1126
8889
2164
5650
142
6613
6959
9630
9505
3474
6840
833
7089
7703
4093
7657
5373
9868
55
1353
3745
775
3384
4279
1147
9628
3608
2122
5163
1331
8652
7417
2181
6333
6607
3318
33
7286
3120
6140
4723
7207
4432
5736
8400
3424
5988
1963
1978
2363
277
284
7483
8359
138
5981
7761
5978
6630
4574
902
5249
4376
2772
2229
8859
2454
2851
9984
8592
7227
2233
7413
8746
5431
4135
5208
8003
1350
2088
2788
1805
887
6083
985
2074
7341
9437
2936
9855
9154
2311
6918
9608
1373
6998
5096
2789
4601
5079
4856
968
857
2646
7536
8000
7193
4495
664
3664
1612
9517
9194
2579
6593
589
2579
1675
7529
1667
4121
9044
6119
2520
2582
1091
4351
1634
2423
4667
2204
6345
7032
83
9639
510
4229
3991
8174
4191
6386
6272
2985
2881
990
7440
3781
5290
4406
6818
4200
7488
5756
1010
4849
6988
1515
7767
9114
9298
1079
2437
698
3903
7567
7096
4377
8628
8755
6365
7411
5599
3031
169
7990
6987
7361
5891
9630
8925
5264
1302
2598
722
4627
5622
6322
2670
902
4442
4789
2625
5523
1372
8120
4658
1521
7589
9569
8138
8340
179
1297
108
9008
1593
7456
7653
1504
6607
7037
2009
4674
7924
2716
1565
8090
7991
8310
1989
4044
7150
4917
8215
6760
7865
2664
2861
3161
4326
1804
584
3203
1420
3785
7525
2474
6474
3974
7316
6335
9007
6616
9040
6639
4930
7878
1543
3230
3918
2920
9150
3311
7679
5575
1402
346
182
5939
4666
7310
6215
153
4515
3691
8585
193
586
4203
7732
2725
5974
4649
3120
8032
9775
4513
5348
8518
6787
5323
1837
2634
1972
8597
6115
1794
279
754
7248
2613
4353
1571
7741
1242
9588
3238
8187
4958
2928
3564
8082
314
3724
1721
4388
962
5966
1317
4384
5871
3120
2217
1037
6799
9551
752
3799
4359
5611
2203
9032
7320
7526
6961
408
887
3855
5944
6294
612
3342
7447
738
3637
8661
5529
7190
6930
2856
8822
2539
3583
7869
847
3428
7689
6239
6520
5823
3311
1322
4594
1566
4685
1012
1552
2003
3472
7621
4275
3033
2119
7091
4250
8455
2400
598
5692
4595
661
203
916
8501
8864
6126
1198
1127
4340
9576
3315
371
2343
6474
9546
7986
4521
2044
4752
4926
9834
8179
778
5319
6209
8968
5449
7356
2650
1699
6468
2251
1931
2535
6253
7267
7770
4847
6379
7062
8481
1427
7075
8874
5048
4668
8222
957
5392
9041
5754
585
8094
627
92
8949
7194
8961
5525
7532
7024
5268
3536
960
7448
2446
1448
9631
7006
9609
5112
146
5264
683
715
2755
9732
5830
8479
9543
2707
788
4002
2567
2105
2655
8826
1017
4441
7995
397
9564
8973
3709
5935
4660
2481
1035
3642
4837
2639
8029
1625
6696
8788
9412
2217
2586
8260
9250
963
9157
3115
7099
8261
751
3553
2386
2805
2787
5883
6552
7719
16
4288
1628
4796
9063
1915
9261
1470
3807
6087
5227
9529
7562
7272
4089
1685
5039
5408
4629
4810
5098
3160
5217
8508
9727
1856
5927
7585
9116
589
4063
9279
1532
3321
9916
6266
4856
7014
9875
2379
24
3703
3962
8447
6803
939
7517
4816
2665
1760
9173
8161
5305
4024
8007
300
1975
7361
5764
6733
6294
3312
1633
5380
720
7337
7317
9131
837
2286
8914
8640
1026
9129
5849
5231
4675
3801
4131
3023
9459
1424
2907
7180
2344
7600
7678
7477
1700
9484
8659
380
2158
9404
2915
6130
8012
7255
33
6552
7382
2757
386
8392
4406
2357
3005
4764
2634
5957
1471
7567
3780
8982
5280
5104
2794
2723
2107
5751
4456
9091
3089
1264
301
9920
9239
1140
8849
1380
3545
2822
844
4331
7400
459
2214
8468
5000
7751
8826
704
2216
9592
627
6099
6042
2838
3000
2909
9524
1853
7339
3189
1890
4929
5604
1321
1126
9559
1331
3440
6511
7865
8704
2836
7752
6512
5971
2568
3572
3516
612
7018
2990
3682
8825
6603
8458
4995
4721
1394
6132
3145
5921
8363
4906
1047
2252
4065
3778
5957
9433
2909
1142
868
4813
3283
8168
3799
1237
9516
1485
1605
4471
3865
7942
8286
9848
1679
4456
6239
8306
9530
4415
3306
6037
8288
473
1623
9234
8097
4644
1092
5257
1778
1228
7355
2234
6832
3234
380
3147
1966
8631
2036
7105
6944
2274
3882
6540
8615
2987
2210
8215
3723
581
6433
5898
2964
458
2456
179
9256
2210
97
2913
6702
6195
9832
3791
9164
8646
2819
6044
906
2502
4030
7959
8860
8660
7155
1183
7506
6015
7423
8732
896
471
6867
6260
3006
8287
392
4126
1819
7149
3488
6189
7334
7109
1945
1360
5645
6606
1506
7862
6501
8435
1414
1324
3178
6721
4485
5596
5683
8208
2337
5076
4376
433
8482
4992
1047
1694
7186
4132
9909
8036
4837
2713
684
3454
6648
9938
833
3862
7964
4244
4064
3874
4176
5678
5661
3760
1268
5211
8156
1019
261
6237
2457
5189
2589
9925
733
8654
9428
8716
8043
1612
4246
9256
3224
5730
3555
5452
7066
4799
4742
6370
5296
8053
5311
8486
5097
4438
2427
3055
2263
1703
8722
150
9506
1701
4706
9684
3845
3870
6896
521
3038
3451
5628
1287
9523
1200
1140
5927
6253
5108
4994
4164
9133
9443
1183
7491
4344
883
7127
9125
496
6034
5766
6230
3037
704
2633
2280
3303
2492
4647
6205
2383
7752
4729
1292
2949
9157
1462
2382
530
2821
7303
1937
6507
9133
9507
705
5023
9315
7356
3523
6522
7845
7093
9605
1514
2416
4207
1067
2990
99
1128
5033
8379
1019
1779
3097
360
4156
1927
156
7009
2237
130
9217
4069
2077
571
4396
4334
1292
7379
4760
6876
1780
5131
292
7359
5105
1572
4249
1176
5907
9582
996
5651
3080
2926
6739
5720
4404
8303
4722
3699
9952
2044
1701
956
3617
169
4776
3990
2063
8395
3687
6672
4530
190
9315
7532
1683
224
1503
1805
8454
7605
1446
3647
697
9796
6524
6391
3037
7462
1198
5454
8259
2245
6480
8635
5738
827
3156
6668
6541
6673
8343
3237
9226
5599
4821
4623
2427
4600
7689
2652
3030
9696
3401
4942
4128
7530
3582
9282
1910
7890
2623
5174
2842
1393
1846
5225
687
9251
6637
1755
9075
3539
8395
9221
8918
8988
7832
9699
7710
9482
8867
1924
7706
2233
9432
3217
3725
6998
717
9618
6124
9895
7867
1076
3429
4581
1364
9922
1438
4268
2735
7368
5852
6821
4915
4955
1748
1598
4843
3963
8718
7470
9427
8505
8495
2373
9899
8384
9843
4417
8557
2540
971
9499
7279
8849
9123
3427
7166
4007
8240
5627
7233
7878
1894
29
8836
1903
2202
5426
9654
2846
4431
8737
4174
4694
8096
7198
7131
2653
6665
7090
6822
1364
3721
2920
2607
7423
3781
4251
5938
1962
8164
5128
9569
3589
3859
7601
8395
1827
5004
1811
9239
9037
9466
5514
235
9229
2056
7643
24
8590
312
2096
9819
2441
98
5054
184
3932
8752
9012
2612
6896
2704
8336
6416
4419
3044
8488
1608
1769
6836
9844
4711
4612
3243
1661
1917
8151
1577
8735
2761
9677
707
9682
653
7067
1946
624
5545
4944
1898
6256
5809
3174
9770
2970
9717
9363
6025
6352
4222
7532
1671
9481
315
2706
8723
3129
8969
880
7134
5153
5465
5567
3669
7849
33
2951
6137
3405
9955
5392
3389
2975
1981
2502
9333
5220
5670
4786
7098
5846
7668
240
4413
6820
5922
1250
1424
3988
8874
1662
4341
6907
3717
7074
5398
2697
8063
1794
9093
8362
5362
3137
2198
5284
862
3304
1185
2900
4267
1081
4789
6983
7503
8415
8426
7365
211
8631
9968
1664
5674
8112
2330
9592
3732
5113
2015
2729
6315
9994
2686
9158
8941
8969
1685
6398
6694
9309
779
670
6165
3076
6679
6214
2054
4360
450
2373
5240
5395
2209
4546
4766
1669
5961
8082
4078
7068
8169
3957
7291
485
724
4477
1914
7907
8543
4049
5422
3026
4402
2736
5470
7545
1027
3074
5593
5264
3745
3989
4436
7878
9503
549
636
2575
6423
1918
8953
3637
6240
7133
879
2209
8266
8892
3522
9077
2951
2257
8422
9892
945
4974
2635
2619
6384
1203
6254
4989
4342
4334
1345
8370
6425
9131
9138
2865
3660
3386
6329
5872
7762
9563
6740
2557
4305
1441
8387
2612
4144
1112
5384
7232
7971
6954
2699
7259
2187
7309
2396
1692
6544
7618
3852
5759
1145
2245
5538
6661
7267
1325
4525
1311
8065
3626
2856
1060
9577
8246
511
7203
3912
7142
6021
1705
93
1969
3467
1014
2999
9440
5685
9048
3598
2170
8804
4001
7874
2988
6206
7039
7431
9649
5935
8272
4464
5064
4959
1760
2376
5263
3562
704
2501
7465
6138
2196
3973
4709
226
1224
8130
8714
1096
4075
1231
391
9832
4613
6457
2950
8958
9625
3965
4355
5973
384
7079
4372
8638
7017
1370
2794
1842
4350
6693
2740
1097
4072
4450
3530
9326
1241
6702
2440
1274
8531
7184
9884
1396
5334
1454
5055
3048
3490
5986
8627
3366
6760
5255
2710
5303
9799
4299
4181
479
8163
1813
874
5485
1041
5222
1018
845
50
702
332
4240
1122
2870
6543
3827
7839
6879
8909
8039
1169
3455
7905
6367
7283
8603
3236
9762
4192
1163
6422
1938
4106
3313
8388
6631
6353
3784
6805
6165
562
310
4031
9859
7797
7399
3375
4793
341
9035
4172
9548
9059
6605
6751
4232
1422
1868
5160
1219
670
9771
3491
8879
1110
6662
8456
8519
6529
1315
8287
412
5244
2940
7748
8345
9551
2095
9938
6548
5827
4844
4040
2936
8348
8777
2687
1556
7773
4067
9977
2733
2983
2648
2572
8018
2177
1208
5027
9538
11
8424
5896
965
1846
6742
4493
5301
1131
3314
4085
9030
5219
5881
4508
4150
6354
3789
3534
2148
4691
3846
5913
5040
7404
7207
4644
8808
3873
5985
4492
4502
2299
8866
7563
1009
1317
9175
7452
6264
9945
6982
5769
8419
8007
6989
3326
1328
2553
5305
8254
2187
5500
6461
4874
449
6652
7446
7034
4666
6324
5965
9503
3234
8788
598
8291
3517
8113
584
6829
6023
81
8647
3670
5849
4167
6015
7674
2343
8585
5251
3371
2577
8984
9819
8951
9068
6079
8884
4527
4710
6088
4296
7375
8432
3966
290
828
1985
8221
3607
7722
7118
3097
415
8266
104
9342
5139
9728
4346
8522
2335
8219
6133
75
4584
7780
5510
627
6614
1669
6913
365
2951
4191
4395
2713
4750
9955
2637
9236
865
9018
3683
5598
4430
4827
5964
4547
7385
7949
226
4563
63
2882
417
3166
3606
8221
8121
6308
3944
6482
1254
3875
6815
2912
5177
9131
9534
9519
7968
8415
6954
8448
8193
1019
8265
3952
7354
4780
8787
2876
2896
1163
8521
7056
240
3237
7210
3546
3147
6228
1198
5120
5793
3949
1197
5240
7979
1102
9384
8612
4907
4201
5371
7531
1584
2911
6959
5415
7601
6121
8784
9971
8501
8883
1000
8573
201
2469
8486
647
8184
5922
1637
536
3581
1224
5937
2255
8216
6324
7587
1362
3073
5302
6636
5560
7179
6532
9469
8943
8067
8491
1727
4
5729
6566
243
2800
632
8444
663
9684
2382
8060
9322
4793
3337
7295
4839
4019
4002
4295
2263
7991
5202
4659
4735
4972
8108
7189
2162
4670
1555
1369
2818
7812
1922
1584
9179
1541
7536
1394
7046
1304
5112
6855
9587
5489
2382
1288
2475
7803
5355
8356
7629
4162
1819
1024
2399
8547
6838
8161
1836
9552
6032
7327
7055
6219
7684
8230
933
7476
6395
294
1041
4536
3087
3122
5966
8724
990
1060
1514
3559
3455
8769
3370
7718
6481
6401
2663
4436
4653
1095
6151
1384
3070
4786
9396
8300
3898
4556
5888
1177
6469
2726
6514
8173
7723
6053
4139
9517
9824
6212
8622
6648
3079
4247
4468
9714
864
1563
2783
5832
7917
3174
5574
1360
7694
1642
9372
5598
7938
3612
5010
1892
5061
994
9640
9658
5919
1679
570
7207
3741
3229
2086
1303
5668
6880
3742
8353
3469
3715
6163
5477
7886
5392
5864
164
2209
7071
4018
695
3516
6551
8213
7395
34
3145
1022
7242
8808
6993
3087
6120
3426
9336
2990
292
8903
4035
7172
5748
3516
9179
8449
7271
2543
6132
3751
7663
838
6086
2910
9879
639
4254
3147
4662
2909
7125
5418
805
1426
463
8764
4244
9592
5443
1885
2823
949
6119
9425
6127
5271
6080
9484
2874
9507
3003
3428
9713
1992
749
5667
857
1496
4143
2167
877
5285
6222
8282
4741
7346
9427
5100
6793
5705
826
8437
8230
9582
3046
8645
9359
4974
6621
9103
1128
6062
5341
43
4016
1444
3853
342
969
7477
5309
9158
3521
9344
3959
8384
1814
7396
7401
6794
8831
3794
8578
1884
975
3526
8296
2199
6300
6165
8990
6430
2625
8685
2183
7675
6941
5364
7754
3210
8594
7498
8624
665
6816
7893
8138
1569
6610
3937
29
5415
870
4897
8687
6600
4502
6503
4658
1931
7528
4382
124
114
6608
5225
9417
6622
7000
617
1335
2810
2625
392
8616
6180
5912
7816
4730
5403
2098
102
5091
5994
4382
8706
2413
3892
6686
3705
9125
8043
8087
4863
6225
1272
8045
2718
5454
8650
1249
2694
5965
1704
4502
8116
2169
8803
8112
2170
5506
5130
7744
2587
241
8809
654
5186
2341
6150
8254
6426
5476
3446
9230
9496
6521
6996
3668
6466
2295
2104
2406
4798
1197
562
5436
4304
6981
6302
7107
7029
1015
6621
1803
3173
5249
2286
3829
3725
4770
1951
832
7035
9971
5489
4236
9592
5122
6146
4367
8274
3419
7601
25
9428
7624
2777
6634
8833
9993
3194
3554
3913
283
9404
5237
8152
2708
4862
5920
4165
7375
8666
2150
186
5151
8243
5028
8399
3450
943
9356
9401
6481
912
1863
9125
62
4525
3913
2450
2875
1104
2275
8670
1124
1758
4936
1840
4549
155
5914
1613
2573
4353
1476
9006
3735
564
1437
8569
7468
2126
7345
4385
2765
4291
3798
9119
470
5211
4922
6916
2707
2186
4633
5469
7119
2024
7642
7337
5703
9369
6859
4816
2145
5285
3379
8915
28
9547
2341
1051
3325
6550
9764
9653
1160
6240
6885
6648
6955
3143
9132
8802
811
773
7174
3803
9468
2375
9559
3702
3679
454
1735
8059
6611
5933
2344
9818
5112
3906
7207
1481
9070
697
1433
7474
5859
8277
7704
8666
7705
6736
7187
387
4057
8621
9827
677
7230
4926
2217
1540
9472
8143
686
2889
6109
7135
1802
7056
1982
2429
5704
6897
7800
136
3388
2510
3105
3595
1971
1787
1795
1722
2793
8342
4312
4584
1831
876
7749
6844
5672
2271
4647
8541
9712
2272
7269
1844
6725
9786
1530
8033
3368
8010
1510
6486
5725
8201
2051
2793
7335
9061
2636
8844
1039
9787
3329
7213
1606
9575
7796
7938
8709
5060
6405
5904
2957
289
5531
680
5527
6070
5290
9557
148
1649
9870
6917
5456
8677
9110
7644
767
5207
9290
5801
6730
3229
4756
2722
3773
5836
2150
8396
6451
3221
1225
266
9605
9156
6213
2299
1463
5267
7692
5606
965
798
5927
9016
3641
4942
1995
1956
6984
3638
3183
1718
5637
7559
2973
6744
7037
8243
7279
3661
8389
4718
5690
7880
8082
9029
7513
2400
2677
7406
9613
9449
8422
7271
2177
2733
3965
9273
516
5497
8388
5562
9452
1974
5333
1418
1144
8259
7973
5502
9125
6837
4809
5761
217
2596
9740
3027
8144
5089
3584
8136
1794
9758
1495
2300
8880
6057
4798
2141
3054
188
7290
5743
5867
7708
3647
8116
2503
611
5108
5311
9597
2811
6124
3048
4490
7027
2053
6199
4661
5726
7197
1467
6488
1334
666
164
5077
4672
10
5122
4347
1816
403
8151
8572
8021
8499
3112
1123
6714
6284
9601
3375
6966
170
5955
3651
3749
5546
9296
8028
4551
654
2003
5530
3135
289
7717
119
7392
464
5772
5221
9895
7461
2135
295
4677
8267
324
6803
3458
7721
5147
8231
3148
7921
3557
805
533
3915
5600
6688
1150
6995
2547
8686
4676
9866
8885
1002
3069
4992
2436
6576
1758
2116
487
1022
1115
5680
3560
1826
9136
1207
9410
3925
3765
4279
8194
8597
5443
3912
5990
186
3679
6353
3052
5279
9368
1648
1661
5953
3255
2204
5715
8224
7610
1262
1342
238
3486
8491
9967
5641
6980
465
9590
7010
2544
6527
2156
4179
728
5649
1700
8488
3585
5125
4910
9620
5555
4846
4387
1294
3374
9470
9870
4122
6927
5302
2569
1585
2769
3504
9077
8578
4730
1569
7365
6022
9927
314
6936
9773
2815
6862
2334
7668
3287
6491
5449
9516
4370
8258
3255
8511
2374
3033
1398
3238
1799
3304
5303
1334
1397
7368
2933
6303
4712
7473
1682
8937
8832
836
5207
4435
2678
6418
3738
7344
7769
6400
3707
8362
4838
2811
165
9050
9629
8573
4909
8183
9293
1505
4953
8531
2083
6115
5204
1243
3996
6158
9886
1943
2459
307
4096
5462
5538
8869
4015
2585
3361
9838
7835
9567
8172
5733
3762
522
6629
1962
6484
9987
5078
900
8909
5168
6917
3698
509
4645
6719
3278
3922
3399
8873
756
3533
7975
726
8088
1435
8957
6340
2494
3206
9972
4829
1118
5513
5114
7810
3943
3761
2850
483
3154
296
9172
794
3546
504
4781
2882
142
6448
2717
2395
514
696
2439
2593
5528
5378
4104
8052
2064
2688
7651
6863
5875
2052
1284
1724
1942
713
3359
8789
6775
4782
1988
3240
7194
9721
3789
1820
1247
6280
1604
960
6031
449
8579
4661
3406
6679
7247
1905
4446
9686
9929
1665
4837
4158
6135
7355
5724
820
2575
8315
3228
8323
6589
7234
6736
128
4769
971
6085
3507
8468
4596
5347
9542
2031
1396
3023
7497
97
439
9037
272
4122
1629
5526
6460
3653
6898
9712
1625
4092
4346
4316
8480
7156
8585
6660
1164
178
6706
1926
9365
8422
8905
5074
4837
2351
8493
8597
5010
5402
3031
9163
1009
3970
1864
5967
3472
788
7578
817
2958
5621
1226
8019
3416
3544
7700
3744
5393
6388
7791
7690
4386
4546
2907
9470
9802
6416
1028
3744
9793
6390
5297
2314
2570
8449
3502
1901
5557
890
8231
4329
4182
774
7416
4677
3584
1129
958
6409
7123
7383
8760
5485
4282
6935
7080
6613
6457
699
7179
655
4883
6127
2379
1538
1685
1522
9514
8091
8450
5185
4847
1974
8645
1099
51
3702
3510
3597
7874
9947
5567
9208
9960
2705
733
2934
282
2479
9190
4649
2106
2253
3484
8011
2665
7342
8009
9476
2457
4237
4696
8172
7345
3255
8983
6262
7579
8740
9944
2281
969
5834
5497
5941
2509
4651
2944
6765
7054
152
4793
9747
8603
3354
9602
8467
7489
8151
559
1969
2298
9218
7665
6807
109
4097
1463
8523
8198
9806
9335
4816
6851
5081
2148
9858
536
8376
1418
2958
8473
1523
2668
1108
2152
7001
7237
5917
7748
1636
6806
1647
7159
1898
9139
9925
6274
202
4780
6879
6068
3937
4680
9615
3074
2913
3876
311
7036
5966
8918
1675
7170
5426
7252
2282
6338
6680
4684
4945
5217
3664
1558
9173
2360
1296
1916
5573
7267
9031
8944
4079
8160
3686
5667
2384
2490
8860
5001
9625
6738
1626
6781
3077
7854
6271
5463
8790
1312
44
2568
9898
5734
5727
9730
7957
1214
7241
5513
9226
3509
9444
8799
6064
3452
6049
3763
8272
4139
9211
1470
7994
9531
7260
7038
5362
6190
6085
5146
3650
9452
2117
8768
1483
7795
6301
3028
2701
2654
4217
9496
6471
7751
9806
6854
7971
3011
6517
309
9159
1092
1175
6793
8129
541
996
4558
9362
380
7335
4355
9630
8430
9487
4852
7203
9670
5431
8623
4653
7647
8618
2509
4032
8178
1324
7680
8610
5703
6792
3299
1219
8393
4376
494
6211
7254
4209
296
9012
4880
7012
3332
2881
6929
2717
1448
241
9331
2838
898
2340
4109
6084
1037
6551
6706
8527
935
1207
5700
6687
710
7304
8868
3745
2020
9028
8187
5814
4719
5383
5733
2760
5616
9448
6868
5023
4487
3590
49
3295
9031
9390
2376
3056
3469
7166
7854
7543
3449
2111
7529
4634
2442
2866
722
1090
7559
1059
5620
9363
1402
7933
8495
5481
8543
9380
3618
7651
9231
1456
4593
5409
9846
841
1063
5013
2173
1720
3716
5299
2450
7037
5571
5502
600
200
3759
5368
2164
6246
3804
9235
3829
5877
176
7094
3624
9871
4202
1172
4029
5698
3068
3235
8223
2208
5596
7561
7291
6254
7323
2184
8003
7830
466
1480
7441
8396
5681
5714
8539
6176
2286
2856
4769
6373
9416
3434
7786
5607
8410
7777
9325
9851
2300
7532
708
5708
2166
6903
9620
9549
5092
1722
7044
7110
6954
2825
2450
5567
6758
147
228
6815
2376
4132
3886
5886
1217
7292
1097
4385
1120
1858
8378
41
3365
6250
9645
5703
3698
1369
1064
8865
1992
2537
7874
55
4889
965
4873
790
9300
9941
102
2695
4433
3246
1417
6266
6088
9708
131
3340
7060
514
8089
4632
6673
4861
9345
24
7518
6994
4630
2461
6238
3607
9179
5359
9664
2940
1988
6168
7196
1171
6816
6494
8780
7678
615
7997
3042
2397
5892
6566
1039
2332
9
8294
3469
9007
6117
8133
2787
3795
8067
6423
886
1379
1847
210
2276
6966
6073
3255
9357
1714
92
2960
447
8110
1193
6483
6503
5788
7720
1602
6908
3387
3298
8970
707
7015
8675
955
3754
3467
9272
6885
3793
5029
7965
6960
295
163
6823
787
2465
3801
6145
2857
1315
4258
9267
2557
3541
7511
4718
5081
5973
1869
1328
2193
8567
5584
2033
4763
4578
4515
6534
9196
9951
8135
9448
1257
5998
4742
873
6461
450
5925
6749
1314
6055
3809
3934
9563
4643
9791
9790
863
3623
750
7041
9967
918
5906
8578
1444
1701
9174
2765
9464
9476
8932
1742
8809
8088
8682
4255
5956
9035
3063
8823
8139
8932
4687
8906
8955
8352
5455
4560
2716
7880
4052
7920
336
1347
4764
3066
1223
4765
9289
9705
1056
447
4615
476
6228
6753
3780
3804
3977
558
6697
9136
7795
2726
2582
9256
6651
4578
1208
5565
4604
2112
7053
8717
4895
866
2129
7967
2841
9975
3204
3475
5442
3285
6388
3248
8856
6923
5587
6058
2825
5900
8438
1437
7015
1526
3139
1725
4976
4190
2747
335
1865
4228
8718
5004
3966
9267
2376
6325
4870
2490
2490
8586
5344
1675
3918
6582
9181
4341
6112
3824
5981
2562
9963
4173
2667
1679
3556
5171
9887
9025
5038
9096
1688
1394
3359
1955
3481
1520
4458
1846
8575
4958
6611
5808
6792
6854
7038
6468
8565
3027
8562
4791
2599
9076
5813
9322
4901
9440
1505
7183
4409
8576
5950
8421
9357
5557
1095
2797
2102
7672
2191
7654
1368
5536
7436
4107
6115
9406
6290
5989
8827
85
2294
6114
3101
3464
1777
3937
1617
5766
1761
871
2
259
7762
248
4928
1943
2073
3970
3304
4697
2989
1346
6129
2667
3048
5033
3441
7973
164
1170
9429
1424
182
6127
4933
3561
6436
2603
3758
4951
8750
8403
4978
6434
2044
1508
8109
9820
5027
9171
8400
8484
3725
2141
8132
3
1071
5321
9434
8923
38
4485
2243
8432
7704
4167
8525
8097
6679
8129
1868
6352
3422
857
9957
4379
1025
6062
8036
7509
8266
5620
3250
2761
6039
77
7744
6174
8311
5165
165
2302
2880
2393
2096
9462
5255
8253
708
2480
1883
3960
945
9036
8103
4807
1199
6675
5711
1816
8814
6301
6619
1012
8078
680
4065
2105
6373
6645
1728
7650
2205
2768
7521
8243
8086
277
5311
6176
9284
8003
3500
3382
8495
9402
4219
7260
4859
8057
7915
7825
8991
101
6406
9750
6380
4097
729
5199
4733
5818
1451
8815
2174
2867
9312
7142
3375
9153
4028
2221
2682
8919
2041
2619
1850
7460
2657
2925
5480
6732
9929
8487
5913
8094
5643
4501
195
8409
8980
2582
8655
8947
6820
613
3457
7954
2913
2322
8056
2338
4111
6957
1225
8658
7569
653
2733
1854
5357
7760
3192
6734
5274
1728
1780
1342
7512
9385
780
9580
6204
9293
1669
3981
1463
3365
1094
1017
1341
2602
4485
6288
8814
9897
6382
2730
7442
6046
7979
5003
1941
6777
1181
5153
5281
1603
99
4334
2912
363
4599
4235
7596
978
8237
9588
6219
5001
3297
7439
9002
3380
729
4804
465
8364
9794
5155
6614
7113
71
5070
450
8411
1782
1461
5750
4568
7418
7238
6460
9087
3117
1805
5774
5621
7084
412
4633
1870
5010
1797
262
627
5704
8677
5882
5579
3836
7280
6437
7050
3809
9237
4020
4774
7243
6055
6382
6181
8877
250
9666
1862
8466
66
8546
1223
5885
9431
1753
8437
6516
1476
6812
5290
6867
5973
5201
7924
8508
5411
2993
5871
9074
9055
1010
4101
9443
2040
9462
468
8195
2639
6585
1468
1252
705
7800
2928
80
7008
7667
6977
7775
617
1603
9243
5745
6882
4394
7942
4697
9193
7534
2846
1438
2542
5604
2363
3239
1616
2537
4060
672
4129
3210
3656
2066
2694
6532
3767
8932
9054
1466
1345
3267
4595
445
9487
3194
3734
4510
930
2528
8562
5511
6491
4513
7301
1894
5193
6785
915
7137
3982
5774
3428
8183
377
212
3276
6903
8105
6731
2606
6318
3702
4076
9222
461
4538
5223
2948
7193
3608
2423
5622
8921
3469
8904
9258
7521
1979
9587
2478
7509
8878
8966
6606
3160
4612
6632
2454
6766
3641
2665
1001
4
7602
1022
8189
2201
3423
5594
2242
7793
4148
425
4599
1453
3393
4327
5580
2180
161
8014
1658
4656
1312
3312
8767
3553
5884
1030
5853
4229
2507
8403
8985
5834
1608
9934
3893
9429
3878
31
3915
5025
2095
3563
7376
3292
9026
2067
1545
214
3891
6703
9523
2891
2850
3561
1304
5403
449
9381
6783
3075
1889
4192
2500
77
7151
1782
8844
1950
6603
8770
1281
9897
4633
3660
1042
7408
1560
604
5562
3209
7568
6456
1268
2003
429
1768
7463
4463
2755
6054
3916
5583
4222
2034
8171
3851
3950
4044
5316
2577
7731
2130
5118
3017
3831
3242
8264
177
947
3581
4305
2503
9394
8678
7666
8979
8851
23
6034
7232
372
3301
7101
7483
3621
7590
2866
1443
3341
9132
4092
7391
8126
2234
1628
9668
7116
7861
9839
4001
7146
6032
4516
3438
214
9170
9524
7378
5977
236
7972
8024
5157
7722
2173
5507
6343
7567
926
6016
8510
2986
5481
6018
7192
7765
6653
3730
4723
2597
4760
7950
9722
9850
5638
7895
104
8650
1744
585
1153
5628
585
9093
5942
418
1483
306
5821
8436
6571
9130
7789
202
8266
9495
478
5593
4003
183
5572
868
9304
3851
6539
5659
301
2279
7188
7668
5299
5553
9099
4357
6157
544
5609
4205
983
4561
6536
4631
1055
7984
2521
4590
9000
6457
62
7067
8941
6395
6856
3588
4456
8736
3888
7684
9188
9576
3595
9677
6014
4685
9312
2454
9975
2938
8810
4796
1518
1944
9588
8256
9399
36
2939
4835
4765
819
6543
9276
4518
4314
2137
5688
1824
2160
8442
4469
6929
1297
8982
9590
3591
848
9224
9471
7881
4878
3559
2838
1760
24
5392
572
6286
4256
4726
1281
7359
9918
2282
3045
6814
6909
5383
931
96
6373
7799
9648
7172
9300
4819
8244
1733
1435
8918
1108
443
4342
91
5154
3686
5749
193
6377
8420
2785
892
3197
6812
4294
4620
1536
2853
7677
1108
8192
2613
4535
3867
3286
5096
530
3777
389
730
8580
750
3979
97
4164
6296
5483
9550
900
5777
9178
9848
6152
5341
7584
3103
903
7120
74
462
1740
6310
4767
4275
5562
9942
4560
41
2989
2269
4856
6080
2461
9282
4480
7007
9492
1012
921
5403
3144
2203
5240
2539
7231
8435
926
7258
7289
5010
9460
938
6050
5789
2268
22
4569
6398
4103
1122
682
7981
8041
7607
2659
2391
130
5471
2657
8986
47
2049
9002
5330
7013
4098
2749
7664
1733
2155
1058
584
3089
8214
843
5369
8724
2933
9443
1629
5507
3224
7779
3935
1772
9154
3096
1752
2853
1208
2844
1796
1565
1957
8254
4600
3227
9804
5362
7914
3172
7612
617
9626
2891
3483
2772
5080
1685
6180
7051
3134
5222
3976
933
6274
1315
9134
2270
9052
2594
4896
4944
6318
3556
9631
999
9584
7266
9019
4860
337
7462
2087
4131
8422
648
8784
3348
8912
555
9390
6782
7987
6678
1065
3361
6414
2772
2699
6622
3034
2901
2296
9525
8835
7955
7178
3071
9220
4319
9302
8798
1977
3884
2696
4744
5100
4715
1549
3844
733
1152
7755
936
7082
1693
233
6886
8775
4550
2032
3674
68
4952
4092
4830
2735
6268
4665
3821
7842
5290
3548
2322
1618
7754
1695
1161
6363
5512
5369
423
3655
3199
8635
7887
8281
5017
1404
9244
8501
8344
4746
438
5452
472
4202
869
6275
9807
9379
2354
5945
5331
1267
1611
8802
9462
728
6612
1431
8382
2468
9621
5007
2949
6413
1224
6127
8658
7343
578
5328
802
8294
6525
3680
3066
6936
8875
2322
9126
6489
1336
4195
5250
2516
9101
6133
3069
1265
7072
7611
4012
4601
6999
864
4139
297
5572
9538
2400
4716
9655
3529
7408
6501
4547
1928
6573
9139
581
3273
862
7682
1377
111
5241
7348
6261
4604
2684
1959
2623
7636
127
6051
2563
2051
8933
3111
8792
967
1781
8304
4214
7329
6585
733
3285
6945
8184
2583
8424
9959
7912
8831
7561
561
6052
6724
1497
1793
9652
116
3338
6650
5075
5898
1110
6263
619
4741
5019
5628
7103
4258
8276
63
3016
8412
8982
8342
9057
9659
4116
839
582
6717
4335
1242
7327
2232
8893
5015
6814
7382
3910
9405
9886
6962
8214
4333
1785
2617
4056
5150
4439
5830
5821
4116
6764
614
5630
4003
4531
816
2481
7490
8317
4316
8615
216
186
1878
3804
9360
2569
9178
4361
8912
7312
2819
469
7663
1455
7959
6686
8280
7582
8454
4261
6080
8254
8835
7421
3385
5025
5693
9021
9007
3111
9785
9081
1580
6534
4287
4349
62
8592
8988
5385
2038
8239
4844
4089
3843
9139
187
4223
2489
2375
438
902
4588
2767
6746
5445
9391
8505
2594
7880
3665
2924
6054
1463
8581
3213
1238
9299
8678
9462
4906
2896
9886
4061
8971
9629
7387
6925
9206
3411
9552
8709
3061
8506
6603
4367
8824
8739
1302
3113
5257
7219
5406
9223
3484
4272
8018
8627
8493
5154
7159
2822
2196
1098
6545
2004
2359
4945
6265
4600
362
2634
3043
7429
6454
5879
7847
3419
3083
6303
6538
9362
9488
8971
50
4450
3460
8380
9646
4344
4176
7188
5783
6216
9035
7774
7997
6869
4164
2907
3302
3545
3090
3097
9872
1512
9646
9241
5294
8988
8311
3533
2876
5997
450
1459
1607
834
4114
5100
5185
7510
785
797
3807
9812
8018
942
5671
98
3480
2539
7208
4737
4575
7507
5539
3716
4755
4563
7644
4069
8043
1089
8877
1906
4846
2457
9048
9638
5909
6485
2594
4610
1715
133
175
3076
5594
6280
6994
2826
4071
1689
4965
856
2137
1545
1248
1850
1905
886
9892
5588
2969
7156
2191
9317
8604
6566
3552
3898
335
4644
7718
4038
2880
5195
3857
2318
6195
3097
5553
4955
9405
1545
7823
3395
9012
5093
9084
7589
407
100
9210
3212
6062
6209
9092
9508
2020
9803
9064
1824
2201
736
8342
8934
6795
4893
2804
4645
1237
1516
9798
7854
397
7683
6802
8208
9096
5363
6564
7194
5701
9525
2311
8184
7474
8298
7886
1153
9299
6544
5449
2763
3618
3238
7862
8868
3601
8843
7779
1338
4941
2898
173
9952
9116
9177
5136
4536
9238
4139
915
5342
2194
3630
3223
274
4104
9396
5056
7967
3596
7430
452
6966
687
352
9874
2614
6578
6863
6608
7959
1488
8206
4085
2538
12
7455
7632
5769
8671
2140
3716
8406
2387
4836
6640
5520
926
8206
2432
935
3969
444
6505
5155
2976
3196
4017
1109
7494
5814
106
1042
1342
2844
722
2949
6524
3552
8480
4453
2384
8165
7201
1073
2238
7561
5437
4549
3165
8930
6122
7467
7576
8178
7645
9790
9596
2362
4600
7313
2963
4653
5608
8934
5716
952
3393
7699
1378
9440
7388
4664
3916
8495
5194
8062
9635
8758
5970
3504
6657
5960
8673
6403
636
9284
3751
5612
8737
344
3184
8012
998
1084
3509
3162
1202
7212
2152
5695
3539
7881
4177
9839
9940
3471
9654
6004
1882
9527
5668
9166
3579
1572
40
661
4452
6822
990
4754
8355
8101
4988
7330
8951
9781
2183
7601
9922
3230
2551
5295
3994
8377
3573
1581
3882
3048
8889
683
5776
7296
4049
1884
6610
2948
9008
6127
3319
9119
5433
5367
2298
6532
4724
7624
4509
3375
6150
9265
1566
9657
6484
8001
5145
2574
3032
2125
6572
3008
4094
8201
9549
9903
5657
1028
6624
1721
407
2005
1926
4534
1689
8982
780
6944
523
8910
1257
3767
2886
4103
5409
2981
8488
6587
6163
3054
8900
2731
4089
7073
1167
3119
1306
8894
3661
6640
5059
9820
373
7384
9985
2363
3714
4852
4597
8279
4554
2653
3502
7692
5919
7332
7193
1566
1723
1620
4054
2009
4014
2856
7919
8056
1089
954
6342
6811
7993
1522
5536
1094
7224
2567
3589
2410
8051
7405
5195
9756
1544
7885
1097
1875
5266
432
5428
8424
7434
7821
8053
1075
8501
4794
8314
5669
6539
3510
4886
5031
8217
7193
4761
6374
6915
1499
2333
4722
4211
6107
6842
5287
5560
3951
4595
3312
1050
7764
5185
5520
4067
6842
45
2031
6082
538
4837
2573
7178
1
2148
5863
4055
7690
4328
3998
9651
2616
7136
7825
4126
1462
4538
249
8327
1242
1283
8353
9108
538
6726
5408
6219
6218
3199
4901
3135
1660
3476
8229
2807
2193
1946
9014
4018
8139
7297
3222
8679
3132
5558
2389
4695
7281
4077
663
9430
9236
3481
6909
784
5047
4261
9725
2503
5418
5405
9668
1413
2496
4957
776
8429
6194
9400
9437
3151
9278
8124
666
5775
6778
5878
2022
1447
4440
4133
7984
3507
9179
2765
5418
3718
2834
5452
1014
8679
7584
1707
3824
1395
8545
5282
5331
2965
1872
1351
7163
7583
3824
2528
2052
1943
2657
3565
1826
7720
1471
4562
5591
5386
3234
5191
8203
4043
4659
8129
754
7915
6772
4119
4411
4832
2314
4665
9679
9845
7893
1584
8429
2540
7594
9069
8277
1135
8594
6464
829
8158
6079
3426
5375
236
3790
9174
2125
5934
2363
3059
6706
8909
1578
5308
3984
2261
2846
5579
8152
5403
2715
6444
4711
8563
3444
9610
5969
8679
7053
202
2509
4971
2343
3642
7029
2898
3519
3926
9934
4125
4461
8119
3457
5437
5161
2259
8297
6629
6520
7527
9095
675
4670
4699
7427
2840
2443
4478
8345
2461
8760
5790
530
1774
8421
2731
8987
3636
7928
6463
629
3075
5365
1648
3272
3113
2221
2454
7884
6186
8806
9945
4054
5434
9832
2271
7795
3121
3699
4606
3056
7549
783
5837
8426
7166
3371
2909
916
8836
137
5099
5837
6602
1650
7488
1
7006
7111
9419
1084
4978
6155
2537
408
6268
9016
4438
8035
6368
9219
3576
290
6018
3158
6457
1964
1428
5092
1546
3299
8988
5409
3634
6344
8276
3824
4858
5301
8766
2818
2448
6675
8661
5506
2727
1291
9771
1037
6574
6611
9074
9497
313
291
1593
8223
7580
927
2494
4960
7333
5934
7001
6918
9650
1830
8979
4644
9583
2026
3295
6699
5594
816
3710
2272
5202
5794
4267
8198
5567
9752
5726
4093
2142
2963
1656
6571
2897
9713
6592
5171
2034
855
8465
4852
878
642
7226
2133
2202
9570
9354
5650
128
35
8897
5442
4563
7771
4801
1630
9890
9754
2553
8673
1525
6834
8675
4704
3119
8614
594
8219
7349
1529
5062
6638
3569
4289
697
4761
6062
987
4028
3314
8853
3998
5965
6809
3638
8565
3358
5800
3017
4126
5362
6077
3876
5651
9910
281
3776
1727
4149
4216
1650
368
7024
3174
2276
2116
4384
7197
950
4836
1402
3697
2023
1375
6577
9055
3941
5896
4634
8833
2702
2566
2493
6810
526
3360
3607
7210
7958
6743
3535
6254
4656
5011
9337
592
5838
6038
4817
1225
8438
2786
2005
2664
799
1291
7427
4808
288
3804
8131
4107
79
7371
8373
8350
4006
243
1295
8430
9081
513
8385
3607
9766
2459
4174
1604
5566
2996
712
2393
2450
4971
7176
7995
1165
1121
9562
2340
9549
2864
8289
5285
6390
6369
8724
2431
949
7024
6847
2822
5255
8705
2030
9908
6888
3177
2366
8646
7536
4746
6254
5669
2492
4428
7639
642
7640
9916
118
593
1991
1971
507
6795
7721
3216
5294
3294
5062
9783
5890
3791
8174
9635
4398
6742
9396
1006
7410
2158
1510
9388
6655
8059
9087
323
7211
215
445
8086
5776
8368
4266
8758
5247
4787
1239
7967
2461
23
4043
3208
9005
7860
5908
8460
4344
9294
5100
498
387
878
3743
7939
2467
1948
3688
5691
7649
2949
6254
3656
4150
1085
363
4728
4216
4173
9256
506
7716
4534
1013
1085
6988
3823
9917
3308
1386
9452
1276
189
8783
5220
2422
3086
220
2700
422
4245
7512
7566
3087
2464
3264
6862
7833
5039
5205
9062
1058
1384
4469
369
2027
2023
1859
435
9514
9789
8379
6923
2643
2209
7603
5679
6959
5774
5439
8937
4115
6705
3177
1653
4882
6919
5712
2280
4104
6006
5992
4937
5480
8316
8180
9581
7253
4774
2526
6156
8242
8414
8015
8661
111
7653
7178
3616
6061
150
1561
1702
2296
9812
7631
6315
179
4821
4702
6915
7486
2389
8723
3417
4321
7713
8450
8324
3530
4459
733
5570
9882
8090
2633
6447
9298
6985
5885
5277
8274
3135
8324
1212
3506
6922
5751
3305
4931
850
2109
1949
8721
5564
2448
4997
2961
6802
8722
5851
1594
5457
7529
7158
6384
7519
3982
2913
7492
8534
8788
9377
6652
3857
9465
20
5759
5351
3341
1654
2716
9331
5137
6876
4928
4449
3579
9973
2464
1223
115
5392
8968
6017
5353
2069
7815
101
5142
7445
9088
8369
2818
783
2191
4610
8009
9558
4593
7156
9352
5314
8871
1510
1615
7040
9033
9004
317
3370
8388
8111
1031
1515
5425
8668
2303
8867
9817
5014
8552
2229
646
2781
4188
9897
7225
4991
5430
172
3004
3114
3906
6677
1965
1081
5381
138
1239
6939
5794
485
2241
1806
7037
9441
456
8947
571
8126
4800
905
4168
1282
2870
9549
7934
4388
8173
9430
3277
6889
5273
9856
5484
1375
793
9817
4315
6829
8197
8530
9180
6055
8244
8176
8499
9274
4784
2742
7714
8560
8804
2892
1125
7742
5811
7011
3503
5600
205
1025
185
81
6237
9159
711
6075
6822
4383
8726
768
6549
4953
3972
3519
2079
9460
8043
4359
4871
7081
5694
2800
9676
2405
7106
4832
4254
2656
5139
8521
7914
4082
6771
7460
2203
4974
1145
1788
2328
1816
3853
9614
1390
7476
533
9176
6007
3554
8180
3748
8682
6648
4620
7875
4092
701
4080
769
6588
4778
5304
6791
4746
2415
3827
1244
9862
2763
3180
1337
1707
2449
9211
2373
9277
714
57
6652
526
3006
5171
5929
8642
5965
6004
8676
8491
4399
8572
730
6102
5285
4715
510
8666
3721
276
5871
6214
127
9095
2527
2844
4770
2494
1860
7593
4189
9105
5487
6206
1473
4330
1976
962
2541
9028
1953
2768
8606
7557
5138
9128
9818
3304
228
3219
7316
6228
600
6267
5905
2587
4378
111
9210
2083
3203
4042
7927
5566
828
8299
9559
8646
9654
9026
2715
5671
3470
4451
135
4038
7932
7650
4429
5193
3698
7966
6601
8385
2165
9926
1966
4465
1941
8902
4960
8342
2350
9780
8299
2953
3184
2913
2661
7061
4793
4012
544
2537
9031
7468
2939
7493
3091
558
3283
2298
4981
2028
6348
6007
6496
4935
9232
1894
6180
3778
368
4141
6360
9854
3651
7151
9712
6658
8630
1670
6855
3431
8780
2498
2276
1376
1358
3009
8593
5354
1849
309
6579
9516
3444
7777
4132
7837
9573
493
7328
6802
9749
4591
1003
4369
1723
7220
3833
943
9254
60
1698
628
5882
873
297
7514
6016
82
4477
3726
7312
8628
5822
7426
2914
2964
7671
4381
2084
1254
4247
9747
8393
4985
6873
9952
1470
7940
4059
3454
2096
3121
1491
5842
5024
8393
294
2000
2752
8389
2841
3751
8588
7047
1230
6118
167
1621
5586
8373
4247
3833
409
1358
3466
2404
7319
3179
792
3393
7396
7362
6271
7102
6622
8773
4810
8887
9098
5183
5002
1238
2690
7302
5478
3549
7671
1664
3264
2271
1423
6652
2110
1695
9401
8986
3052
4779
2237
1144
5410
1101
5099
9179
1435
7432
8148
4984
2978
9313
9505
9043
8986
2805
6555
1527
592
871
5299
6349
5159
4234
7948
5538
4823
7378
7968
6578
444
3930
6811
6220
1181
1383
8689
1333
9424
4435
7760
8815
6137
8105
1252
3896
4249
4417
1891
5687
6738
7911
5510
3428
3693
6457
6846
7241
9525
1642
147
7785
5063
7955
7089
6908
6746
8754
1825
6574
1927
6046
9138
2536
7528
9426
9957
5082
8670
3828
7790
5894
2668
9784
183
8649
9881
7711
30
6606
8885
4136
1488
850
2023
5957
9539
6518
9308
5633
5360
4882
5260
7716
3546
1220
6839
2661
2629
8052
2839
1477
1323
635
1496
2783
673
3279
5942
5219
7715
9772
3008
9285
2997
8466
6571
9986
4905
4308
4843
2187
6510
5747
7825
7287
4418
265
5502
9694
7580
1690
1392
2045
6779
8598
9921
7621
1965
3672
3407
4009
9672
631
9
9031
290
9847
3897
1288
1876
6723
5558
3607
8819
549
9131
6748
168
3935
6951
1296
5522
4697
5466
3666
8890
4451
3864
7818
7822
8894
6786
4568
2344
9627
6156
133
7237
5885
8585
3100
7338
2746
7454
7011
7432
5032
2002
596
8180
1223
8658
3706
6164
191
5629
4393
8842
823
4503
8705
1749
7200
730
4737
9634
7765
5592
4718
1729
9776
3358
3223
2215
6935
2654
7775
4396
4655
9632
3252
4606
5900
4628
6658
2702
5515
3087
7649
6844
9266
9469
8410
1810
2468
6800
3394
821
7399
2452
7649
5340
7150
2417
8756
96
4734
1490
2365
4378
440
5497
1952
6891
9412
9984
3718
1040
6268
9141
1099
2853
6433
5376
1322
8026
5962
4164
7508
9823
6208
6984
7459
6397
3441
1662
9105
3382
6142
397
3273
9880
5049
211
8419
2882
5268
1436
4313
6407
3128
3008
33
8173
7437
9296
5671
6327
2485
4468
6225
8984
1939
5258
2498
3838
7500
6609
7910
4900
4996
3389
1966
1252
4146
9553
5704
3955
1613
7831
2425
4924
6656
2606
1769
5250
4239
1167
6744
5092
127
6268
388
3138
2220
1588
107
6197
7823
4669
8663
7708
5669
2060
6945
5539
6159
7220
8126
6579
9924
790
4445
1788
8987
8864
5272
1851
8221
4806
3426
5101
6491
5435
684
1424
5224
3213
893
2176
7894
6814
7573
9474
9903
5956
8383
76
4020
2968
1751
7375
8557
337
2179
8773
8338
7155
1795
2289
5682
3692
2004
969
4924
6069
9811
5291
7283
8629
7725
1302
9067
155
2735
7871
2362
986
7340
2233
6024
3410
3074
244
7128
3265
1768
7660
6221
9004
3136
4412
2986
3592
3878
3479
5946
451
8083
9519
1323
3693
5029
7758
7087
4288
6422
8513
2397
8464
9955
379
8624
2444
1845
5439
6640
8014
6605
8235
1795
5110
4913
5686
8249
7512
5124
3397
2740
3104
6323
12
6319
1023
5143
1934
2376
3165
7974
8660
1215
5348
8729
9830
1534
4597
3687
9917
1158
3059
4258
6689
782
7583
3403
5014
9317
3375
2344
2122
2481
3709
6160
2349
3657
7955
9262
53
4475
6879
9487
7808
7859
5902
1802
5284
9273
9411
9442
3313
962
4536
3416
2227
6089
1574
8478
8527
5733
2214
4703
829
434
4812
8775
5009
747
8294
4792
9691
4078
5767
289
2977
8649
5911
5830
2987
445
9494
1580
1898
8821
3002
4505
3302
5071
4753
9655
8955
3361
3549
4823
3148
3039
8156
6947
2200
1766
5503
6443
7750
9514
9016
5883
8088
8903
134
5183
9267
1867
7576
7968
4547
5008
6023
8225
5896
8734
134
1480
3194
9701
6909
7990
2252
5525
1061
391
2280
9112
1212
3320
8981
1477
1029
3920
4748
648
7349
9983
918
6682
7422
1567
9506
6656
922
9157
7493
6288
4583
6106
3707
4202
4381
8054
8471
5477
8480
3026
8177
9400
7831
3837
4830
6757
9428
3606
2475
1476
8470
6823
1968
8964
7905
6313
9447
7848
9784
1626
9398
6214
5777
3007
7254
5288
997
6308
605
6214
1788
9725
5645
6946
8173
7704
5283
9863
9162
505
5798
6771
5081
2508
9635
3689
7387
9843
7481
9443
1602
9643
8528
6827
1141
6843
9497
471
6007
4098
9512
8845
149
1288
1656
2902
3523
3789
591
3474
4339
9771
2365
8531
7578
723
4168
512
6082
3732
4541
7691
2361
8074
6779
7806
4585
4704
2174
1519
8594
6324
5859
1573
6165
7986
8628
8375
930
5407
8067
7346
643
9082
6212
4737
7003
6030
5201
9375
3139
391
2708
7692
7944
3701
1233
2177
378
8538
6546
8304
1155
3833
918
542
437
1035
2898
7759
9159
6732
1677
2709
5700
7477
2736
2065
9732
9340
7404
7009
9089
6795
8858
759
7513
1211
6508
4479
4007
9162
8275
9604
6510
3251
5103
9299
6809
7658
9124
3697
411
3507
4229
5035
5906
5822
7376
8643
3140
9529
8948
1158
1125
314
359
5206
3960
6140
2547
1497
4033
6925
5919
3710
3877
2307
2875
4861
6108
764
664
2890
4440
6264
5909
7852
2748
4780
423
5609
7105
1461
8210
1612
3065
4070
5318
386
1871
4001
8045
1478
8486
3617
7102
6218
1279
8506
9234
505
6184
2296
3177
1555
4718
7635
6370
9354
987
4543
1335
404
4985
1087
7466
5412
1786
6093
446
3852
6264
5338
7262
6001
5505
7367
5690
4673
6800
1227
6459
9108
4568
7661
1041
2079
3495
683
1949
3108
6146
8365
532
4394
5875
3301
3272
2308
3561
4413
871
430
392
6604
1138
7605
8999
446
676
9966
7687
8849
7816
8499
3120
5001
8238
4721
6478
469
2935
3962
8834
8290
4395
994
9082
6728
4568
4931
2346
469
8108
6359
8992
2255
2150
2224
64
3474
7511
6356
1574
7906
9415
2166
9281
3162
3267
7044
7335
3532
2147
5648
9433
4478
6145
2079
5593
4723
1449
8664
726
3341
7072
55
9475
8450
2646
4179
7355
2421
4027
9829
2178
9678
7545
7336
3280
2324
8786
7756
5492
8395
1964
1230
5039
9093
105
4986
2021
4558
8522
3768
4331
9969
8659
4927
7210
5754
9781
7766
7646
7986
7535
9177
923
4677
7962
1190
7874
7144
8090
5014
6604
4471
7616
3592
9115
383
7942
3051
4328
1384
6823
1363
9049
1259
1405
3845
5028
78
4099
7778
7767
3228
885
1159
4560
9494
9803
3806
218
6099
3619
6811
3305
5587
3655
6855
7053
6264
552
82
7404
2629
2192
7351
6369
5705
382
1697
219
1037
2478
9915
1064
8954
2833
2937
3334
6122
5537
2738
6136
2366
5832
6433
1198
4798
2771
2870
8816
680
3220
9318
5629
4347
778
5103
5019
7836
6384
249
3088
7221
4876
6681
4979
2847
3601
3796
2915
581
9009
9324
3777
1200
9120
635
1748
310
1659
711
2428
813
5546
7976
1470
2342
7834
9021
8573
6694
6365
3011
9131
9399
709
5243
5259
4999
333
6513
9057
1138
4260
3784
7833
5730
6655
2994
413
4552
5010
8268
4514
3653
9639
7839
9182
3111
7846
4427
4060
2829
3639
9047
2270
4749
7899
7469
6912
9006
3605
7118
140
6458
9689
3949
4857
5744
2179
969
1963
5368
1367
4723
4343
547
2758
1749
7015
8915
5546
7400
6473
1151
1912
4112
4655
9527
9082
7730
9064
7208
5251
1336
1839
2389
3043
1921
9900
3200
8823
798
2341
5352
8376
6184
1515
8248
6265
9650
2313
4888
9960
2076
9003
4702
7379
4251
7324
4245
1672
4418
1519
6138
8594
873
3881
9208
6670
8421
2760
8024
6293
9567
2162
4502
3632
5085
3822
2
3564
2746
9349
1469
6720
5379
4403
8968
5519
1923
873
2790
8716
3640
3991
2484
8058
3005
687
6494
5636
9847
6510
670
2649
5751
4663
9254
8899
3673
9083
3519
4430
7216
7226
2621
5724
8707
3026
7962
2915
2729
8661
9392
7062
1984
8592
9177
8564
757
7991
5238
3231
6621
7778
9604
7187
5651
9956
3815
8271
9047
8459
772
1580
3919
8261
9588
5990
9053
7575
6334
8628
9819
6510
5470
1932
9412
7139
5161
4890
3640
4739
1118
6322
2228
875
3041
8813
1492
784
6247
6787
5711
4453
430
1521
4388
8162
9064
3104
382
2025
6652
7831
4369
1847
1227
3495
4039
6872
748
9680
5695
323
6375
9564
8448
3698
1712
2221
5177
9083
8482
1118
1171
3710
3199
1337
7149
1717
396
2027
1560
4870
9262
3687
8462
2524
2479
879
4465
1339
7281
1512
2353
5402
2499
8094
5184
4712
3849
9625
6695
8787
7944
8800
8645
8441
8557
6435
321
7918
6581
5025
4467
4733
5712
3903
9202
4642
3139
5174
274
5694
8554
3956
4166
6647
2092
2669
6232
8269
3549
1831
8449
1884
2177
1983
414
3664
1506
9215
5855
7100
5721
7715
8434
4282
1051
2655
1756
20
458
3398
6181
8637
8178
7641
540
5404
8866
1190
9573
437
3832
2226
1146
892
9749
9822
157
6973
7202
5595
9338
9536
3827
9664
6185
204
6287
1892
2346
6575
3591
9181
2873
9613
5801
675
1326
2907
4425
3934
3670
9284
4706
3625
9950
8010
4716
9501
7972
4793
5953
7115
3654
9473
3512
9348
8131
8758
1684
5782
9986
5200
3078
2772
6717
3194
1899
2078
2852
871
534
9108
5993
3645
1655
2619
4286
553
5583
4974
7364
3419
8621
3472
3227
4199
7660
4519
9789
3406
8876
1589
8310
3226
5901
1707
8792
8291
4453
9695
7622
1148
3025
6452
7788
1709
4161
477
7305
7103
2830
1230
2789
9035
1343
3223
6275
4846
575
9945
8682
2595
5335
7868
9553
6870
6913
2751
5722
9735
2841
8598
6419
1764
45
4616
3581
9292
4979
6019
6298
8079
911
6864
5865
8380
4833
5440
1449
1763
3099
3238
5262
2647
6546
8979
6589
8042
2040
1239
3010
3730
6925
5524
3924
603
5391
3150
1621
6584
5105
4769
7344
3631
3237
6586
2061
8399
8032
451
211
368
4434
6747
3682
239
5271
8039
8050
8870
5188
9590
2985
8544
3906
1814
4741
8506
717
1588
3574
9366
569
1852
1205
520
1104
2166
2426
275
8937
4313
5721
82
9377
9362
4396
1684
7249
5608
6557
1107
7530
1995
1049
2223
1903
1742
5625
6327
3481
163
5382
9966
4832
7934
6059
9910
9253
611
8470
1542
9227
4267
1070
1908
5610
6639
2838
7040
820
4104
5486
3318
7457
5762
3677
8514
2456
2180
7370
1598
2945
11
594
2716
4949
9029
4348
2823
8657
6699
9986
1210
1522
4832
4722
2516
5216
7992
2022
2145
6799
10000
5411
9299
9414
97
2231
766
3470
6957
7509
681
2665
1041
3744
7280
4627
3459
2697
1705
8544
649
1617
5653
4283
7586
6125
6391
8708
7203
1858
5595
1701
3726
1906
8781
829
862
1343
2686
570
7491
5716
2625
7074
5524
3408
2116
4132
5917
1989
1356
3653
9291
2209
574
2556
3111
8877
3424
9651
317
702
9935
8256
6718
3528
8849
5542
8694
7142
335
4626
4614
3661
2308
7809
271
5261
5103
6045
6293
1987
3345
446
5742
1609
5619
7492
8008
4700
8195
2648
6776
8880
1265
2903
1993
8531
792
5806
3398
1719
5717
6832
372
1969
1816
8827
1289
1490
2864
4250
9835
9589
7519
6963
9991
5962
3950
6741
8598
4416
3443
9941
3403
4688
3138
698
7291
3728
7325
9546
2160
471
3990
8513
3359
652
3122
5774
2977
3895
8315
7695
8449
6758
4357
7697
9419
2054
1719
1412
3945
9793
234
2251
5586
393
240
3148
3572
3899
9037
1473
2826
3241
9791
943
8105
3687
5451
370
728
7390
8056
384
5668
6975
297
2136
10000
5516
1920
3932
5494
3873
5594
1648
4014
805
8214
9386
1655
9870
9887
580
925
9519
5790
3996
9066
7011
5227
4671
4796
2261
691
227
3234
3861
380
2613
6436
323
8879
1985
4783
8163
2335
7827
7862
1483
488
9626
3716
8466
2014
819
3042
8813
1893
7751
7381
3270
4125
6708
3399
1104
2825
4919
2756
3408
7449
8561
541
9281
2565
2886
3429
8470
9290
5081
5358
7116
1271
5171
7335
3383
490
7871
9381
3904
9257
5673
6678
8970
4657
4695
1651
4607
5077
9449
6659
8738
7444
7778
3503
4560
8255
4937
288
8590
1445
8867
8903
6845
2299
8604
1484
8523
3391
8496
7560
1099
7652
1949
5106
254
2794
1664
3231
6479
195
6774
6975
4875
7675
8006
4187
2499
3636
4507
8030
3808
9207
2475
5521
8074
3137
4039
3345
1522
6032
9608
8689
4200
4428
3536
53
5659
2805
4898
4638
6893
1747
2494
5394
9159
6868
330
6161
7427
1426
1488
6767
6839
7888
157
7765
6347
6585
6940
8549
1892
5468
2303
8296
9602
3369
9278
8129
2682
9487
5549
6719
9325
6902
7863
4259
2987
3334
8850
2864
8707
9828
4987
1319
779
5074
7148
28
4572
2679
570
5667
2596
8564
7017
2370
379
5068
1346
8249
1744
4996
2872
9656
9775
9817
7914
5811
2881
8485
8569
5677
763
8148
8711
5944
593
4932
3177
3360
3782
3429
935
1131
6385
7040
5799
1292
7695
3803
1700
2241
6580
3840
4501
3017
6534
7591
6280
1242
3930
7579
6005
9765
3327
4136
6755
4685
7288
5204
6531
6562
2984
9676
4740
8146
6219
1636
7198
1335
6604
6707
8464
4095
3611
2462
3479
4780
4085
7547
7814
6285
6933
8708
8324
7171
48
4072
8667
4113
493
8245
9505
9716
1620
3324
2930
8588
4025
4599
5284
6193
6577
2252
2617
4330
9845
4085
6527
2762
8023
8034
9545
6649
8751
2841
7544
5711
4532
9425
3248
4560
8598
8582
763
9909
9059
9539
2842
1096
3833
6881
1544
3263
3890
1284
5852
180
9330
4097
9832
1794
2603
5157
8897
8879
9012
9985
3208
2757
7086
7358
2419
270
1238
5798
1282
9638
4217
7040
8878
6639
3965
8865
1879
2112
6542
4591
7981
7510
6841
5097
7156
2043
7916
2283
473
6858
8898
6218
7715
7153
499
3733
6891
553
345
4753
3989
2825
6583
5657
9781
8572
7062
8490
243
8918
7617
928
5395
1479
651
6786
1360
9083
6338
3407
9895
561
9760
1294
6746
3528
9612
5418
3761
6139
2267
7586
7238
4787
5509
203
4317
8050
5801
1376
1436
9276
7769
8672
4384
4163
2923
6237
553
1202
699
2457
4330
4297
8758
5679
141
4618
8166
5909
2207
452
8320
6463
3885
3130
6281
7907
6407
2864
4048
8023
5395
3906
9185
8554
1916
8754
7590
8725
8799
9117
3171
7223
9355
3919
3013
7928
7327
1940
1720
9910
9143
3629
3224
6166
8121
9752
7247
4378
6826
7679
2887
9867
5595
5379
1506
667
5377
6256
6599
83
7402
8287
2241
7806
5984
1941
3068
5323
7765
8185
2321
8698
9491
609
5344
7832
3803
3609
7115
2892
6687
2492
9819
2584
3121
4213
5447
1314
2660
5955
7037
4637
398
8155
155
2500
3821
4567
4156
6161
7966
9547
7411
922
2887
8047
8264
7591
2660
5695
550
6416
5243
3950
26
9956
2089
3445
940
1008
5216
1707
3575
3345
8893
357
1515
1826
9052
3316
9494
2313
2466
7041
1882
3184
2838
5460
7260
7507
6225
2223
2347
9928
7684
9330
8607
3678
3238
6578
1288
3703
541
4714
584
3124
1104
711
5270
321
7058
2193
2595
7391
1797
3182
9797
9034
288
2578
892
3228
1610
4455
825
8220
5333
2144
6631
1232
7809
8436
3239
8296
4006
2546
8547
8205
9520
3018
7092
8114
6627
9804
4927
4850
9070
6444
5521
4413
8703
3246
5535
5997
2685
3406
219
3217
1959
5817
4746
1513
62
8353
9116
2062
4508
4514
6075
7713
8098
2939
2642
9258
1003
216
6657
241
5251
7574
8523
9496
6260
6420
4409
4243
6636
1424
6435
5557
625
7889
9782
8295
3383
8587
5930
2570
29
1904
8038
4548
3623
1616
5905
2555
2212
6885
4051
4401
6639
9331
896
2074
5160
3979
2188
1078
6720
4646
3690
8388
796
770
7379
9114
4517
1045
2096
6883
1746
8228
6220
3638
2603
9771
1550
9700
1873
3824
144
434
2198
9145
5583
7223
6221
7369
57
7573
9510
661
736
855
4207
9571
1918
124
4903
6286
4561
7666
2393
6260
1675
6480
7908
2832
4514
1458
666
7526
2092
2344
6781
3423
1723
794
147
8241
6750
5051
7647
657
6823
3404
8690
1479
8200
9839
2618
1120
3680
3513
4835
2236
5441
9578
6045
183
4584
6373
4240
376
6162
6615
9373
9070
3864
3982
1111
1303
7927
6052
2540
5713
2612
5599
9975
2737
5883
8500
1955
4476
8338
1910
3599
9293
9212
4750
220
7182
1036
2951
823
9749
622
8183
1902
5467
8082
8023
5717
2052
7845
276
3694
145
7015
4823
5221
6564
1712
2336
3282
1003
4685
256
5405
6872
3438
8976
1703
5283
8114
6157
534
6307
779
3985
1595
2164
9516
3442
7345
1397
7124
956
4339
2767
9088
7033
5971
4220
197
9256
6774
6671
5918
6181
3606
4034
3503
301
1474
9220
4995
918
6154
6657
8204
1091
9217
5671
5612
2632
6037
4838
2026
6948
7173
3367
6059
9088
8729
1374
3389
7076
5558
7530
5552
2233
5060
5901
8101
5239
3521
3843
263
5447
658
51
1551
5456
7873
8512
1852
2132
4047
6793
2867
1398
8669
2244
5187
1508
6010
2313
5525
551
8495
9017
6265
4428
2342
3198
344
6277
5183
6654
8210
8383
5500
4892
4573
2848
4127
141
3525
5476
6641
286
8583
2125
6249
4164
6225
3544
235
5532
8525
1436
2318
8438
5442
5987
4493
1868
7946
9299
1588
1392
3987
8811
9478
6714
8094
4183
2806
1677
8270
5300
277
2537
1220
1967
4903
4990
4021
8833
6642
7451
4808
7942
6025
278
6955
3593
9946
6326
8392
5245
9619
4599
1285
4813
97
794
7717
569
4303
412
9832
6433
4555
9175
6350
5914
2058
6681
8709
5089
124
1446
4457
3822
5522
2442
9158
614
1010
1230
4373
7509
8830
3113
1649
687
6842
8543
2500
3186
4880
379
2098
6210
8875
2677
207
7836
1270
1295
3351
7560
5172
75
4118
4737
1096
6312
1714
459
6746
8862
573
3805
1861
7442
4772
4857
8412
3553
147
2927
6847
4920
143
6251
877
2016
7712
7540
3289
2481
3545
8019
6692
3437
5778
7751
6180
8004
8892
1251
2828
4839
4436
7019
3741
1891
7634
2094
4314
9279
707
1065
8691
5581
4585
4753
5536
7625
5196
2711
6592
2821
5799
7350
3781
2770
6369
7154
340
9560
3491
4722
3379
978
3105
882
6117
6969
2934
2669
3846
5459
6198
3362
3732
7199
1741
4500
4916
6556
1223
1965
7473
9826
924
2289
9202
8457
8089
9455
4468
4548
1030
6774
9229
2339
4603
9953
3872
5562
266
651
1437
3539
8002
2600
7339
2265
2177
8757
2884
3117
6125
2466
9131
8590
3670
3461
1634
2982
2562
8774
2925
160
6332
6931
6125
8208
4854
6097
320
3372
1632
1016
3251
2512
1692
8562
6819
1542
4442
4032
816
4157
9442
6241
437
5255
6706
6944
6958
2120
3037
5076
4340
1703
8223
5400
5851
582
7374
2711
1405
6958
5368
3548
2748
7020
3213
7432
2535
6527
6993
605
6973
7224
110
4504
1896
372
6006
2496
3640
9965
5618
9417
5373
9490
6762
4694
6010
7015
2455
2477
1670
4589
5090
1104
6807
1874
1518
8432
3907
9331
446
9750
3921
1563
5746
6340
5430
1058
9181
1568
8994
7572
5511
8562
5188
8619
6060
8707
3111
8257
23
9883
2507
1537
6673
9870
1564
1677
6416
8830
7237
6072
3613
7048
2160
6735
6253
4684
661
5456
5226
5586
6469
7560
3306
3026
5738
8661
4389
7676
3242
2859
8964
9358
1490
2437
4523
7423
4700
4998
2406
5925
5043
8026
937
6592
2204
890
1805
9093
3328
5744
4524
4472
1862
1347
4519
8023
5976
3447
5210
6618
5558
8374
8639
5360
4446
6799
4742
5445
3452
9784
2617
2118
2777
7053
2527
9637
2581
2593
998
1896
8912
2717
6850
9025
6009
4087
365
5794
937
1136
4916
8734
2891
6599
129
1194
8468
6874
905
1394
311
4739
4752
7018
2835
359
9508
9573
4245
2127
9088
6620
611
9390
1034
4637
4103
717
9833
6478
2766
3835
4793
1581
975
2675
8117
3390
6318
8304
6115
603
8280
665
8496
7069
8668
4368
3301
2304
1143
3408
3316
4441
5839
408
46
5969
5809
3344
3967
6814
5135
279
7768
8067
9516
6848
2696
5017
9274
8865
8784
3875
9566
9099
8032
3001
4086
678
2069
4675
6263
8052
5277
941
1280
9529
7328
4362
3170
4171
6571
1209
9265
3759
2363
276
8926
457
3986
1256
1837
6330
8804
8961
733
9692
4995
3786
3110
1177
3757
5492
7967
9068
2484
883
2671
4882
5671
8945
3739
3789
4905
8427
3238
4530
9426
3234
3187
2021
5926
7818
2575
9245
8768
8868
5115
8427
2124
8182
6594
1155
9798
5466
4848
1154
603
3816
5845
5176
4243
529
864
6171
1338
9087
6399
9046
158
965
1888
8535
7284
5121
488
3679
5785
3006
2083
539
4366
8308
7961
4197
345
9757
9931
2447
393
3350
2537
2949
2000
6086
2295
4911
9229
1163
2517
4936
4121
6241
3847
3139
58
7332
1167
4777
80
2843
7328
2861
4362
150
6910
4918
499
2690
2615
7598
2832
1386
4165
8282
9861
4863
6969
5939
4681
6635
6501
7047
5920
3563
1979
7890
7465
3772
5252
8381
2927
1882
1139
466
8042
4084
5795
5446
3528
2146
3768
7241
4216
947
8125
1126
4076
1099
6607
1000
9514
809
4855
6943
2194
5798
5032
8727
2060
1516
1868
1125
4769
8856
1144
2372
8633
2626
1367
9640
4848
2673
573
9609
3231
6404
9987
6510
4602
7673
340
6902
2702
964
5884
6101
3688
2312
4706
6539
8183
8445
8461
2944
3755
5196
606
3363
8033
1220
5262
2535
9684
9319
166
4375
7490
4222
5057
5153
5922
6913
1605
6345
3641
4945
6662
6512
6840
8769
7102
957
2908
8104
2631
9358
2423
3293
6988
328
6759
3421
6089
1497
8926
1626
2906
1013
2796
4224
6862
505
3366
6338
3418
7180
1065
1469
1760
5299
5258
6918
1287
9714
6044
8556
6331
3601
2287
3576
3755
1716
1415
5498
9178
6418
195
5008
1298
8983
5881
6141
1651
1099
8871
5246
6359
722
2308
4117
2836
5111
4109
6938
4890
2493
641
9533
5926
8358
5933
4153
8274
993
9583
7214
9162
1558
9974
8621
572
6000
9936
7173
7950
3535
5670
4971
7444
2686
8968
7151
5903
7301
9984
3021
5153
1495
934
7578
7491
7232
6739
3895
3920
5004
5699
9656
9012
1340
1024
8538
5029
9475
5087
280
8125
8219
7224
5144
1481
3988
3020
2386
1155
7552
4595
4425
1652
1603
9119
3683
5239
2215
1319
9902
1509
362
804
1324
3029
2487
6936
6968
548
7789
4101
3858
4383
987
5297
3521
3080
4896
8239
6974
7783
9631
4553
2353
2262
1
3471
7196
5108
3165
7238
3710
4711
3249
2256
9310
1652
3079
2256
257
5176
6589
4978
5122
5305
7933
1244
8007
1903
1745
6204
5911
7801
8706
5109
7992
1676
2394
8078
4932
1302
900
4324
4249
6034
6905
7958
5299
8291
7118
65
5210
3018
8498
7860
3440
1650
4929
8719
7
9422
7764
1863
9000
1605
9362
4005
4444
7135
2929
1762
9957
7911
9568
7532
1295
2381
3186
3585
3888
8491
966
2937
1387
5247
9367
8591
3438
7840
1898
5919
2613
964
8302
9790
1317
5836
4126
4947
9325
1919
8657
4660
4978
6575
2338
8658
1851
6553
9177
4362
4986
485
5993
1666
4071
4579
3673
5917
4731
3627
6109
547
3624
7477
3119
5880
2999
9839
5801
8349
3376
486
6965
2731
8411
7303
5626
99
9120
1577
2784
5670
4916
5871
9130
5650
3267
4388
8849
6500
6616
733
9077
1282
4572
4586
9082
1954
3134
3424
4194
5667
2241
2535
6406
3120
9036
6564
5109
181
5681
2044
7620
4722
5553
3316
5434
2881
6962
2515
9766
8159
5987
4222
9495
3085
6755
3495
253
2332
5753
645
7755
9198
5730
3347
3832
8309
6042
6760
4089
8010
1486
2218
7303
34
857
9558
7719
744
6760
203
4482
183
6012
680
7123
1833
7322
5763
9667
6936
1910
8079
8973
2491
2155
6902
5701
7768
9128
3221
5506
826
4385
6483
6250
6979
7857
7836
9101
337
5429
222
2327
2754
7446
2517
9060
4202
5179
6817
106
4684
5876
2675
6060
1096
5637
2087
4861
2629
6641
8262
5135
8304
6223
279
5395
4453
9513
2671
6694
7086
5166
8659
2236
4517
1287
4626
9230
3755
3403
1575
2470
3851
5933
6642
8801
6727
7038
8311
6273
8573
6706
7238
8381
9101
1487
8228
7632
2202
1294
7586
3853
7670
482
1333
96
4068
394
5457
2674
5339
434
6635
7776
1234
3062
8591
2579
4558
932
7877
4574
210
2222
4201
6074
2897
4862
7838
9998
2728
8678
7356
6023
2225
7983
7078
5987
4646
4553
5748
4492
1254
4382
6940
1012
522
1449
9065
4933
6081
7262
4436
5735
1536
5962
2121
7738
3994
1924
4815
5159
2454
5728
3233
4166
9292
4555
6976
326
8762
6054
761
3654
5807
3149
6669
7931
3277
2716
7115
1396
7466
419
7073
1123
2850
54
4846
3503
6482
6817
9293
5556
4097
1715
9208
6272
3675
4317
46
1094
42
4451
3211
2141
3909
1076
6975
565
2192
6210
1586
9945
4182
880
4255
2578
5896
4476
1591
7886
1957
8892
3214
766
7175
2684
3842
1231
2849
8931
22
7041
7373
1060
7025
4631
9361
253
9684
6887
1813
1656
481
3487
5905
3900
1089
130
4642
3341
6620
292
9003
8684
8335
7490
5624
7930
1591
2401
4694
476
1076
6821
5527
4041
2150
7861
4150
2463
1893
9422
5445
6740
273
1084
8777
4096
971
1070
2619
7702
5345
2379
9032
607
7799
1879
1102
1482
8677
6181
5585
1334
8507
7852
1713
341
4356
6624
8547
6849
5463
5772
3617
6320
4228
9022
2599
6452
7738
224
4925
3226
5276
2312
9773
6796
5688
7863
4324
177
7166
2640
1337
9361
9420
2274
8245
2894
4831
3887
7120
9715
133
1491
6457
5501
2203
3256
3033
8030
6619
1208
6520
8387
6311
2376
2278
4984
7012
8673
6508
495
589
3134
6899
4406
1360
5173
5224
2030
2655
2361
6667
1102
5694
9385
2461
1579
6394
4489
5011
4844
9090
7205
8004
7454
5713
4077
5511
4531
1061
9662
4146
6873
7382
3762
5932
3421
9461
2338
2211
4460
2672
2063
1422
8938
9183
3801
3858
3285
260
1413
5432
505
1823
3226
6429
3706
1331
3052
3919
7346
4305
996
4897
4398
7211
2136
9811
981
1162
8420
2113
6150
7969
3217
5901
2482
5656
9386
770
6083
3264
3528
4191
9784
5432
4251
4784
6434
5429
8179
6281
2809
1422
4584
7714
7268
204
1242
4181
7680
545
2716
1298
432
9771
1214
7753
5659
9797
7291
449
586
1153
9415
636
4135
6847
197
9848
165
4070
8935
2101
6930
6127
330
1563
4284
5432
8382
2352
6536
7525
2875
3399
6245
4738
8781
328
5282
7670
1703
7305
6729
1701
5004
2148
8062
9360
6032
9974
3891
411
4919
851
3878
2215
7405
5298
952
8896
9916
9009
1614
1584
4320
9668
15
3869
271
1410
5160
2872
5229
6030
8571
9932
8922
9603
1230
187
3592
1844
6813
8408
5154
2500
9311
4887
5000
7275
3373
1754
1687
6195
9382
9522
5769
4937
5830
5299
6488
4953
4595
6033
9888
6129
9852
154
9431
2248
2133
207
3921
8676
147
6910
9440
292
2462
84
2057
4098
6209
457
3130
6622
4376
9994
7888
4130
951
4527
3437
7767
2320
9020
826
856
6112
4144
4314
2467
3260
2330
5864
5500
8715
5144
4754
7009
2239
5514
5719
7236
7
1050
2277
7606
2075
8553
1374
7653
8994
6212
4135
727
2277
7216
7728
9485
2468
4186
7661
5176
3970
8751
961
1002
4628
9587
6724
709
3441
1678
4284
7853
1860
7586
48
5346
7909
4904
5247
122
8234
5248
4773
528
9614
2568
6115
7915
2453
8162
2549
1242
7882
3289
5665
324
5692
7280
5409
4006
744
2540
4833
7386
5674
2831
8048
1084
9722
9718
5876
6001
1025
2075
4029
9595
2493
3318
533
1286
3099
9730
8958
3283
3531
6297
8495
765
9704
4410
8525
8366
8515
9597
2510
6838
445
5013
6529
9038
2512
9795
9077
1698
325
4204
6300
4580
7642
7233
1441
921
733
2830
6375
517
2822
3913
8849
6216
9052
2053
7489
1729
4862
2319
9321
7121
9736
2633
8255
5838
8899
8790
8796
8468
6204
7933
1341
9328
3835
3227
9077
4594
7339
3526
7956
4196
1504
7878
5326
5286
7338
4305
8313
2676
638
3278
39
7387
395
1969
3090
3173
4686
8393
5071
6864
5993
7604
3491
4404
2776
2776
7565
7386
3865
1210
3530
2528
8942
712
3058
2956
3218
4005
7126
8776
6516
4951
6604
1997
6817
3557
5740
1256
1823
1578
9185
995
1397
952
7593
5153
7118
2930
7292
8217
2657
5535
8482
3189
7451
1597
1970
5811
5912
8833
4746
7731
1258
1387
9668
4746
9688
5655
4989
8645
103
2232
825
1678
3867
5872
4059
4051
7410
1697
500
1178
1676
2327
8210
2351
323
2116
8998
6182
4461
2323
8261
5563
9125
569
9749
4463
5803
6005
3456
40
3774
3413
7933
3542
1984
4057
8542
1256
2194
908
4397
4579
2345
6509
2626
1385
457
708
9898
6054
387
3987
7085
2304
3720
1717
370
699
4901
7776
2755
7358
921
4777
2671
7126
1043
5740
9936
9633
1675
9012
8051
852
3510
1075
1542
1082
7635
6106
5416
3791
2398
2030
6424
5258
849
6379
8541
2435
90
7681
7705
6159
4891
3594
5397
5393
6910
9096
4832
5196
1597
6193
8527
7176
4517
1156
5712
7961
9703
9154
5371
7228
7301
8303
5814
3868
6241
2003
8984
1856
1168
8913
2130
4583
3213
3583
3275
2526
2088
17
9384
1298
5169
3639
2202
4239
5584
5238
5482
6606
4945
1269
2945
1556
3114
2190
7784
7412
5082
4774
5956
8544
831
9963
2017
5738
4001
2544
5300
154
6596
8193
4661
5052
7855
2738
2463
4375
1273
6417
3257
9486
9140
4480
2642
467
5063
1366
2070
1460
5101
8015
5392
308
7368
5142
4601
9979
9633
9920
7900
308
1550
4318
5572
1130
3742
8203
9099
6453
8101
7909
5737
8123
6519
6627
1942
3968
2537
8545
6899
4994
7303
8527
1276
3866
9559
8078
9774
5262
3350
2118
3890
597
9044
8961
4376
3065
5910
3739
2087
4545
6036
812
7569
3179
5241
4628
572
8376
1011
96
2153
5120
9955
390
9639
3911
3000
9819
5877
3512
926
7693
8044
9022
303
3452
8076
1734
8727
1874
7342
1723
735
8625
3468
8374
2666
9315
8594
9864
5206
3881
6988
7910
6585
1589
2469
1741
6529
4182
2626
8554
1587
8315
2098
3317
1114
4027
1014
6242
7694
9328
2291
9632
4057
1055
3328
3754
6995
1227
667
7295
3530
5501
9018
2631
5391
5677
3629
1555
6270
4177
2784
9253
4269
2877
6703
2122
5434
7582
5272
6510
7815
2146
1452
3260
6759
4467
8826
6051
2365
5044
8406
1952
224
8363
5667
4164
4224
1669
5866
2845
9309
1078
1032
2314
1066
7332
9735
3351
1231
6159
6720
2550
4139
577
1553
1934
6583
2907
4222
7412
23
9390
5325
5873
6816
9730
703
1137
7462
9983
2718
1369
7993
9386
4847
9035
4400
352
2633
355
1852
9891
4304
7682
349
9441
9206
2699
3286
8174
9693
9478
8302
1746
6378
9382
8501
7491
5157
1722
9949
5054
868
960
2331
1184
6421
1635
5780
3733
64
4221
1451
3525
2525
4003
9705
803
5038
1366
885
4897
1012
1544
4677
5192
1521
9426
4831
8396
902
9851
2869
3623
2848
8425
7048
1543
803
5884
7489
1128
3985
1571
770
9890
7230
5291
8276
3699
8901
7260
2544
5812
3640
6499
3150
9135
3111
5163
6199
2115
1838
4462
9868
7028
4005
5724
7107
8446
4615
5616
642
7762
5483
2036
1254
4452
917
3618
3451
8583
1807
2810
7359
772
2000
4297
4579
4967
7533
5090
1150
732
3269
76
2077
4601
5923
6645
7516
6622
665
6245
2626
9991
5841
2622
3204
8182
2357
7367
4855
6230
1577
1052
3844
4580
1108
5440
7264
2618
8886
9022
7493
8648
8144
3960
8752
3003
558
2823
3989
1098
38
7076
9342
8482
2010
9512
1735
9432
1538
2437
6606
691
3686
7024
5378
2052
8462
3131
5804
3451
435
847
9923
5886
5934
8626
8632
2170
8952
4037
3235
4699
3186
8034
1730
3947
596
8142
6674
9278
4632
2943
8009
9205
147
9071
9678
4544
2173
8432
8391
646
3206
5756
960
8855
2561
6008
9848
4974
5140
3034
6209
7123
3964
3475
7634
7057
1347
6362
3980
6973
2101
7806
1386
5544
5137
1959
8325
5801
8087
3520
6006
7459
3691
763
4689
3615
8689
8210
5734
3248
7175
2731
4177
4515
5390
17
1875
6892
2973
6961
680
9748
9498
9871
2311
1976
4322
9343
4366
7249
7622
8588
3920
6
4620
1074
7934
3933
5743
858
710
902
3030
2550
3843
1780
6805
64
5352
6683
6662
2024
8586
9021
2020
8959
9464
658
1688
966
3060
3782
4006
6732
6079
1460
3704
6975
6447
7702
2899
343
7629
516
554
6935
2318
269
879
3465
426
3782
8050
8772
7601
9536
1686
1410
3902
1671
6460
9565
5501
4764
20
9944
1946
2673
6381
5444
3909
176
6536
8096
8746
8588
598
3650
6832
3798
8699
2546
6828
3181
6196
5345
2615
7991
7401
1833
7402
2066
9479
8830
2429
5201
136
1160
2563
3517
5324
3874
4414
7413
2149
4731
2020
8455
6003
9529
3553
3489
445
398
1565
4901
8016
6849
4895
6255
4906
1981
64
6777
1109
1369
1281
3989
9671
7665
6232
4777
8962
9637
7045
7003
9530
2843
1056
1079
5489
7424
2172
6316
7997
2519
9779
5374
7301
8779
5545
6321
232
8110
3889
3041
1886
7797
4660
5822
7713
3530
4176
4960
5485
9822
9518
6005
8956
4369
3747
7860
1252
1553
2010
4878
4232
9905
6683
2152
4757
963
3326
7454
747
7699
5630
2046
8613
6683
5681
7224
2687
2611
7976
9983
9263
2437
6766
4104
3910
9155
8430
2119
2861
1414
7763
9254
164
6955
8016
3024
9277
1746
7946
3610
9817
7775
7724
5857
8705
4984
5643
6127
7205
5981
3298
7404
8956
1450
3751
2452
8283
8097
2677
7316
9218
3439
4717
3358
1716
7120
8983
8040
7334
9441
5946
3475
4558
3135
2998
1709
2752
5336
1012
3704
452
5017
5185
4985
3393
1165
4964
1230
9489
7993
8377
6283
9645
330
3966
1945
2989
9005
8910
4142
4420
3730
3545
4608
986
7149
783
4024
129
5570
3668
9604
9798
2261
472
4267
5307
8137
460
3915
13
1552
3392
447
2425
5637
4283
1355
1873
246
6237
9594
1348
2777
4705
5178
3734
2660
6371
433
658
7296
680
2340
333
4068
931
8250
3400
897
4277
3998
9005
4871
4779
1771
7085
2412
4626
3937
3876
4739
2317
8143
2509
6479
2779
7229
1121
9458
1685
3674
6771
3161
6561
5728
9228
8527
347
2447
328
5509
4885
7643
2996
8266
6259
6320
2116
1561
7985
707
5747
3207
1208
7252
4751
2692
6386
1168
1092
7209
781
7483
1251
9515
5759
8162
591
3572
8891
8289
1036
4645
8357
2740
3195
6909
1020
7076
2155
5105
9551
6665
7188
425
8262
1364
2851
9969
5658
1802
7233
9371
440
9804
9171
5477
9471
4055
260
4701
1923
5721
9552
7068
4369
9844
5744
5028
9947
4052
5717
3823
6072
9706
6073
8798
5265
521
9943
2004
5447
9965
1367
5599
9174
9611
4133
1098
9068
8110
7455
5971
8385
4095
5503
9153
3065
9911
6139
8008
2146
2676
1715
8696
8633
8006
8579
7188
1546
3366
9449
2511
4275
7815
7930
8144
6731
789
2870
5304
9329
556
6510
3012
264
8913
7240
1594
4855
6767
806
948
7489
2611
9912
3804
7468
7410
1239
2490
5817
9851
7339
3643
3470
6811
4557
6310
2108
8714
5231
2950
5232
4533
2843
7460
4086
5157
9493
6793
5395
8466
2447
9235
1061
6651
5136
2905
9050
3373
9751
2306
7464
9422
5358
1101
7270
4638
3267
9007
3483
4462
1756
1855
2582
7419
660
1495
2817
603
9696
3521
3633
9510
4806
5092
8018
9798
7948
4963
5227
1808
4209
8872
1988
8736
8450
672
8330
7277
7557
1091
6518
4442
7041
6885
572
2031
4194
7497
1267
8993
7470
6037
7775
2889
7159
1617
1897
1539
4117
5954
5422
6224
4638
9375
661
1766
4930
5348
4545
8881
8236
4191
6835
6827
8658
371
9754
224
928
5856
1224
103
9308
2528
2205
5380
1655
495
130
6476
8034
5192
7050
2719
593
8217
5343
2066
7047
834
3870
8093
5958
1569
4706
413
4346
7682
1509
1961
4383
8226
9223
9245
4729
9568
5136
2964
2986
4300
1041
9771
4022
6399
2447
3529
1230
420
2819
2992
7303
4806
4654
1621
5100
4039
7052
9732
1921
2518
8710
6779
5148
3862
1
9342
5736
8386
5701
1041
8307
7942
792
6540
3092
2417
2903
66
4882
7123
219
5693
2665
4959
1949
3833
1973
9812
9895
191
9121
3671
150
2469
9689
8154
1029
5728
6079
3390
8110
6907
5704
1797
3954
9267
6496
9903
2599
1447
4877
2734
1174
2558
8808
1133
6542
8647
2097
8790
8895
6942
8771
3165
9448
6220
7003
7379
9837
2369
4530
5655
6635
8810
5813
813
2995
6545
8563
4500
4340
4447
7488
165
1499
724
3111
8924
8521
9560
3860
1372
3662
4082
2672
6408
7653
5138
6670
3206
6922
1771
8066
5182
6884
2858
4496
8314
6480
9532
7501
7389
6750
256
2805
8740
6266
2124
9220
8831
5079
4048
6020
3447
2718
1702
2152
2525
2244
8868
2488
493
3847
5325
2101
7940
9901
8848
5490
4482
8513
9833
6651
4324
6305
9066
5109
8590
3012
9730
4963
5891
9457
443
3822
7167
2698
1039
5797
4373
3268
1103
3849
2355
3441
7410
2087
3929
8119
9291
4799
1406
9981
3813
6470
427
9960
2277
1072
4351
2537
3460
6454
3710
2855
6919
7553
3759
3169
6026
6872
6091
9638
3345
4189
82
7691
600
5713
8296
5801
1481
1482
3150
5647
8579
426
9397
7043
4083
7391
7617
8328
1798
7133
2198
5439
46
305
6568
9222
6455
9069
4000
2295
2440
7102
5678
7157
5257
305
1227
2820
8569
8896
6252
6260
1137
1107
5606
5067
863
433
8816
7961
1035
8381
565
495
8610
1324
3871
4304
9097
3506
5270
9341
4541
4124
2839
3612
7573
9891
7938
6797
9247
3682
8664
3621
3585
4302
2117
4592
3975
4561
6759
1359
6889
4836
8840
6561
8013
2992
5242
8564
703
2946
1260
4235
3673
8382
7425
1172
1368
2022
2591
5826
675
7269
6696
5757
9650
8039
1288
1285
9864
5887
3590
1858
5751
6367
2012
1800
2225
1888
3205
2286
7658
3131
2402
5832
7886
1403
9298
658
8329
717
2684
2478
7578
5783
6574
2277
2568
7185
3904
3566
2747
6290
7207
4212
3113
6494
8919
8513
6728
6890
856
9209
1999
6817
1195
7361
3568
999
9506
1204
115
4643
3827
2471
2441
6571
2603
634
7356
4158
971
1075
6441
9355
4331
4415
6535
6522
1053
3990
8655
5237
2103
6528
8502
9712
162
8891
9526
6860
4867
5696
4166
5625
8117
4117
4180
7991
1413
8815
1605
8376
9960
9805
6161
3013
175
2739
1717
42
6929
194
3295
7315
9280
3678
796
2547
956
9790
7381
6313
7990
302
7946
7236
5700
4427
550
1460
7695
9211
8409
3886
5622
9158
3961
4276
7093
1297
2963
8423
6145
7005
6603
7902
1839
3498
1670
3895
182
1133
5677
1543
9416
979
3411
8300
372
2946
8257
8151
220
1277
3784
7214
5075
4799
1317
293
9894
3314
2552
4722
5149
6614
6299
7090
9863
8127
3898
5354
8110
7889
3736
444
8015
4529
164
130
4592
9534
7610
7141
3268
2822
8522
7593
8448
3760
6850
2553
7881
6130
3431
86
2614
322
8605
4320
6367
4101
6904
7132
1288
3305
9303
2099
1515
4830
6131
8183
5604
7672
2492
2669
8337
3958
9159
8896
6623
6294
4790
6439
4907
193
5691
4885
6142
5602
1237
2345
1750
252
9223
3406
9783
7020
1185
236
6172
1668
3745
6560
2508
7142
7982
9829
3371
9368
6776
4660
991
3136
7378
2318
9774
8077
2732
4889
4780
7758
7927
2453
7369
8995
825
406
5132
8603
5991
846
8962
2110
4871
9110
534
4254
993
4443
6441
2051
6705
4146
692
4622
1269
7071
8537
4673
417
692
6474
3387
73
4948
5090
6188
6522
8021
1863
7358
2419
8290
6849
3827
5469
1278
399
3727
2007
8493
9216
4976
7691
290
5340
337
4269
890
5034
3206
6823
8183
8057
2622
2983
281
1008
856
2700
1515
6197
7705
6148
7329
3174
9886
3364
2584
5056
4321
7039
5308
1042
2443
8349
6104
7677
8700
1801
6361
6156
331
202
7467
8550
7212
6866
137
3802
7838
598
2303
6981
8459
5854
8872
8992
1532
379
5679
6013
4556
2798
3999
2206
8020
2380
1883
3530
6078
3143
4339
6081
27
41
3083
7778
1655
7087
2023
6601
7008
2384
6562
6598
1214
8630
7463
3065
4311
8810
3723
4411
6506
1333
1392
4841
7411
1061
7673
1997
5784
3249
2486
9115
8650
5829
9373
4514
4700
7201
9377
5508
8603
3588
2928
906
1261
5409
9103
6562
9757
2584
6201
1893
8214
9478
3471
9217
5888
6138
4923
2658
7432
2715
3917
2406
5457
440
9493
6856
9955
8253
3221
2073
5592
8887
5197
5561
4743
5302
5706
2176
6911
1562
6190
6577
1612
710
1192
7057
8125
9220
2190
8451
2748
2123
748
4434
1277
652
1843
1232
6891
5073
9679
5692
3630
615
9514
4307
4835
3723
1621
8205
155
3552
1849
7495
3205
8428
1231
776
3862
633
8576
9125
3561
5547
1778
4058
1645
5235
7980
1856
5515
1923
2551
13
5953
3332
8974
4376
3088
7800
2899
3131
3103
8228
200
6935
597
8969
5338
2939
1172
8569
4626
6983
5677
7606
1169
6667
5717
636
2971
5100
6008
264
1459
9792
1708
5774
9094
8840
6651
2349
4697
4130
6056
9911
9788
7988
4064
8863
9830
1806
3514
4260
4072
599
9741
6823
8804
3824
3818
5454
2293
2908
6465
1156
5661
556
7006
3534
8032
9538
2647
6425
8123
9729
8144
214
2057
2779
6964
1435
2489
9354
8267
3413
8458
7852
6240
461
8114
7810
7437
3716
4192
6170
6351
6893
9801
7724
4151
5153
7065
2852
6590
6170
7194
408
6342
4334
9421
2906
5769
694
745
9880
1428
1723
6507
3357
1424
7363
890
1850
4434
3809
7022
8060
9022
1857
5375
7891
6801
60
6684
4254
9105
4761
1340
1380
5213
6733
1822
1742
3276
8264
8380
2001
1025
1296
6709
844
1949
1269
976
2095
7715
8287
7698
5901
2755
3926
5542
3558
6808
3175
1910
2949
4891
3456
684
6986
9487
9003
8454
6331
8609
2384
9168
7842
1892
3739
908
9258
3740
964
6513
5491
3318
6279
3408
3679
7540
1803
1628
1919
4776
8176
533
2321
8770
6003
4422
9130
8286
6058
2445
3770
8134
2290
3937
2307
8267
9085
4144
7513
2616
5477
4800
3689
5243
9457
625
699
3070
1320
9721
6108
9060
4406
3977
1655
559
599
2685
4215
4004
7184
5429
8015
8804
6506
8556
3331
4265
703
7780
8210
9354
4597
5777
242
2349
5233
755
6506
8606
4907
9171
1015
5384
8180
398
6422
688
6755
5069
5180
7168
2418
9948
980
2564
8875
5715
4146
4064
7477
2233
6368
7143
8781
4698
1409
7625
5200
5797
5242
6940
8547
1214
1724
7718
384
6001
1148
3892
6919
3448
3313
5061
970
3862
5593
8307
1952
8141
8398
7853
8837
2523
6277
4598
6389
6692
9576
147
455
1476
1275
6583
6596
2163
2748
3688
1938
8301
8524
8619
5420
8239
9440
4410
9233
7481
6560
5680
7812
5697
6297
5233
9446
7951
6644
6198
5023
5333
3183
4224
2507
9581
6529
697
772
7143
1576
1404
4414
5312
4296
3502
2258
2756
6285
233
6554
8538
9216
9958
5008
6816
5822
7554
8891
2760
1708
4252
1775
1462
8792
3101
5263
34
4933
4994
730
1149
9322
8943
8765
7149
6722
4693
1567
9083
7038
2556
6773
3135
4834
5799
5274
5565
5161
1647
5064
9691
204
7547
1507
1739
6219
63
5579
3948
1946
7524
9540
4750
4532
6452
5064
6691
9978
1828
9298
4098
457
7806
4156
3777
4406
4866
1343
3995
8130
1456
9269
3199
190
803
5194
8237
9623
3656
483
6756
7806
202
2883
8904
957
8690
4997
8244
1632
2678
8452
5834
75
3093
3986
2716
6723
3799
6183
6707
8505
7106
6233
6133
6685
5910
9527
8970
5355
1143
8154
9753
4436
8840
7252
9121
9826
1200
2857
5741
2111
2560
1595
9286
1287
1541
6717
5500
591
2590
9195
4072
5444
4140
6815
2661
2366
2285
5047
8464
5785
6646
7327
823
3364
1334
5249
7025
8104
9396
6751
5449
6254
3693
4863
2770
6506
7276
8328
2476
5407
9197
6959
4703
3076
9443
8454
73
1121
6219
7596
9777
3403
9452
8534
8880
2411
2402
3555
3389
6282
5639
8335
7647
8585
9542
6063
7913
317
7283
25
6102
2870
5235
3519
7790
7672
9526
7549
9984
3007
875
4841
3023
4908
4789
1557
7604
7301
3872
3912
5102
1181
5498
2998
262
2219
9919
4537
4442
1708
9774
8169
4022
9749
4296
9662
6416
5397
5544
3143
7768
3126
5315
150
4382
8043
1179
8933
6938
4787
7711
1261
6108
739
7066
8037
5262
2591
8039
9684
1424
1858
9208
4599
1596
2590
4638
9866
7089
6267
5939
965
4503
7346
4141
8721
5629
1625
9245
1261
9415
291
366
3019
3786
5850
2825
6791
806
3128
3447
5690
6665
449
6195
3745
5699
2764
9637
8153
6870
6607
9259
4513
5937
4798
6158
1005
1928
8625
9564
8695
3687
9277
3895
7348
3064
5589
688
4838
7929
790
6516
1391
3907
3225
4393
2540
8013
7578
9555
9905
633
4341
831
1042
9592
4264
4556
1320
7611
5099
9612
3442
4819
2194
9416
4208
427
2161
3240
3609
987
9545
4441
157
787
6488
2690
131
6220
6443
9824
4336
1274
5088
4077
3690
4213
8322
8829
7038
1851
5355
3259
4104
2023
1090
2165
9646
761
4133
1732
348
9656
1015
9637
1410
7195
6588
1604
9760
3083
5400
7901
1837
1966
6848
5431
3242
7748
9593
7979
2680
4086
8196
4632
8034
9695
3280
6581
6964
2052
9541
8721
8409
7415
9895
6928
9914
7995
1097
3267
2116
6509
8075
1903
7070
846
9114
3581
5616
4001
4419
17
5152
3737
4329
1368
6340
9990
3019
80
5995
9569
5683
7765
991
2072
3117
1037
1344
1741
1275
8591
987
5133
959
1883
8200
6138
5908
5982
9111
8754
2968
6682
7695
6726
3093
8150
6348
8116
9052
3326
6630
3457
3404
5495
103
1112
6562
786
6947
831
5913
8135
3234
4212
5740
3802
7164
2819
8062
2808
1923
8913
1596
6296
779
8482
8252
9632
6881
3058
1315
6821
7311
9843
2708
6489
9707
3817
4984
4102
9432
8399
6846
4702
6926
4225
2554
2353
814
4961
2383
6423
2986
4652
4617
6672
3644
6174
9977
4304
5406
1671
1281
2916
5239
3080
8507
2119
4759
8829
3582
3941
5618
5548
8426
9495
5986
4201
3537
6188
7234
4573
5761
5648
8037
8770
6428
1729
3632
7492
3961
3746
7144
3266
7268
1509
7561
7932
9792
2274
834
9242
2026
7266
568
1472
9994
5328
8178
8135
4812
2262
7759
168
9535
4682
467
8342
5343
6427
1868
9555
3023
9319
4844
6262
8078
4105
5476
7914
5707
6181
22
5500
2806
7626
2200
99
1343
5044
712
381
8836
2357
9113
6607
3596
4816
3855
2993
2090
7334
244
4867
9022
1210
3204
2066
4158
7020
1936
8561
8930
112
175
6478
9271
2792
465
843
1182
4354
2027
2103
8127
9061
4628
421
3511
2824
7242
4067
5729
5623
1964
1456
3704
1563
3276
2397
6739
3986
180
482
9216
6200
1247
9389
9209
5527
8215
8755
5311
5407
4228
656
4525
153
7888
623
7719
347
1168
1782
283
888
8882
758
1385
8066
1805
1184
5676
8557
3507
8831
5469
7437
7312
2275
4150
4000
2647
2434
5676
4436
1450
3082
7164
5459
7109
5903
5661
7881
6208
4474
5677
8254
6763
6140
9127
7113
7726
2902
2240
1033
5804
7151
3198
203
6255
8414
5464
1716
4164
118
4207
1635
422
7035
4646
8093
161
6459
679
1159
8139
4234
2927
1948
1189
8031
7947
6232
8370
6922
9531
7482
7208
7180
2738
1020
5569
6342
5888
3622
45
5167
9228
717
6740
8985
2582
1640
9398
6920
9072
4264
7520
754
4044
2847
4572
8341
2177
8333
7887
263
7486
945
6022
3989
4201
6362
4170
850
3153
5524
9365
2593
2308
1662
6902
352
5243
6934
3669
7928
6509
7080
8897
425
5272
1958
1238
2589
4743
5930
4117
1292
6570
8557
6606
8805
5812
5900
502
9491
1428
9091
2940
9884
1713
5761
2848
6395
614
5703
7823
8097
5148
4546
9022
7949
7200
2132
4065
6568
2089
1664
7182
2786
6989
5757
9641
8107
3842
1999
1793
8971
9575
9463
7502
2800
4580
6956
6286
2870
3515
4404
1648
7657
5986
7325
1728
8738
3210
848
5161
8339
8171
9481
1989
6887
9054
6528
5260
7638
576
8431
2679
3297
1650
3521
512
9486
8136
4738
2713
3504
555
4057
18
7810
2130
5319
9767
3686
9037
1552
8366
2869
7571
4401
9011
6546
1131
9551
8905
5
9533
3603
8221
7244
5044
2477
794
8687
973
2459
2907
7248
4234
4092
8985
4308
3404
145
7603
1353
6808
7136
2689
2124
3134
4503
5860
8254
9738
631
9768
3425
9913
8581
2404
8477
8405
8708
430
5014
3664
4261
3271
2744
8662
5460
3022
7200
6318
5012
9933
5627
333
955
5004
8180
6397
9801
8210
4238
9375
4248
5112
8297
452
4790
4080
8866
2115
2830
1236
4731
7282
4086
1467
4236
746
4147
4129
4949
49
550
1367
6067
251
4756
3577
3816
6084
1671
4904
6942
4990
2963
9088
8515
6730
16
9864
7511
4712
7449
9608
4148
1550
5350
2326
7299
4258
5083
9175
4566
8493
747
4337
501
4491
903
7117
9662
6927
8380
5815
2577
2786
8919
7375
1224
3630
3747
9465
2618
5536
6714
9146
3323
5760
6114
743
6509
3852
349
4543
9026
713
4642
9777
2111
2934
7595
7232
5103
4797
6434
4487
5918
5107
5356
4799
612
7305
8695
9633
9127
2970
6659
2013
4564
6355
2355
539
299
8246
3695
2974
8317
1636
4619
5843
6073
3378
1689
2246
4270
9741
1767
3206
9898
7998
5610
8066
8121
6849
9473
178
830
9752
2538
5632
8542
7492
2058
7903
4475
9123
7417
175
9589
4568
4109
1042
1965
6110
5895
6860
5203
9049
4635
9396
2383
1667
7223
8015
9845
9615
3045
3626
6028
4005
3073
3641
2990
6512
1444
2287
4756
4853
3960
2036
268
229
3753
6606
4906
4638
6607
2780
2280
9322
6625
5594
564
1706
6235
7560
5652
9384
1493
337
4016
9356
886
279
1190
3464
9659
2196
177
3721
6783
1068
5253
5850
7794
3089
1156
3603
2596
4917
2066
6475
319
9168
4232
3602
1430
1423
7198
803
7896
5842
3606
1488
7793
4684
975
1937
1967
5878
80
8350
9493
4159
5636
8944
5893
9166
2359
106
6591
3672
3342
9272
2251
6106
9101
3880
2724
9926
522
5442
105
159
9711
4965
8045
803
253
3810
4597
3163
9070
9407
6424
9036
8971
4616
9837
3143
6653
2606
2924
8648
4627
6870
7048
503
7328
5945
8736
2692
981
1397
5678
5813
3749
3776
7065
7811
1587
8169
2234
544
244
8250
4004
9673
8418
2550
4290
8817
4602
8988
3686
829
5879
294
5110
103
1212
3461
6273
5786
2046
2681
993
3458
7049
959
748
9004
8151
1232
966
3553
7008
2827
8335
4336
1873
3050
6837
8794
6537
1508
8728
9693
8785
7893
1936
9413
4653
7068
6570
350
2053
270
3131
8172
7962
2132
874
1309
5111
2677
8572
7769
9676
1440
2821
2412
2273
503
9766
2799
3910
3390
5267
5990
1975
4047
3924
4431
5497
3326
7234
4479
1031
9054
4977
7236
3059
6604
2203
5414
3476
7093
7184
2091
2679
3002
5296
4370
84
966
4990
1707
1802
2567
6593
8407
7285
2535
1542
3320
4078
8690
4154
5470
8878
5620
3984
3483
1475
9285
3800
1443
8665
9099
8665
2165
4545
355
5043
2125
2143
631
8281
7516
1324
7322
9315
9718
7997
7111
5833
9674
4428
5950
8167
9961
831
4454
8222
5302
3042
423
2894
6969
7649
474
5067
1619
5865
1656
5586
8038
1375
9802
6877
4242
4802
1343
3582
3917
3436
3816
6405
9091
1460
3966
5284
5016
2247
5784
7899
7926
4723
6387
4268
8502
7640
5531
253
7317
7468
4205
4855
5646
2644
7858
6019
3183
9559
7263
1424
4414
9059
7206
7928
7674
3444
9139
513
8506
7509
7583
4057
7281
7162
281
1734
5594
9684
3863
8062
5106
4021
7117
2192
4513
1930
3589
4982
5060
6534
9150
323
3194
3454
7443
2679
1297
4250
9276
9122
7481
4518
2180
6838
2291
3206
8360
9278
2922
5726
612
6321
7520
6251
1995
7967
1627
7587
1870
3377
9457
4594
6420
133
6163
474
6232
540
9925
9378
1563
9827
2983
3282
9870
2541
8507
8981
9209
2899
2797
7234
2866
2047
29
9892
4924
4593
803
6258
430
5155
6970
9524
1893
1533
2280
3668
4255
2998
1592
3719
4881
8450
1175
6350
636
5875
8761
1099
1168
7810
7880
5462
772
9345
3021
2947
1122
3955
8872
5287
8497
6970
4301
8233
8308
714
1156
4703
9720
1508
5447
2696
5372
9334
2820
211
6412
267
7780
1327
3668
8035
2912
7536
579
2689
4493
5423
1951
6255
8000
5133
7467
8371
4987
9954
5810
5791
1704
3370
3820
352
2063
7210
2315
8232
1032
5749
9108
6983
8703
8974
1477
7725
4915
7270
9790
9199
6754
6597
396
9714
4286
420
1005
766
2039
6593
2736
7716
8070
5906
1034
7918
1030
5633
6042
1815
6904
4107
9804
2437
1245
2191
1546
9271
7315
5080
2281
5082
3037
9506
4437
6324
3762
6310
3355
1307
6616
851
1348
9236
9159
6279
5322
3107
7490
7313
8905
7896
4233
9728
8423
2033
900
6106
3068
4679
7248
4609
7295
8177
1978
7544
9114
8193
4969
9100
4628
5539
171
7281
5658
4069
8401
180
6676
1597
7708
2945
4520
5140
7741
3644
3275
7077
3710
2745
4919
7687
8924
2662
8458
1183
1348
4777
1288
8813
8595
777
8977
6993
1058
5222
4949
5322
6569
9464
7023
7614
945
2110
7828
1981
6431
6266
7458
536
2925
5916
1726
5875
3207
3220
5673
3207
2122
2433
591
568
2599
126
6900
2152
7238
1014
6092
8672
2237
1622
467
3410
2447
3159
2548
648
4227
4513
1389
5136
2363
7037
6183
3450
4595
1934
4412
6133
4522
2635
102
6620
8686
9597
5078
6110
6342
8809
4495
4996
1561
1567
2439
2845
4659
8831
6692
3600
6327
7296
9114
1939
6958
4014
5327
9947
719
4995
916
6671
5144
7074
6997
9085
2886
5172
7245
5948
6416
244
7333
1236
244
9712
7146
5286
7969
8357
2642
355
5184
318
1235
7502
3989
6739
66
9915
9800
860
3844
2189
704
5271
4926
9568
1221
9362
7958
6571
4034
7379
8668
4275
6689
2507
2027
6919
7795
457
5028
7534
3643
9107
4114
8520
6487
9058
3746
9940
1489
2347
9154
9357
96
4606
5915
3239
2545
5383
9806
4847
9864
939
9707
2620
392
8415
8936
8734
8234
1108
6746
7840
5900
5217
725
5312
6178
4657
3207
9687
1108
4088
983
6872
7900
9454
982
9801
6008
2421
4323
6157
8689
1549
632
5430
2759
1483
7188
4760
8658
9180
7555
3079
3903
699
5180
6401
7235
3493
5552
3014
5814
3572
1734
7920
3828
5396
1289
6571
2992
4258
6156
9775
6895
6100
6064
2842
8986
5451
8036
287
4168
7686
7361
8560
4944
624
7048
667
4997
1185
7347
3964
6818
8168
3365
8802
5311
9106
6986
6499
3456
8893
5904
5618
4974
1611
1745
6453
1337
6155
2866
4899
3882
5382
291
952
8332
7094
3299
4035
7835
762
1200
4747
1180
3622
6504
5455
56
3364
8386
1845
8104
5255
1484
263
5742
8268
426
449
6164
270
6583
9576
6463
7442
7701
8972
5781
3663
2852
2986
6563
6000
7764
266
5056
3732
9264
250
4623
5978
214
1793
6521
1312
799
7480
7200
5249
6436
2741
727
4003
2768
7271
4975
1764
6977
9173
9230
5596
9442
1896
5258
8172
7328
9147
4969
802
2
4834
9729
3071
5765
619
8503
7523
6571
8309
5803
8346
2791
7968
7808
3459
8560
8770
3715
9253
4233
8776
4879
9400
7870
3234
2556
4340
5256
97
7780
6385
6552
3346
5564
464
509
2452
8069
7753
7448
7992
7409
3106
4665
91
2278
7501
699
6357
7767
2599
1311
7201
565
7419
893
5763
8563
4576
3985
404
1031
5398
8017
9126
4488
379
1057
8913
5943
3969
9487
5022
353
7555
7729
2102
256
3477
1614
3304
4594
6647
4826
8855
9570
9679
4141
4778
9195
3427
5779
2459
5605
7044
9546
1452
2041
9285
3761
5529
273
6990
4238
7885
5146
510
2758
2
410
7384
771
3561
849
3771
9780
8014
233
7492
8037
4591
5915
2778
5213
4514
9727
6034
6591
6449
7444
2663
8539
4834
9094
5661
3367
4897
873
120
6773
1777
427
357
2901
47
9219
3453
2619
7059
7539
8935
7495
2767
4900
8771
7857
5811
205
5833
8596
4289
9043
3496
1890
8975
2957
8115
4570
1985
8997
9446
5765
3002
3022
1626
7313
7889
4570
656
8880
4957
6891
9295
8828
8832
4781
9474
6764
9939
6990
3715
4828
542
4542
9998
6313
4514
8222
4123
1247
896
7888
9149
2515
226
4043
7425
9692
1669
9998
1703
4993
3395
4757
1544
4875
5638
6673
7995
8670
8748
6980
6224
5290
5910
4128
5675
6856
1841
3547
2143
7283
6017
9573
5010
9582
3188
1249
9968
1632
4190
5225
2977
3326
5394
1667
1068
2731
7071
2595
8525
3233
1951
2511
8059
77
5398
4482
2345
8887
1655
4128
7443
3685
4239
1442
8130
2686
5729
2301
4830
863
1044
5719
8011
2819
7864
2275
5286
830
597
9377
7328
643
1753
6855
6749
2449
2732
1868
5388
4868
6253
726
1963
8320
8417
1036
7780
4858
5429
810
2657
1364
6886
9949
966
6550
9498
6641
9763
7215
5779
4948
6706
840
3884
5809
9760
2642
8236
6557
1217
7872
7327
4139
102
9282
6606
4284
4013
5221
7053
2753
2305
1286
9344
927
4753
7421
3163
5521
5723
1188
1642
3237
801
7676
6376
4713
4020
1748
3524
8677
561
4087
7782
1123
6430
5782
3328
5683
4729
8346
1259
4220
3789
6669
2773
2243
7404
7140
7520
6229
1784
9373
9466
4229
6471
7875
4217
8275
8541
4039
8179
188
3281
275
5306
9614
8324
1681
8442
5910
7860
4620
9600
9441
8590
6009
5440
7121
4898
7431
6091
1538
6875
1388
1066
2037
2821
9556
7560
8896
7518
5525
5715
6209
2108
956
4395
2416
9515
7574
127
8819
2468
8064
1835
5209
3936
9580
5132
5913
3260
5137
9421
8323
8
4989
9585
5494
8509
8614
7240
3024
4512
6265
2851
9842
4795
1791
7926
5483
4318
1076
5360
9295
7392
5969
7380
9113
7872
1666
4214
2490
621
2066
1403
1507
2455
1752
3471
7087
4189
2165
2231
3607
6126
2380
4636
3146
7945
1064
9990
9918
1419
4561
6324
7020
586
4521
161
1639
3517
709
8027
5468
6355
5393
7497
5753
6705
1117
3298
6319
2391
1224
8577
6414
1617
7160
2698
5501
1774
7438
8923
9219
9125
6494
1609
5311
7925
9434
8859
6928
7285
6678
9549
835
2930
3941
9247
7220
6457
2978
2863
8273
4900
4756
3735
2402
1632
508
6118
6227
1965
2833
2230
6917
3714
9513
1183
3499
7885
9246
3924
2090
4206
1449
8737
6986
4850
1217
4263
805
606
6361
9283
1449
4631
4180
9627
818
7937
8134
4775
9421
7229
8673
9153
6113
2551
4254
7707
6110
1847
9641
790
3442
3150
3802
536
5793
6591
4707
3691
8165
6534
7757
1158
6514
9594
5529
8408
1486
8497
1631
5842
1594
24
5472
4377
6216
8121
3836
6072
1569
2082
3215
6728
8992
5459
3021
9820
2424
4680
5576
6385
7986
2901
3035
3648
432
6616
7182
1227
3454
2772
1127
742
4947
2972
1264
9203
8096
9488
7687
6792
829
5655
417
221
1932
9434
2563
2737
61
4922
5461
7219
9838
2653
5646
5118
8829
895
8099
4808
8392
6789
5092
8751
1512
6271
3192
4909
3472
3801
6552
3822
5490
9250
7363
4048
5333
5861
4457
3477
6793
6347
4821
5589
8890
2804
5751
7077
9123
2918
3972
8568
5186
8339
4831
9673
7485
6721
3636
9885
102
493
338
2755
5459
7719
1383
8026
2860
8328
2923
2128
8507
4586
7735
693
5268
4152
7529
483
6102
6836
4373
5275
7981
8359
2225
8095
6515
2582
8457
9273
7105
1638
1950
3670
7028
249
3317
4035
1950
4140
5385
7432
8106
1716
4758
8632
6392
8660
8098
1978
7484
7983
985
6857
8684
507
9754
8386
9577
3000
8900
8598
4586
8605
5180
5695
5559
569
7132
5164
8848
5656
1428
1510
2274
2666
325
3196
6751
1885
7811
2047
3844
1629
5366
6700
8964
9231
4564
5426
4301
2908
1446
1572
6243
2883
1883
8633
6403
9684
600
5604
9663
4538
3548
1157
7307
2760
1457
373
1951
6177
9273
3837
424
9891
8519
7250
6708
441
5079
9853
4261
2239
7337
5290
7517
1669
6415
897
5842
2844
9265
6059
2979
330
3343
5277
1263
6545
6860
1843
3993
8316
6964
4451
3398
928
7958
5482
5793
5371
5404
268
6892
9476
5760
1287
2204
2363
730
6884
1683
9864
4326
9532
6313
3518
168
9239
9365
2397
1377
7061
9381
875
9711
1973
5092
6145
4867
6617
2810
1065
1735
1916
2379
8747
7541
338
5882
7319
1800
6279
152
7059
7226
4192
928
6487
5608
2474
3380
2920
6176
729
932
1485
1412
7872
3961
5793
4789
4524
3301
8620
6372
8718
5788
9473
852
393
4689
4491
4856
640
4955
9668
4241
9647
5817
7867
2874
1115
2293
9725
7015
7316
2184
1659
9008
4463
9487
6492
4385
1796
3432
8029
3091
8900
7480
4829
7369
1267
8732
1786
748
8562
3592
495
2860
1822
4687
517
708
3089
9989
7088
7297
10000
6839
3134
117
6646
8369
9190
7969
1226
1143
7660
8713
4121
2796
6590
2940
1133
3002
6088
7895
6431
8861
6677
5449
3315
3667
44
9785
9154
3627
7546
9930
2740
5975
7668
9031
9502
876
6188
1387
2364
519
8214
9578
7814
8011
3699
2023
8769
5024
5201
5585
14
7338
7342
6110
6835
9624
8068
2180
1593
5804
2321
6603
8779
5778
1126
8810
2241
6859
3223
379
4049
7144
9051
4334
3245
2539
2100
6514
3794
3211
8484
9814
4003
1276
2169
7118
7869
4016
5618
6653
3585
1944
6002
2564
1053
4373
2088
4323
5563
183
574
8281
140
116
3147
4890
3756
3241
6824
5956
2346
300
7276
1078
5635
1714
832
3722
7850
3747
9373
762
7416
7602
5398
557
8278
8161
6019
7051
2677
5250
355
5669
698
6962
9271
2793
7842
3389
934
7358
1359
5172
5728
3475
6020
2245
5404
3283
9693
7194
1077
2869
6485
3993
4008
8318
3944
2447
9099
1717
1099
6911
4798
4598
385
6712
5955
1279
5168
737
6369
8051
4289
9571
6321
9099
8289
3736
1610
2930
7415
2391
9721
6816
1472
6670
471
3535
9173
5767
5831
8406
4472
4240
4161
555
8059
627
4568
2097
9476
4865
9880
281
9813
1660
7492
8999
3238
3366
1386
538
5255
4961
6628
169
7266
9028
1790
3834
7102
8699
1672
3087
3199
1748
2908
7310
1253
2589
3216
7873
1139
3513
8266
3239
2989
1152
4084
395
4394
4311
8907
4628
2122
6998
8520
6044
3037
9152
2011
4345
3789
5834
9567
7633
4883
9773
6367
1849
4238
2461
8083
3213
6375
6192
606
1385
9094
9097
2906
986
8197
8294
7397
8665
4622
8982
1155
3937
2366
8676
6890
9363
9078
9046
6844
7864
1446
1361
419
4308
3778
4738
4483
3557
6202
5916
482
2182
4493
7335
2100
9720
2897
8896
8297
6925
6198
1483
6685
7626
148
9761
623
2137
8053
5269
8399
324
7936
2624
4848
8781
3135
5083
8305
2974
8728
6442
4617
1763
9709
9057
7503
945
3180
5628
2745
449
4416
6227
5621
3630
9980
2626
9358
4661
8013
1795
8546
2269
6309
6616
1317
8120
8446
2235
3524
6833
594
9557
8785
784
7967
362
489
9296
6229
8184
7738
1017
7698
9497
5284
2666
366
4015
6683
166
409
5896
933
3174
7453
8350
3910
4440
5711
2936
2882
1310
2402
2192
298
4062
6232
7412
7525
8010
6985
9610
1407
636
4499
8369
6150
1407
6199
1421
1388
8586
4715
5011
163
4886
6368
3080
8137
7416
7215
3357
3952
5647
1223
9735
7714
1479
267
1962
4439
2674
3873
1858
2658
186
93
2696
574
6339
6033
9284
8433
1834
1062
9726
3272
3635
9525
682
8429
5450
3276
2793
7977
8414
3532
7458
8725
8202
5872
5143
5600
5235
1761
3352
208
7434
7390
8367
9814
5244
7338
4052
4383
2952
47
4934
2047
7503
555
4817
5713
8994
5630
4930
7564
7319
7733
2389
1769
2638
7372
3372
7546
9161
6918
6647
9670
6175
6394
9341
1125
6369
4020
2607
4924
5876
682
1452
3264
6128
1368
5683
7631
6175
4615
442
3486
2063
682
2974
1105
1352
4433
435
5751
9674
6125
1220
7125
7807
2592
103
7958
6531
3729
7694
6960
8225
1944
7659
9653
2509
1464
7182
94
6093
1851
1803
8598
4954
685
5455
2103
1225
3828
7626
9130
3472
426
9736
2796
3481
8281
4799
1839
5083
153
3420
773
8972
2228
367
9758
6471
726
6610
2946
5283
4893
8923
3687
7105
3728
7755
108
1163
5621
3165
8833
9053
3400
4718
3167
4196
7931
9566
1700
3634
6620
584
1756
8409
5440
3777
5816
3391
3844
4009
127
3839
6407
2731
3609
2859
6902
478
911
8213
8174
1240
7641
7435
6164
7867
8123
8582
3006
7811
8422
360
9465
7439
6243
5865
311
4108
2724
8192
5327
2022
9368
9216
2447
9650
141
1138
1800
2167
4797
4121
3510
9092
9710
7579
7405
4684
1184
4415
9794
3873
8902
8009
1773
4053
9707
8485
1555
8605
3093
215
4878
2525
9118
8016
943
4168
9126
9310
2961
3627
6517
8130
592
2876
1641
4416
7501
2480
33
5857
558
6265
1305
4428
8209
9096
741
2627
2670
7216
3452
6488
6251
1362
943
1648
1066
4853
562
1026
5197
3392
4916
7916
3960
2778
9440
4030
8115
6715
6291
5296
7986
3170
720
7798
8069
5344
6745
1801
2097
2681
3197
7891
3898
5646
8105
3074
8494
5802
2467
5124
5788
6526
234
9112
8405
759
6504
5999
7624
6697
954
9946
7291
1058
6421
6193
4646
2280
9297
9693
5327
6893
2630
6842
462
2027
5919
5640
8179
5762
7171
9923
463
1496
9701
5487
6221
2376
5919
3920
7454
758
2899
3005
7157
7376
3859
1166
8117
5587
6984
6623
8833
4893
2193
6920
5858
4343
207
9911
5908
1189
5205
6623
9638
47
9153
4422
4991
6509
7427
4189
690
6124
923
8941
6689
4780
6376
9420
4256
386
2510
8502
8747
2897
177
1399
8737
926
6439
7800
868
8375
6930
8579
8834
5291
3303
365
9792
243
4042
8715
648
6520
48
2637
8555
8900
6551
2251
1015
8592
3810
8023
8320
4121
3269
2316
6373
1987
8705
2262
1564
7028
8988
9184
6982
2112
763
4421
7243
5342
2432
2561
9087
7869
3687
947
2410
27
4631
5017
3388
132
9311
2301
2741
5837
4230
8669
5686
412
4897
6536
675
7787
454
5993
848
1392
5667
1886
6576
6980
9658
5873
429
6920
6975
37
6973
3039
1978
573
7083
145
502
2420
388
6679
8156
9035
5933
7560
2482
6166
5637
9644
2883
8740
746
9381
6704
427
7971
2665
7994
1836
3024
9059
3928
8968
5347
6206
8076
3015
1927
7996
9832
3749
1773
8992
1510
3153
679
9642
1103
8971
722
1932
3627
1977
4309
2511
2769
1052
420
8646
927
22
8045
2688
3522
5375
2854
4162
8478
1246
2449
8732
1604
7765
217
4315
2630
8888
5477
6139
4919
6291
8154
4723
7450
5172
3116
9564
9613
7312
1497
2725
1398
5387
6279
4471
1070
5759
555
6344
3742
3401
1599
7550
91
212
4102
8609
2983
5829
3793
6539
7186
4374
5152
5120
126
2491
5519
4660
2611
8050
5340
5802
3228
4352
7445
1161
5994
9539
802
7079
5200
8225
9110
8783
5345
2004
1038
4792
7222
6968
3663
4877
258
3532
4198
1397
8187
6121
4056
6973
9620
1249
5420
6485
7406
203
9871
4
9435
5235
2198
7461
56
6933
3044
2887
3481
7051
8735
1663
1878
6093
7888
6412
1116
5774
4825
4680
9729
7392
1089
2780
4974
8997
8971
3469
9566
856
6812
4367
268
5387
3746
362
6888
8870
9902
7696
6982
6359
9618
3310
4140
3429
6332
5771
4985
5080
6187
4718
6158
5006
7544
1430
7662
9151
6811
8529
6305
7488
8558
5132
4395
4905
8502
4438
1645
4032
9690
477
8390
2995
3025
9159
2777
3171
6252
3849
6575
9775
7075
1581
2635
6981
3407
6941
5225
9108
9775
4052
1063
6492
3189
2691
3728
9256
5726
2194
7871
9445
5465
3123
6361
4544
4048
669
273
700
3692
2261
8575
1089
2513
9917
6866
5180
5584
678
6959
9343
1778
5818
8437
496
6034
4981
9625
9090
1720
1429
511
3991
9553
8898
1253
1377
1282
4250
6296
2548
381
427
4404
7964
114
3904
624
6744
4414
5220
5810
6600
1611
1479
4059
5510
8336
1803
5664
1823
3593
1316
5154
903
3988
940
6051
1988
9813
443
5323
1431
3309
6158
8409
6143
4110
2225
9239
5022
4782
4641
966
2023
4654
3732
5431
3927
7889
104
6415
3037
4984
3860
4642
8032
6100
6151
2699
8851
4280
453
6529
3319
8540
3319
4601
6706
8892
6428
3833
2151
5364
2744
9590
2241
5775
6363
664
678
5910
4534
8172
568
2726
7293
1556
3194
2119
423
8296
7176
8035
9737
6336
2924
413
8025
6162
4658
9255
3047
2980
6199
4662
3300
6185
5307
3894
1586
6572
1765
7080
6363
3250
9501
552
2424
1527
702
5354
8137
7098
9655
6654
8015
178
5129
3376
3330
6885
7807
5735
1868
9017
3938
6842
8491
4482
4061
2316
2471
6219
1644
8827
3981
2229
610
7399
7854
9656
8999
3925
5503
845
4395
4345
6752
8490
5944
4143
9429
5133
3322
6579
5328
5527
6456
4398
1875
4259
3135
9738
5038
3592
6778
7884
4472
8497
5477
6609
3772
7582
4836
235
9006
981
2660
3830
1244
8023
2935
7680
5433
3672
9832
1661
7640
4513
351
4235
7004
565
7964
7127
4594
1512
3860
4001
9890
8031
9323
1770
9888
5721
4516
4422
5876
7416
6156
6606
1283
9272
3741
1655
1317
2120
5328
9912
5666
8636
3771
9632
260
5926
633
4741
615
7929
4519
9178
8333
8791
955
372
9821
5579
2181
6432
8828
4467
7698
5117
3108
4076
1645
5101
3524
3671
6056
4730
4869
1123
2361
8901
3723
4477
3220
9520
5011
9270
1202
4851
4423
3912
6327
6859
9415
4220
9967
8419
826
6008
9878
9584
558
5914
9808
7715
8205
842
6655
5757
1227
662
6617
7762
2749
8081
483
1483
1448
9763
4902
4523
427
677
1999
4333
3236
5001
4519
978
2203
5938
9888
9710
3494
9940
529
3367
9965
7792
9553
7785
203
7894
9635
8232
5524
8874
3587
2105
9398
5820
7172
8581
8900
4843
1234
7415
8395
6725
7402
2337
5639
2756
1628
7762
7238
1478
3786
748
9848
7884
4438
1930
4009
5418
4178
3714
2499
3042
1705
8588
5153
5670
1713
6472
8111
5447
4678
18
8808
4947
3192
4882
1073
7785
1284
1231
5904
9551
8672
5003
5578
8638
3368
661
4377
4191
4805
4617
8999
4102
1722
4710
4103
7937
3044
4925
1111
4901
7291
8856
9559
6993
6993
5626
2089
2652
899
4757
8275
9435
590
5217
3221
8246
5443
1542
3216
3492
307
3394
6067
7319
9297
7676
5911
9605
3532
1071
996
6067
2615
2471
5855
6196
4995
1166
8
6540
4740
4108
4534
5883
6099
9344
8032
4563
645
2593
2362
2154
2966
3532
4867
9987
7678
176
1368
2533
231
7483
9309
7913
2051
5903
8649
5470
1392
4130
8585
9123
4223
6447
2127
7683
6136
3532
1911
810
7094
1157
1630
8983
9300
4814
2324
6179
2730
335
1731
8222
6362
1225
7202
5964
1696
6798
5024
6817
8585
2419
2460
4683
6697
4467
9827
8164
1095
4140
4488
2615
6171
3864
4545
9964
9311
211
964
1807
1759
3292
4038
7248
2129
9762
6382
6375
445
1692
5715
596
7302
6035
9235
8411
891
1223
2845
5216
7253
6084
5729
7762
346
5666
2375
7893
1087
4941
6699
1298
7047
5765
3128
3552
5446
5480
2404
8430
1660
9418
8756
914
8352
9989
6481
2645
8664
5300
3536
2214
4051
4518
4782
6419
7977
6206
4300
6269
5698
7920
2787
6685
1262
1648
4798
9669
2025
3469
6771
3110
5770
9497
9849
1994
1119
5502
5005
4592
8611
1930
977
8760
1953
7
3823
9973
1191
2035
2106
1296
4526
6799
180
9228
6984
3710
2548
5751
259
1849
8231
8963
8217
7279
2037
295
5743
7403
6654
5461
3170
6491
3918
5586
8764
1620
7498
186
9912
6835
7877
1806
9798
7909
8516
9006
875
2507
9346
3751
3502
6040
6213
7267
7500
9214
3600
8391
6383
9068
7731
8817
4607
1327
4952
2368
7356
143
3708
2682
426
9312
3954
4806
6252
5218
606
278
6754
6115
2879
5529
1907
7954
3093
6037
8496
9789
3762
2066
5867
8414
1261
6729
5389
862
5383
3021
4518
7969
5688
1306
2812
6700
1844
6071
6342
3220
3560
774
8663
1737
4983
2001
1848
1972
7857
4963
1474
5592
4276
2666
5122
2301
1782
7410
3906
9963
4124
8759
9621
6477
2425
7185
3688
9144
5793
6166
1836
9970
1828
7005
1165
2913
7482
973
3170
13
3284
1840
2290
129
2418
68
9931
2832
6692
337
6008
1361
284
6490
4885
5989
6611
2421
906
3125
1723
4227
6985
256
9317
8676
1050
2689
9889
4741
7607
3346
9686
4224
3579
4228
9953
5513
6869
4692
2159
3696
5310
6448
4669
362
171
5693
3364
4711
2946
8858
4454
1197
5091
7871
2068
7088
6278
2564
3896
8761
7629
2715
732
2910
793
9299
4013
349
8228
1164
6531
2331
5629
3714
6423
4265
4233
4778
8569
8266
6446
9606
5822
2038
2116
4495
7877
2337
8716
569
2221
5782
9670
575
1612
9031
876
3699
8022
4569
5020
9655
4934
7806
1569
7474
5458
5900
7660
5807
6193
4017
5053
5248
65
3162
2676
2470
2805
7153
8742
4430
301
7494
9794
6545
1076
2201
9554
8712
5686
2605
2572
5786
4944
619
8622
3343
8529
8220
1338
1463
7412
7268
9495
9949
1023
6883
3235
5514
466
3500
7236
5919
9759
1982
54
4231
9564
5290
5630
8616
6470
5188
6908
5572
7583
2379
3967
3108
6832
8551
5701
9674
6269
5189
6879
2834
8325
5984
5999
274
9750
6820
1378
911
689
3062
4914
6382
1654
7276
3464
10
1710
3667
9521
6687
1889
6408
8633
6266
4174
6311
1519
8430
3577
7597
815
7482
3662
1664
4048
4936
693
8489
9150
8461
155
5505
5266
1815
2984
6025
690
5250
226
6670
2580
4344
6853
99
3930
546
8804
3695
4063
4845
3925
2281
7225
724
2875
19
4769
6547
6559
3075
9261
5726
1774
5666
2154
8064
3732
3711
3827
8041
4000
9607
7437
3299
4591
3156
4777
2014
2289
5335
3640
4541
9708
441
8651
1600
9658
5364
41
3645
7974
2288
2588
865
6873
8791
824
5951
284
8163
7804
4220
6699
6780
3049
4099
1823
2118
5622
3256
9942
9874
4347
7741
7492
254
2559
5457
3274
102
6588
6415
9675
7786
912
3916
6309
9389
3549
5130
9080
659
523
2252
5194
3614
3519
4392
504
9564
4803
8295
9697
117
6813
7065
8748
8327
7150
8610
7451
1424
8740
4150
8667
9551
4795
4659
9910
8341
4466
6368
318
4420
273
1832
5475
1014
5889
2331
1291
3194
5953
1150
7445
9055
3743
8600
8593
5335
5989
3728
788
4335
1823
9665
648
4780
975
8287
1001
5262
4532
1789
867
6131
8484
492
7907
5960
3881
3389
9295
7711
4443
6354
5276
2514
1723
8595
8880
6769
6904
272
682
462
1580
8856
6637
529
1266
9306
2751
4501
9487
6237
1815
9152
9848
3208
3247
2996
8743
3370
8299
1097
684
1359
5967
8673
6887
9250
1706
1547
3145
2613
6224
136
2525
4570
448
6045
8202
4595
7716
3999
3461
3113
8711
1492
8735
6677
8168
4329
7407
6720
1907
9255
1727
1769
538
3431
4686
4385
1153
4926
8729
1641
3750
4403
7168
1166
9742
3304
3108
2846
9082
9887
3075
6093
9374
9272
602
5874
7640
2080
9522
8412
4676
8556
4379
2339
5731
9551
6944
5049
4203
6737
3520
9914
8865
5659
7023
5451
9589
1644
967
6060
4935
4259
6783
970
4489
2779
2129
6898
7017
347
7162
2076
8562
2321
866
4517
5155
8493
8272
3242
3980
7300
5073
2473
5337
7180
2627
361
6987
9700
44
2623
4519
7235
5959
9407
6380
5042
2466
5254
3695
517
8635
7279
2939
5847
1169
7495
1245
2320
2820
8427
7024
8177
9072
9408
3246
4066
1061
5211
2496
191
8479
3535
4583
5842
52
5169
4468
427
9952
1128
4488
9604
3653
8461
369
996
8859
7377
3070
42
8087
4911
7946
3189
9023
6752
5033
7240
9712
1916
5733
7357
2054
2528
5584
1775
5961
3817
3104
6275
1130
3953
3601
3017
1900
2781
7902
2482
5726
3881
9941
299
9032
4660
9240
7037
8297
3575
1934
3406
9081
7999
1960
5324
6687
2915
2770
3500
5754
468
8744
2856
1070
3731
9602
9194
4749
3459
8408
8507
6019
1314
7764
9953
1667
4738
4048
1971
3671
1415
6973
5301
4024
8198
8658
3660
2495
6774
5711
6591
7010
5259
9638
1957
3387
1088
9007
4587
3791
8870
3476
4545
4783
337
2735
9661
7323
6683
8287
1150
4272
5586
6194
1263
3676
8477
6705
8435
4781
38
420
7993
7493
6001
7543
5733
506
9446
3961
603
6206
5666
823
5540
2736
98
8869
8820
280
481
2369
3497
2761
9392
4748
8243
2190
5557
2666
1123
7972
3374
6411
2403
9188
7824
7573
7302
3350
906
8288
1505
604
3401
5337
4087
76
362
4865
9100
5359
1146
4810
9797
622
9282
6762
4472
4513
8060
6541
6732
8375
5736
4054
3819
8234
9381
6587
2968
1351
7562
9536
3342
4382
950
6986
2574
3956
3475
6042
9748
7484
4548
763
3266
5499
4285
770
2757
1232
5746
6355
2407
353
6624
6257
3915
7145
6226
4508
2980
1463
9548
3329
1031
3881
373
4398
4420
4555
7353
1126
7743
7555
2360
7153
3413
1431
9151
2312
9567
413
8221
3226
7758
9672
3330
7609
5542
7782
1165
5393
5157
4341
2093
6740
5930
8373
8827
819
2347
8119
356
4739
7411
5571
563
1501
7100
8006
9796
7416
5906
8487
6758
1163
7281
343
7146
358
5609
3398
7969
3534
8473
1183
877
6336
6688
3822
3164
7942
5473
6894
8281
5550
8705
534
9258
9626
1793
3287
4038
9983
6735
7208
8831
7365
4809
4219
8995
2996
4127
5933
2069
5012
199
2814
2116
9536
8518
3864
9266
2450
3686
8304
7320
3165
1618
9358
7240
4973
7248
9729
7517
9388
5429
6500
4681
4079
6406
3949
5562
3537
6683
1524
4055
7649
5796
4133
6969
336
6383
4924
4433
245
4933
3208
4925
95
6479
1597
9734
9685
6526
3099
8020
8750
6236
2075
551
8757
446
4219
6732
510
7086
5508
6049
9504
729
1881
9390
8061
3995
2781
4040
3004
4397
1641
5420
826
3292
835
8978
3148
5660
761
779
4893
5849
7105
2272
8625
4627
1855
9345
2431
5311
437
673
517
876
3812
2388
8436
665
4111
4321
6057
8881
3709
971
4375
9769
5385
5414
1436
2350
37
1085
8504
7078
2850
5349
1647
7789
7355
5285
8624
5926
393
6970
8784
6152
9710
6018
9843
9980
3445
8183
3291
902
1759
9613
7689
7120
2865
3912
3414
4036
9953
2352
3251
3732
7767
9151
9271
6451
7901
1221
6250
6365
4053
4327
88
6810
8592
3309
7237
9198
971
9799
9596
4582
477
511
4381
9801
7000
3391
6484
7854
682
7442
3215
5117
5921
4809
1177
7302
4468
692
2667
3578
2281
2203
4901
9865
2112
6071
3156
5304
9915
2099
4385
1482
8200
4601
8093
4121
1821
3722
1128
5706
3066
8066
5895
5972
1774
1819
5739
4393
8766
1888
5009
984
9498
4114
8060
2925
2079
9950
790
5378
9677
8395
9670
9777
6191
1933
3098
6118
5910
2732
2970
1068
894
8583
1141
629
591
9766
928
3191
8100
1589
9657
5077
8409
6619
8565
897
1501
3454
4591
4728
2242
2858
5307
8165
8341
1907
8925
4784
7111
8363
6250
3972
4208
8431
2895
6478
4217
2093
7175
3188
9978
5957
416
762
6421
3294
6203
424
8552
9311
84
7050
8653
4576
3765
4039
9627
3265
9534
1259
3368
3229
6946
4483
2849
4429
7774
591
5486
5303
1233
5670
525
1894
4260
7465
9108
5310
4530
2954
598
5427
9246
3238
907
3410
6942
2877
6499
407
8006
3726
7707
836
5327
5961
734
7836
7730
2942
4444
7062
4530
837
4695
47
6207
1075
9965
5313
3117
2682
918
9055
6236
5665
8790
3507
9627
7944
535
9096
8179
5072
6959
1203
7132
5017
3671
4919
7557
2453
2704
8873
5606
7454
9787
9443
1679
3997
6624
3030
5453
8212
6110
2376
4430
2305
20
8460
755
1302
8413
2337
441
5369
5269
3617
1223
4525
3595
6521
8828
1010
5918
7055
6564
1748
5112
1045
9508
1474
6860
1267
9019
6308
6492
1033
2969
6025
8779
7256
3519
8028
4040
2332
615
6179
5905
9923
2139
8033
4532
4678
5632
1910
5038
2010
715
5922
9318
2127
8067
4049
8662
8754
9092
4036
2829
626
1062
7555
147
6346
9777
8205
909
1705
8607
8033
8547
3838
1715
4811
4410
5719
126
5161
1760
891
6796
5524
4287
7171
1286
1994
381
45
7536
3195
9024
2045
2050
6793
1617
8486
1058
3064
5016
3404
5528
1633
4166
8948
9211
6509
2091
9190
8320
3832
2672
7126
9372
3897
6546
7089
4812
2862
1250
9969
6051
1644
2629
3658
9207
3366
4523
1140
7236
4523
8978
4410
148
5280
3026
4877
2657
7928
6674
6624
4150
4853
8306
9238
1149
5254
4896
5520
7219
4246
5432
3038
2408
2305
5680
3091
6303
1966
876
7104
1029
5219
5198
6210
1322
7223
4178
4380
2682
7039
4896
3884
1090
1970
9019
6558
8378
7587
3249
6123
8086
5844
215
5223
8698
3644
27
7088
7444
1241
4108
3971
2141
3365
5313
9324
1001
8218
505
5509
3789
5214
235
5586
255
9595
4313
4706
4897
7678
4066
3086
2067
4203
2679
7636
770
668
7281
687
1443
4842
307
3101
2769
3890
8335
3602
7375
9188
2462
4174
4783
3616
2924
197
4617
6530
3176
7682
3440
193
6234
2810
1530
3818
1619
8281
2193
9292
9516
6637
9749
3162
9435
143
2664
5130
8933
8268
2037
4042
4530
9504
6621
286
1649
8540
5871
2752
9072
4663
6334
9837
1966
4776
7932
2240
7516
4514
619
3606
7344
9377
7344
7423
1579
9260
9899
3686
8688
8420
8617
6443
6082
4777
2588
1652
6817
3380
5983
1053
5136
907
5553
242
898
3101
4548
5042
1011
9603
7948
882
2021
8163
2081
7926
857
208
9611
6635
2516
2821
9524
6718
760
5195
7760
3142
4436
7704
3768
9409
3734
3867
812
2118
9065
6194
5506
1311
2508
5524
8194
5780
8839
3633
6888
4521
1020
9181
3395
6325
7933
1334
1123
8844
7622
4617
1384
9921
8823
8225
5733
7668
863
4924
3337
1878
9990
7075
8133
5748
3736
8987
8452
8351
57
4213
7404
5518
8498
5735
1522
3573
8892
5961
4287
8153
3879
5791
3101
6609
7720
638
6327
6937
7778
2261
4891
6067
3828
318
3208
1159
7563
9930
7608
6209
8552
4915
1281
2425
5428
1835
6820
257
7732
7159
7906
2272
9146
8052
9740
9725
4041
8224
3566
7370
9605
1948
5215
7352
1994
4792
6220
5717
3013
5926
3664
2987
4575
9105
8236
4696
305
4493
6127
982
7834
4860
3618
8593
9905
9583
4602
9998
6526
7672
6615
2654
8599
1014
8215
2982
3549
2217
4815
9381
3802
8756
4632
6547
6379
5208
2272
5421
4587
1957
8848
3562
6655
5633
6058
6065
8009
9925
4713
3790
9845
5127
9745
9939
7669
7866
4732
7373
9523
495
7050
4426
28
6960
1287
4890
441
1961
741
8808
6626
5630
6015
5303
6684
2644
8478
4680
4089
8015
1256
7060
1622
2211
6763
5430
2620
6297
984
5975
5303
1965
7750
5342
4327
894
6293
3867
2702
4852
6999
563
1478
6249
5572
1027
5291
5661
4371
8615
8226
4838
5590
2495
2192
9506
9104
6678
1439
8883
9624
8059
8254
8038
4370
7310
8850
6065
6777
9780
6202
5710
6684
2382
645
8671
5566
6276
5447
5359
3780
8106
9139
605
4176
3727
6490
2862
9552
5232
8430
413
7422
7280
1697
5984
2385
2023
5687
7907
1797
4128
6769
6341
5403
3262
2927
2209
5865
5300
6091
1788
9412
407
1507
7720
9505
4446
749
9133
2414
3557
5326
6906
6328
7124
42
7501
9612
3029
6122
8495
1839
616
8254
4020
311
557
2273
1061
5683
1291
666
716
8419
9808
674
4880
2188
6278
7443
1434
8127
6637
663
2729
7853
8863
2540
1200
5603
2792
7204
5889
6889
6341
660
388
4282
7972
6697
89
2210
1097
4070
4363
4176
4798
6281
8883
475
4868
4493
1127
2237
4301
6840
6358
4978
7432
3590
7952
3258
2764
8496
3484
7864
5229
535
9665
3947
4832
2005
3729
3852
994
4928
4487
9437
9078
5459
1613
8411
78
9438
8294
5608
9064
5179
3230
7145
2942
8755
4026
9146
1980
6700
7725
7021
1031
3980
6585
3521
9144
1314
8168
9559
4753
9555
5005
9764
5353
3978
7722
9854
1359
9159
5209
8534
3750
5006
3217
8469
6335
2961
884
9093
3102
8756
3104
3948
9085
360
5873
1148
1384
3376
5697
271
2141
2078
2526
7846
384
3722
9310
5243
6010
809
2196
9014
1651
4076
9169
6387
6705
5499
9489
495
3704
459
6080
5359
8067
1844
2261
2100
662
2929
7743
4982
471
1021
1908
6636
2940
890
7119
2401
444
5928
6424
813
4210
2408
8036
8713
8849
2526
9538
5336
8164
6732
6874
3862
1229
4375
5440
511
6631
8168
3762
9421
3981
2684
2183
601
7848
7036
1433
8599
2454
3515
417
398
303
8766
5819
8312
902
8009
8658
3112
1649
7971
7920
3313
2129
2830
245
919
7323
1031
6665
7319
3934
2292
8394
2563
6379
1172
785
7164
4781
6830
9040
19
5597
6973
595
225
8888
219
3233
9114
1549
8935
6550
4571
9749
722
4052
7510
2292
4081
272
9316
2749
2620
1204
6303
2695
3845
8416
8504
1164
7681
584
2603
3785
1643
3530
6300
683
2837
4188
6438
6311
9644
1955
8992
7671
7209
2014
2312
539
9990
5288
9901
8202
7573
7086
7409
107
1285
3611
7972
2934
5254
372
4195
9123
5311
3401
6867
9751
866
5673
7742
9265
363
2497
837
6724
8129
3879
5769
3855
4212
1494
2087
9150
1765
6158
5429
8517
4025
8241
209
9130
6700
4355
3633
6484
474
2392
3458
7518
8059
7387
649
2017
5322
1923
348
888
8116
821
4415
6674
5200
147
8608
4347
6913
8331
9826
6313
4362
466
9196
8136
8021
2683
4876
8145
3408
1618
3551
6006
4429
7001
7346
879
3252
6351
9164
2855
28
398
6915
8883
7108
7319
8009
1639
7507
4785
2281
6497
155
7517
8352
8801
740
535
7464
4478
5818
9786
680
7605
9933
1299
6003
5676
3379
4225
883
2800
7383
9234
6487
8399
5196
76
9408
3996
7781
4338
2137
9011
1571
6266
596
7422
447
5929
4392
9913
5589
8768
2439
5812
1232
6464
6728
2872
8365
8391
2212
5211
7871
5918
431
1103
6276
9894
2457
9112
4227
4968
7769
4472
5696
1789
1948
6854
8535
7764
247
1739
6757
8662
7386
6986
3025
9677
3183
2339
8537
6446
4638
8123
5636
4885
4777
7525
1794
4069
7929
3344
8421
4681
9503
5530
9829
8168
8412
5362
6371
1845
9876
2531
5771
4106
7459
2105
2558
9990
3006
5111
4094
6488
2716
6478
7152
6591
2479
5646
1965
5375
9081
6583
8701
1245
6039
6420
2930
6358
4206
6819
639
7734
4177
8300
9296
5023
1814
2686
3810
2758
6356
6283
8020
131
2351
5039
4257
8505
5628
8808
3814
5537
5954
6279
5599
3654
9434
4107
4953
1710
9002
6013
7302
6270
6640
148
4638
4807
5453
100
7438
7807
631
9431
283
7031
1100
1388
2326
5821
9257
8176
3182
6120
7276
9337
7721
6101
7875
7172
1605
1624
5426
3023
3362
2447
5171
5354
3056
8629
6394
8551
5525
8803
191
378
368
9568
1416
2861
5059
5601
4791
1500
2094
5854
5667
7447
2209
3148
8211
8171
7964
5757
7053
5959
8243
278
4729
7267
1613
1872
9845
1031
450
1961
7007
1135
736
6571
1447
2107
433
2489
1769
2798
962
884
1458
5595
8600
1764
7849
1771
6278
1998
3894
4608
8157
4137
1270
707
536
3588
201
6666
6780
3394
7320
2212
9216
7472
7650
2514
4349
5520
1048
4995
3176
5789
6969
9368
253
8746
2731
1166
8892
1500
2980
6765
568
7174
784
6777
3058
2718
8351
40
7617
4601
5429
1712
2979
9633
486
7255
9615
1187
3911
1274
5127
8146
6419
2797
9343
5514
7422
2833
3755
8626
7479
4291
5594
7843
3002
8431
971
1933
7740
5693
5077
6570
5378
9922
1613
9626
152
2286
8742
2759
2578
2151
1861
6341
1663
5076
5815
1958
9895
6656
5646
8571
4901
8319
5496
4289
6458
4957
399
5961
7098
8202
3080
989
3314
6968
1237
3024
5091
3822
9844
1909
5475
41
627
5488
5963
872
9803
2844
8501
3800
6704
4366
3239
7087
401
8082
6218
6548
1555
5664
5594
1288
4376
9417
3202
8286
8759
1889
2816
1251
6541
1520
2541
9541
131
4938
7100
1500
4519
6827
9940
5769
3199
128
3168
9009
7491
6418
1748
1980
6283
5877
5864
3627
1625
5366
9341
5181
7404
8039
8604
937
1115
8342
1937
1082
485
2719
2013
2778
7810
1325
5528
3416
8952
4433
6867
4931
1410
3731
2086
1780
8086
4697
4666
6219
6927
8017
2759
4992
3505
7767
7637
5459
7337
9605
5128
6760
9028
1441
9594
1098
4108
9526
9708
1646
476
1078
5589
8979
2766
2934
4041
2481
4375
2301
1586
5795
9605
8720
294
8741
6216
3268
9195
5003
1994
7206
2070
5886
4171
1798
6072
7022
7916
6795
6249
8080
8710
3891
4824
3195
6303
8675
2523
8616
691
1352
4973
7716
5058
5402
982
7788
4657
1064
4708
4545
7207
3687
7134
8046
3636
3426
9388
6106
8626
6212
4799
6898
6251
1809
8780
123
777
7506
5492
2258
2221
7934
2228
895
4275
8385
7386
9310
5667
8775
5027
5198
1896
1692
3516
2569
7619
3411
9197
6282
6342
1662
7163
3095
463
748
2499
6825
1629
8157
5654
7627
8854
1493
3554
4728
3294
801
5148
9654
8682
8708
3660
1874
4511
3110
6039
3536
854
6844
4255
879
9840
1776
8415
76
9819
3957
9128
746
4674
5406
6912
6295
1502
2969
4968
6415
3802
6339
4662
2303
560
2411
305
6072
8965
993
8307
7467
4281
9625
634
3761
219
832
9925
1386
9562
4699
5269
6014
8118
5386
7117
5759
6512
7089
8694
8016
9285
1794
7188
420
6545
6117
7827
5271
2262
6118
7833
1659
8735
8406
2542
860
5288
5402
7144
2231
4059
2598
3191
8594
8559
4412
6580
3697
910
8524
5539
9516
1674
4472
5299
6775
8864
2032
9831
2208
9602
4936
8917
2100
1300
6276
8800
5204
3998
5365
3934
5677
557
2943
6747
9694
6270
1363
2705
7085
2053
9721
6797
7590
527
5447
1943
9603
6224
8378
3859
6729
1999
462
7507
5575
6392
2027
7839
2614
2126
5149
6432
4909
9918
8680
7072
3771
6550
8600
3253
5573
8437
286
8853
3294
7866
1739
8794
7525
6791
8875
3621
5333
9472
8080
7203
6676
6363
8929
6641
601
3453
2314
3684
8644
5832
8537
9121
6631
5505
1671
7934
4039
9260
1342
2278
2395
8091
5740
4601
447
7644
7517
2002
1969
8012
266
1725
6020
2354
6687
7510
2623
8966
7552
3703
600
9176
6592
1366
4914
6205
2063
5380
6202
9993
2149
1910
5813
6233
866
9036
4750
1429
9194
6378
9553
5978
6427
6516
9461
8035
9419
3623
955
952
7906
3643
7775
9487
8588
7582
8283
1205
8298
1203
1313
2743
4962
4862
8245
9515
2956
5099
4169
9569
9157
1134
4810
5740
3502
2828
8257
9171
2195
9476
8096
3127
2713
4575
2859
8375
3344
7857
6180
9778
9857
1023
6399
3127
1248
1797
5560
741
679
943
9255
4925
230
5911
8559
8142
2052
8300
71
9106
2248
9403
6377
4939
7173
7364
8678
2093
4956
5419
9668
6896
3696
1864
5013
1857
7217
959
6470
8212
2810
9416
1571
5315
5807
5543
7548
6836
5088
7133
4978
2383
704
2980
8528
3094
843
6466
5651
2534
5722
5273
2088
753
4825
3585
3516
6864
2307
8657
5674
2322
2939
7613
879
6772
8614
9687
7885
282
2680
3695
8218
9257
7933
825
5277
3816
1505
3483
9010
8723
5091
8007
2878
7542
8412
3783
5893
43
4353
6353
399
2942
2313
8648
8317
6272
3579
4559
120
3151
35
7957
7204
416
1741
1804
4055
8777
4254
8976
8410
6622
7160
276
3841
7703
2816
2676
2737
6680
6545
9741
253
687
7273
79
2659
4806
4467
4274
8062
4930
4870
1137
4188
94
5330
511
9652
8756
5266
7230
2566
9956
4174
2147
2708
7726
7056
7665
6863
1336
6675
8283
8679
5664
2757
9785
4226
125
8360
2191
4065
3312
3602
4603
8913
4879
6722
5248
2779
5375
2484
395
1631
469
4503
7015
3513
3252
9321
7866
9290
2601
6807
4757
6361
2869
936
8741
1379
5532
7293
3976
1736
8377
6399
7256
3042
8460
1798
7288
5832
1760
90
7826
9873
7597
4438
2894
4869
3596
167
3602
8151
5834
2753
1213
8997
9724
8782
6176
2654
4862
2318
4109
8719
2042
6174
3414
2500
8738
3510
2743
5645
3476
1600
5912
9373
91
6008
5831
6430
1319
2838
4295
9561
2289
4012
1464
8874
1496
3591
7994
718
8389
8796
9300
3423
9757
6627
5186
9815
7617
6035
1977
3250
7373
2677
3600
4282
6173
1191
8656
4808
8513
7015
5620
2095
2462
4963
9327
7886
1930
5576
9200
5042
6367
1789
5167
4971
4810
3926
6263
221
2278
2541
9415
2739
3988
8422
24
5976
3389
3421
6344
3721
4862
1479
3087
7003
3893
9623
4592
5075
6654
3866
7609
8475
8910
9636
6920
7387
3068
7103
8651
1452
1498
3997
1295
4649
4252
1192
770
8821
720
9440
5570
5700
1910
4100
9992
244
5792
1647
7207
9565
690
4122
7454
9575
1314
8440
6145
2352
9997
1481
9094
3845
6806
850
9189
3795
8138
1006
4080
1373
6266
2440
6510
3069
7927
8479
2417
7802
4363
3663
966
1236
6086
8627
872
5813
7801
5256
3852
5201
9986
3359
8082
7103
5980
5389
413
6077
5542
7427
5027
6227
7227
580
247
8513
8736
9018
3567
8463
1784
3157
1131
1067
6080
17
6681
4002
1814
9005
1661
6878
6431
5603
8047
7095
2598
6243
2541
7537
6355
530
7354
8548
9166
2474
4164
1028
6526
8152
4948
6578
7457
2122
1954
2399
241
6446
2079
7509
2353
6936
9142
1843
3044
1624
4090
5441
925
2641
9941
2358
3795
8029
4670
560
9627
8754
265
6119
6743
6782
3926
7793
8948
9136
8198
3143
5331
4977
2794
9593
8645
4499
3562
2217
194
5222
8686
6538
3443
6169
4890
6005
247
593
9842
2333
2379
2867
684
1157
7579
108
6872
8286
5111
5606
4719
9272
4294
9296
8091
3942
8172
6948
4292
3989
4748
1839
6284
9957
9001
6639
5190
5973
9853
6284
4246
3189
2686
5646
6696
6932
2048
4150
1237
4786
7185
2959
2834
103
6004
7477
3752
5063
9579
3127
5960
6934
2113
2842
6609
8698
3900
8538
9265
5968
2032
8845
9813
7732
1472
2630
8546
1884
8778
4015
308
7884
1257
6773
4847
1513
1604
1824
6410
8052
1274
8306
9811
2612
4951
5345
4276
8377
7720
9656
8609
5808
7171
55
6877
4584
3130
8827
2962
9742
6460
1711
1272
6690
5483
432
3514
8339
9480
4093
7295
5791
8498
7664
7192
9588
4648
6130
549
8158
1613
4406
9773
8338
7652
781
5682
8308
7843
3720
8249
2457
3797
1228
2269
1608
8137
2853
1611
3402
6031
4351
1165
3780
454
9192
645
3607
2303
4438
7567
2124
5329
1879
4070
1709
1910
4794
515
1565
5835
1903
5800
8431
1526
4254
1805
6302
9711
2219
8494
3844
5171
5890
6980
9865
4150
2159
106
2352
4933
8454
5580
3871
3700
8587
7579
2031
4804
3381
6686
4081
1475
4963
3086
6724
5531
7388
2936
6993
712
4190
9234
1032
4483
1240
557
8229
7670
330
2492
2067
8948
4544
858
1727
1120
4661
8818
6007
9621
200
1877
5123
2667
8665
2527
8044
9362
6372
2504
498
5417
7466
6441
1285
3360
467
3652
3248
635
1565
2349
163
8437
3554
8790
9139
2613
6677
5673
1808
5328
7418
8843
1583
7276
7729
1353
4574
5333
9996
3333
5925
7558
6614
3956
7736
8468
2215
281
5699
9312
9288
3143
1239
6516
1030
830
2983
7573
7848
2425
8721
6637
4317
3145
3714
408
3041
5291
9947
1250
9788
921
2409
7971
4784
9299
7294
9126
5266
3150
6039
9603
6666
4131
1840
5731
9736
8618
8995
8613
5088
2836
3790
2374
6426
9206
8418
9556
6461
7360
6246
5059
3557
8352
409
3533
1808
1654
2064
1025
1027
1979
9681
1945
5811
9488
7882
4896
4858
8783
5355
727
5341
5690
6156
4412
779
5255
6848
613
4285
2327
9743
7342
2483
4670
1061
4242
1281
7288
2196
1755
1521
5410
4716
7890
6892
726
8270
2058
3503
3721
2637
595
8606
3827
6059
6063
4176
1860
6322
852
805
8854
1393
9824
7007
4229
1433
8006
6180
4581
8889
5035
3055
2650
6672
4337
2538
7108
6848
8154
907
4440
8017
9073
8827
4890
3639
2914
427
5521
8295
1221
9808
5742
4334
1028
7797
792
8786
7512
4652
8060
5388
6220
3450
3933
7808
3214
6078
4557
7178
2167
8583
7426
1469
1478
9822
2185
6751
4762
3039
6440
4692
6415
2137
8960
7041
4773
4509
734
1019
9889
2700
876
548
9718
3684
4555
300
3980
2714
8729
1231
190
7409
2360
3813
2873
3625
7013
7827
8531
2123
1333
2596
7341
6780
3905
5536
8444
8728
4229
7921
4697
7890
7411
4081
1776
9840
6925
844
3250
3865
7530
444
7578
2112
8895
6639
4897
1148
1682
9812
5173
8559
5916
4729
5272
9969
6008
8551
6378
2486
2743
8061
5317
7085
3908
8132
9304
9704
6437
205
9556
1913
4763
4221
3275
1485
7542
2940
823
1799
9712
7637
6052
3874
8639
8004
1941
7144
515
7709
9212
7690
4920
3736
2533
1236
7688
7032
9902
923
2468
1333
3810
3433
2042
3182
3446
3372
8394
354
3460
1712
9629
8352
9506
7136
3342
7313
2563
2534
6153
3612
2343
1702
2734
4814
9141
1922
6854
6708
9684
1930
7988
4186
554
4586
3867
5712
5407
160
6715
9374
2714
4893
9208
2876
5382
9795
4444
987
9929
8348
9590
485
3975
9853
988
4493
8815
4955
4179
6097
2590
2518
5214
4023
6245
3441
3500
4111
9538
1280
198
279
1021
7972
6160
1248
4989
7858
5335
151
266
8848
4445
6229
3839
5967
514
3851
7109
9135
3998
8898
2314
4246
970
7624
2652
3209
321
6067
8041
5124
2764
6270
8366
6764
221
5925
6721
550
6843
406
7440
4480
608
803
9485
7930
9976
3211
2462
3626
6095
6014
8880
1906
6284
8299
924
1427
4412
3477
1719
8805
1362
6299
8240
3192
3829
1730
3260
404
1104
5087
1042
4371
3012
9264
9398
4141
4884
315
705
959
3610
5278
1432
827
3349
6828
3112
5513
5301
1802
3908
7761
1355
9601
55
6104
5694
3390
5189
377
3250
7629
1868
2821
8328
4881
2327
4043
1646
7098
34
7546
522
2146
6684
9445
4661
1546
5786
6113
617
9449
93
8369
7390
5127
4077
5845
9371
2435
555
3868
1603
342
4929
8363
7587
3605
8854
233
1047
6493
4669
3409
9230
6392
476
6907
4243
6863
1433
8008
3305
26
5777
5015
6403
1586
8933
2298
5082
8874
4789
6497
6516
2831
4848
1587
5472
1546
5895
6767
6431
2149
6104
694
6868
2897
8887
7826
8024
1730
4427
9560
3674
9041
4336
4976
565
3874
4421
784
5367
7448
9246
5356
5407
8847
3065
8696
8685
308
4611
816
954
3706
8524
6294
7283
1146
6426
8902
1620
6912
6744
1150
2921
6977
2511
70
428
4894
318
5308
8258
9056
7484
9981
3737
5659
677
3366
5045
6369
1710
8398
5523
8288
9453
9298
1237
278
5986
209
255
719
9753
7688
3924
9688
4105
6540
630
787
5931
3225
6439
5943
83
3883
7101
6682
9268
1311
9237
6488
4602
1121
7306
5851
4262
1816
5133
2697
9834
7591
3964
1218
7128
8394
8840
6871
4357
4613
1041
4752
5843
7562
4575
5669
5545
7859
6420
2914
8319
5465
3029
5994
9265
4340
7524
3731
5719
5006
2922
4640
64
9285
3972
2201
1198
9644
4988
4523
9685
6209
3692
4028
86
6467
8977
5686
666
4454
8431
9004
5867
3991
3875
6529
8337
1757
1472
7729
3135
4336
392
9219
7341
3187
9092
4396
3284
6389
8966
7249
3924
5451
6913
7875
3979
1715
6639
4292
1151
3485
5520
4292
2820
1381
6294
2362
1773
9563
2353
3379
4143
8984
5414
3879
530
1508
8615
1811
1126
6347
6254
1927
1953
1505
4868
1589
8327
3505
4443
8714
6094
1931
4543
6642
8403
5402
6339
7605
5378
6803
1555
5588
9059
4782
8880
851
5316
2750
2925
253
3901
3927
9091
7990
6933
7385
4298
5981
9094
151
1742
1226
3942
1403
3504
9373
2918
4588
9349
3509
9264
8930
8596
9192
7467
1934
5833
4289
2010
5785
9950
5235
2655
3132
8770
6033
9831
453
1249
5497
1236
2555
448
3428
2683
2523
1988
991
5344
2789
5402
2501
6889
4455
1996
370
6679
8768
5208
2734
3481
1589
1168
3789
5039
7241
895
9305
3768
5485
3576
7979
1468
4705
9455
7345
4584
6092
2876
5427
4164
222
8135
1612
7479
7005
8011
6631
309
7346
2958
9998
8697
6309
6877
6045
8326
9642
3634
7475
8457
8855
1638
7146
6555
6808
9161
7247
3769
7105
3190
1579
9896
339
7625
4808
3147
8088
8062
6171
9277
5351
1085
7916
4125
7837
6919
535
1603
6048
9916
787
2443
1296
4040
6961
3965
3736
4399
916
3928
462
4462
9317
7763
2763
2242
2009
2472
1310
6838
8044
9800
6783
6832
4499
1964
9056
1942
6207
623
6177
343
1914
9981
6997
9142
2843
5327
2811
3582
1321
7469
8272
3788
7898
7043
3350
7056
7263
9864
36
9594
3
6828
5491
1980
9570
8948
5786
6363
5595
7701
9423
1071
3122
519
787
9148
2862
1439
5159
8776
7577
4905
6643
848
5372
7142
4649
1723
4103
8221
1562
7716
7941
936
9500
1703
322
7611
3174
2954
3966
5366
4645
1983
9065
9288
4790
641
5841
5304
7650
5633
4573
6269
9100
2034
4162
8634
8451
1074
8687
6886
8056
3507
4267
5849
3327
9721
2023
4364
6247
768
6257
3623
6586
3790
1275
8965
9784
8780
1772
5151
1162
6625
967
4230
1074
3039
1529
930
1150
2944
6034
7721
1847
8671
3095
3225
3482
7432
338
9693
762
8015
7337
1481
6413
254
7754
9808
1173
7204
5109
8155
7524
2347
128
125
4631
7513
7570
6489
6271
1001
7530
2352
5718
5809
9446
9858
9656
394
7336
4080
9384
989
2086
6052
1791
421
5957
526
9619
215
825
1176
2948
3964
7405
5403
5679
1018
5327
6786
8179
4382
869
9988
7375
7651
9118
4075
4439
581
8257
3786
3162
9865
4663
9006
971
9059
7244
8811
4960
7499
7189
3980
6560
1709
3614
1155
4137
8002
1112
5191
4161
4180
2419
5724
4983
1901
3286
5592
9314
8183
2337
2236
3928
2518
5306
3906
2511
2537
5717
1996
8329
7144
8200
2943
7250
8761
4529
2856
3602
1012
8690
4120
1682
7599
3879
7642
4456
9859
6687
1898
3986
5061
4200
4330
5370
4116
686
7051
8202
7576
3807
7335
5236
1288
4301
2131
5668
9683
476
7064
8758
168
2306
9354
8672
3626
883
2120
2119
5113
1365
8687
3693
4176
7165
3413
1525
9926
6859
1013
5023
7298
1026
1796
4111
8284
8260
6438
9712
8117
8474
4247
4674
5873
4315
7547
6390
4604
2707
2700
2473
5419
7682
907
8415
7652
1830
8647
5505
1752
2149
7984
7128
5536
3318
5019
4346
5599
4084
1309
1831
7902
9881
334
9286
7401
3933
3628
5799
6725
3981
8327
5511
3666
3102
6707
4635
9773
7471
5577
9346
8658
4994
1265
9665
3109
3934
5668
645
9329
4493
1301
976
4384
6118
3401
5974
4544
7637
9788
453
7592
5900
9981
2100
1681
280
3587
6295
9233
8500
3548
3526
451
8971
8351
3744
249
7450
7331
1355
4246
7260
9491
5147
4320
3427
4734
1904
8029
7073
5204
7119
7611
9203
3292
4050
6253
549
1459
9382
6903
2137
4544
7124
3900
2750
2195
6196
5449
4856
1363
8040
4390
1425
2707
1866
8425
5544
9387
2514
6055
4058
3778
7061
3292
7101
228
1672
1687
7206
4932
9658
5638
4580
346
9590
3617
3201
5989
7998
3565
31
6287
2526
5769
1149
4684
3278
8180
4200
30
5630
2013
6996
4453
7647
8701
3081
8627
5438
573
3206
507
7865
53
80
6867
7312
5743
5070
8121
4110
2599
2030
2740
8433
3219
3857
4084
8535
2938
8209
1138
6773
2914
1952
7525
9918
7387
2580
1651
5823
1917
7825
3660
6489
8830
7646
1415
85
5641
2707
4727
2406
9573
4763
8434
9126
108
1360
9986
5053
4790
470
9027
8718
235
2097
3779
6796
6264
7953
4082
9820
5830
1928
4351
8767
9331
9009
1322
1438
5116
3957
8490
2402
7417
7582
1200
1414
7551
7568
9226
4455
7362
4907
2862
7523
1084
3504
505
5890
8139
1178
1624
9182
4555
9246
7280
5971
7368
7962
2052
2099
94
7220
8416
7577
2826
8251
7906
8370
4806
15
762
5319
3213
3631
7848
9681
664
9607
267
428
8788
3943
1265
8078
6622
9745
5927
7569
9031
1823
4664
5522
2914
7131
7149
3083
1172
5715
5303
2584
2355
4112
2556
8849
2289
6198
8484
8041
5578
8677
4611
690
5084
2812
6304
6265
5146
2688
9755
7250
1290
6663
9063
8202
705
66
4230
8250
4696
1739
8126
7472
6016
5492
7541
7360
318
4827
4958
1800
646
6948
8378
6425
9487
4766
7394
7894
6409
1142
7377
9007
2673
503
5496
2275
7526
2077
5744
7114
8558
621
8803
3419
9845
8349
2569
2144
1888
948
9239
7688
3619
1272
5877
1017
1837
2447
1266
1006
6124
2092
2698
5147
7008
5845
1900
6713
2820
592
595
4428
683
3396
5945
8028
1269
6105
1644
6473
6593
4079
6578
3893
1669
3875
7631
3632
5790
5781
8707
3172
8553
8171
7779
338
226
3864
1524
8595
9279
8627
2823
8946
782
532
8244
5269
8071
7059
1236
6846
6268
9598
6709
8743
4199
6758
9428
2236
9449
762
5078
3217
3724
6482
6236
4659
7265
4726
4243
9849
5487
547
6448
9644
7668
5001
2470
4663
2987
1286
5464
1022
175
2293
2081
1419
6538
2264
8324
4054
6285
9392
1042
2897
4553
9163
2679
5430
9753
2512
2942
4273
2752
6701
6228
7980
8855
1984
1424
8223
7053
167
4694
4214
1316
4205
7567
6442
4965
1749
8648
8880
7369
2793
8728
2464
4288
9647
1122
3108
6439
7939
6410
3603
7818
283
8506
2284
1960
6699
2197
4656
6495
5078
6063
1431
2442
6975
8340
6832
1132
1365
1461
3713
6972
3687
726
7057
1873
2286
5472
6991
228
9895
5634
3984
1748
7310
8211
970
9954
5261
6395
8109
9624
1260
4675
980
6796
9116
3781
4420
712
183
1203
6144
9347
2822
2218
5225
4443
6743
4968
9962
3744
4910
4728
6612
4111
8234
4920
7550
6956
1126
5510
7959
7941
4355
6968
8079
7677
6284
4845
3056
8517
6752
7618
8754
3609
5269
3370
8059
9628
4054
9051
7388
6577
7239
860
111
7963
2810
905
2628
2568
9375
3725
7128
5982
5378
3219
8854
39
4201
1686
4991
5533
7600
6733
9135
8085
1473
7010
4070
4391
5977
6122
7756
7197
2354
689
8612
7005
3603
832
7498
9042
9373
7626
8230
6297
4057
6700
9792
5997
1348
7965
8631
9453
3429
4471
4375
6887
2831
4530
7180
7372
921
3016
6012
4458
695
1016
7047
7271
9413
3531
6391
5067
2608
1514
1345
1313
5204
9926
3694
6288
6061
7074
650
5582
8868
9181
2501
222
8173
1478
876
664
5487
9265
7125
85
924
2813
5228
9656
510
4654
4294
6098
1160
4441
4644
9223
2593
9605
5898
8125
7306
1796
3988
4758
4375
1716
3927
6079
4441
899
5914
3960
1297
3227
1519
8670
3071
6917
5233
6759
3425
2683
7187
3926
2030
4674
3153
2683
7568
8608
2720
2403
1640
400
609
3877
8541
6932
2518
3891
1461
2447
4374
8392
2145
7304
83
7508
8451
6043
4446
9441
9684
3016
7535
8247
456
846
4923
9773
896
914
3988
781
289
3919
45
112
1004
1947
1627
6720
1010
343
9111
3067
4307
6122
6838
8087
1726
1135
1428
1271
1556
562
7117
2568
926
8289
7179
8918
6645
4236
7114
7323
351
8398
4158
8028
5022
8715
5476
7453
1937
8989
5458
5820
9363
9808
5931
935
9915
1568
7397
8916
4855
8618
4576
3312
9057
6119
5786
8627
326
6487
7112
9045
6951
8763
993
7248
5372
836
4369
8095
6793
7832
3262
97
5710
2747
576
5411
7518
7719
7253
8222
3172
1987
866
1073
8028
1110
4135
117
342
604
5022
1039
7218
5460
9858
8615
3233
853
6430
5412
6180
862
5065
3282
6437
4396
8368
281
3541
8176
4125
9157
4217
7243
2314
1577
3714
6324
6700
8905
6392
7174
4838
4272
8461
1081
6114
7718
6730
9568
2956
6764
6713
8738
2498
4102
62
8927
998
6822
1514
8942
2642
5968
7988
3432
1788
3108
4785
768
1707
8621
3307
9020
5381
3024
7961
5460
5796
3137
4672
523
7013
7887
3473
3994
2895
780
2633
953
9211
1899
6624
393
5742
233
940
1638
7735
9447
591
2820
6013
123
575
2022
5766
408
9990
6896
2932
340
7890
7060
1536
108
4115
836
2888
922
1784
3649
8424
8023
781
1286
3174
4943
1461
6201
4208
8258
2839
8191
8853
2625
3406
5261
466
7211
4023
6868
9220
4122
3906
6200
6092
4130
2646
3380
9416
8202
4998
8326
6099
114
8080
8070
5100
3711
3018
8885
1408
5677
9663
5701
937
1386
17
1156
3227
6231
9400
3923
8355
6211
503
1610
8574
3626
5740
8235
9295
5128
4886
3764
1215
1659
8737
2012
4856
9559
1495
171
3980
8348
7102
2171
9485
975
3756
1654
3333
759
6348
4801
6257
2016
1058
8283
2350
3326
5489
3648
5316
9738
1725
1203
706
2047
3275
4628
6116
1296
1856
7895
384
6269
9584
7398
8082
6415
8549
1773
106
5708
4397
9261
8094
976
29
1714
8992
8232
7750
8278
5223
6529
7274
5656
2424
7405
5393
9720
4287
291
6322
2732
3506
5522
5028
5777
9704
5428
9409
1321
9598
597
7735
3545
9173
7424
5958
299
7488
3103
8358
2482
3287
819
6613
6140
3587
885
2304
